<?xml version='1.0' encoding='UTF-8'?>
<gpx version="1.1" creator="https://www.komoot.de" xmlns="http://www.topografix.com/GPX/1/1" xmlns:xsi="http://www.w3.org/2001/XMLSchema-instance" xsi:schemaLocation="http://www.topografix.com/GPX/1/1 http://www.topografix.com/GPX/1/1/gpx.xsd">
  <metadata>
    <name>Grand Tour HDF - Partie 9 - Calais / Dunkerque / St Omer</name>
    <author>
      <link href="https://www.komoot.de">
        <text>komoot</text>
        <type>text/html</type>
      </link>
    </author>
  </metadata>
  <trk>
    <name>Grand Tour HDF - Partie 9 - Calais / Dunkerque / St Omer</name>
    <trkseg>
      <trkpt lat="50.962202" lon="1.847316">
        <ele>3.617327</ele>
        <time>2025-12-15T19:31:48.073Z</time>
      </trkpt>
      <trkpt lat="50.962058" lon="1.847382">
        <ele>3.617327</ele>
        <time>2025-12-15T19:31:53.526Z</time>
      </trkpt>
      <trkpt lat="50.961636" lon="1.847580">
        <ele>3.617327</ele>
        <time>2025-12-15T19:32:10.512Z</time>
      </trkpt>
      <trkpt lat="50.961418" lon="1.847632">
        <ele>3.617327</ele>
        <time>2025-12-15T19:32:19.552Z</time>
      </trkpt>
      <trkpt lat="50.960888" lon="1.847876">
        <ele>4.323874</ele>
        <time>2025-12-15T19:32:42.294Z</time>
      </trkpt>
      <trkpt lat="50.960793" lon="1.847921">
        <ele>4.475200</ele>
        <time>2025-12-15T19:32:46.129Z</time>
      </trkpt>
      <trkpt lat="50.960693" lon="1.847970">
        <ele>4.634947</ele>
        <time>2025-12-15T19:32:50.063Z</time>
      </trkpt>
      <trkpt lat="50.960541" lon="1.848048">
        <ele>4.878781</ele>
        <time>2025-12-15T19:32:55.538Z</time>
      </trkpt>
      <trkpt lat="50.960507" lon="1.848049">
        <ele>4.930688</ele>
        <time>2025-12-15T19:32:56.618Z</time>
      </trkpt>
      <trkpt lat="50.960477" lon="1.848089">
        <ele>4.990487</ele>
        <time>2025-12-15T19:32:57.849Z</time>
      </trkpt>
      <trkpt lat="50.960473" lon="1.848151">
        <ele>5.050407</ele>
        <time>2025-12-15T19:32:59.063Z</time>
      </trkpt>
      <trkpt lat="50.960394" lon="1.848183">
        <ele>5.174858</ele>
        <time>2025-12-15T19:33:01.546Z</time>
      </trkpt>
      <trkpt lat="50.960243" lon="1.848280">
        <ele>5.423499</ele>
        <time>2025-12-15T19:33:06.511Z</time>
      </trkpt>
      <trkpt lat="50.959857" lon="1.848708">
        <ele>6.142167</ele>
        <time>2025-12-15T19:33:20.668Z</time>
      </trkpt>
      <trkpt lat="50.959591" lon="1.848863">
        <ele>6.372017</ele>
        <time>2025-12-15T19:33:28.975Z</time>
      </trkpt>
      <trkpt lat="50.959534" lon="1.848907">
        <ele>6.376218</ele>
        <time>2025-12-15T19:33:30.739Z</time>
      </trkpt>
      <trkpt lat="50.959514" lon="1.848925">
        <ele>6.377742</ele>
        <time>2025-12-15T19:33:31.360Z</time>
      </trkpt>
      <trkpt lat="50.959458" lon="1.848966">
        <ele>6.381830</ele>
        <time>2025-12-15T19:33:33.044Z</time>
      </trkpt>
      <trkpt lat="50.958995" lon="1.849222">
        <ele>6.414330</ele>
        <time>2025-12-15T19:33:46.191Z</time>
      </trkpt>
      <trkpt lat="50.958817" lon="1.849309">
        <ele>6.426677</ele>
        <time>2025-12-15T19:33:51.066Z</time>
      </trkpt>
      <trkpt lat="50.958395" lon="1.849347">
        <ele>6.454696</ele>
        <time>2025-12-15T19:34:02.468Z</time>
      </trkpt>
      <trkpt lat="50.957172" lon="1.849485">
        <ele>6.076194</ele>
        <time>2025-12-15T19:34:33.995Z</time>
      </trkpt>
      <trkpt lat="50.956733" lon="1.849595">
        <ele>5.854460</ele>
        <time>2025-12-15T19:34:44.633Z</time>
      </trkpt>
      <trkpt lat="50.956269" lon="1.849793">
        <ele>5.614746</ele>
        <time>2025-12-15T19:34:56.762Z</time>
      </trkpt>
      <trkpt lat="50.956167" lon="1.849775">
        <ele>5.567696</ele>
        <time>2025-12-15T19:34:59.294Z</time>
      </trkpt>
      <trkpt lat="50.955541" lon="1.850070">
        <ele>5.305913</ele>
        <time>2025-12-15T19:35:13.627Z</time>
      </trkpt>
      <trkpt lat="50.955472" lon="1.850105">
        <ele>5.276873</ele>
        <time>2025-12-15T19:35:15.271Z</time>
      </trkpt>
      <trkpt lat="50.955215" lon="1.850231">
        <ele>5.169042</ele>
        <time>2025-12-15T19:35:21.892Z</time>
      </trkpt>
      <trkpt lat="50.955067" lon="1.850349">
        <ele>5.102647</ele>
        <time>2025-12-15T19:35:26.657Z</time>
      </trkpt>
      <trkpt lat="50.954984" lon="1.850371">
        <ele>5.068912</ele>
        <time>2025-12-15T19:35:28.958Z</time>
      </trkpt>
      <trkpt lat="50.954907" lon="1.850346">
        <ele>5.037404</ele>
        <time>2025-12-15T19:35:31.383Z</time>
      </trkpt>
      <trkpt lat="50.954877" lon="1.850310">
        <ele>5.022327</ele>
        <time>2025-12-15T19:35:32.439Z</time>
      </trkpt>
      <trkpt lat="50.954805" lon="1.850285">
        <ele>4.992781</ele>
        <time>2025-12-15T19:35:34.491Z</time>
      </trkpt>
      <trkpt lat="50.954737" lon="1.850326">
        <ele>4.963620</ele>
        <time>2025-12-15T19:35:36.679Z</time>
      </trkpt>
      <trkpt lat="50.954684" lon="1.850472">
        <ele>4.921065</ele>
        <time>2025-12-15T19:35:39.735Z</time>
      </trkpt>
      <trkpt lat="50.954637" lon="1.850533">
        <ele>4.896727</ele>
        <time>2025-12-15T19:35:41.466Z</time>
      </trkpt>
      <trkpt lat="50.954601" lon="1.850549">
        <ele>4.881740</ele>
        <time>2025-12-15T19:35:42.382Z</time>
      </trkpt>
      <trkpt lat="50.954194" lon="1.850737">
        <ele>5.062771</ele>
        <time>2025-12-15T19:35:54.388Z</time>
      </trkpt>
      <trkpt lat="50.954128" lon="1.850768">
        <ele>5.098971</ele>
        <time>2025-12-15T19:35:56.293Z</time>
      </trkpt>
      <trkpt lat="50.954079" lon="1.850791">
        <ele>5.125846</ele>
        <time>2025-12-15T19:35:57.821Z</time>
      </trkpt>
      <trkpt lat="50.954029" lon="1.850817">
        <ele>5.153518</ele>
        <time>2025-12-15T19:35:59.225Z</time>
      </trkpt>
      <trkpt lat="50.953913" lon="1.850877">
        <ele>5.217684</ele>
        <time>2025-12-15T19:36:02.908Z</time>
      </trkpt>
      <trkpt lat="50.953785" lon="1.850973">
        <ele>5.292141</ele>
        <time>2025-12-15T19:36:07.402Z</time>
      </trkpt>
      <trkpt lat="50.953623" lon="1.851139">
        <ele>5.393553</ele>
        <time>2025-12-15T19:36:13.750Z</time>
      </trkpt>
      <trkpt lat="50.953325" lon="1.851468">
        <ele>5.584463</ele>
        <time>2025-12-15T19:36:25.795Z</time>
      </trkpt>
      <trkpt lat="50.953308" lon="1.851490">
        <ele>5.595999</ele>
        <time>2025-12-15T19:36:26.445Z</time>
      </trkpt>
      <trkpt lat="50.953162" lon="1.851669">
        <ele>5.693023</ele>
        <time>2025-12-15T19:36:31.332Z</time>
      </trkpt>
      <trkpt lat="50.953016" lon="1.851854">
        <ele>5.791275</ele>
        <time>2025-12-15T19:36:36.101Z</time>
      </trkpt>
      <trkpt lat="50.952929" lon="1.851911">
        <ele>5.799629</ele>
        <time>2025-12-15T19:36:38.455Z</time>
      </trkpt>
      <trkpt lat="50.952918" lon="1.851906">
        <ele>5.797704</ele>
        <time>2025-12-15T19:36:38.755Z</time>
      </trkpt>
      <trkpt lat="50.952836" lon="1.851907">
        <ele>5.783907</ele>
        <time>2025-12-15T19:36:40.818Z</time>
      </trkpt>
      <trkpt lat="50.952765" lon="1.851975">
        <ele>5.769956</ele>
        <time>2025-12-15T19:36:42.876Z</time>
      </trkpt>
      <trkpt lat="50.952725" lon="1.852129">
        <ele>5.752301</ele>
        <time>2025-12-15T19:36:45.469Z</time>
      </trkpt>
      <trkpt lat="50.952750" lon="1.852274">
        <ele>5.736367</ele>
        <time>2025-12-15T19:36:47.816Z</time>
      </trkpt>
      <trkpt lat="50.952824" lon="1.852368">
        <ele>5.720422</ele>
        <time>2025-12-15T19:36:50.115Z</time>
      </trkpt>
      <trkpt lat="50.952886" lon="1.852383">
        <ele>5.709870</ele>
        <time>2025-12-15T19:36:51.722Z</time>
      </trkpt>
      <trkpt lat="50.952992" lon="1.852522">
        <ele>5.686738</ele>
        <time>2025-12-15T19:36:55.237Z</time>
      </trkpt>
      <trkpt lat="50.953000" lon="1.852561">
        <ele>5.682391</ele>
        <time>2025-12-15T19:36:55.898Z</time>
      </trkpt>
      <trkpt lat="50.953222" lon="1.853762">
        <ele>5.549734</ele>
        <time>2025-12-15T19:37:17.170Z</time>
      </trkpt>
      <trkpt lat="50.953162" lon="1.853797">
        <ele>5.538980</ele>
        <time>2025-12-15T19:37:18.880Z</time>
      </trkpt>
      <trkpt lat="50.953196" lon="1.853973">
        <ele>5.519469</ele>
        <time>2025-12-15T19:37:22.051Z</time>
      </trkpt>
      <trkpt lat="50.953299" lon="1.854421">
        <ele>5.212465</ele>
        <time>2025-12-15T19:37:29.599Z</time>
      </trkpt>
      <trkpt lat="50.953453" lon="1.854923">
        <ele>4.754586</ele>
        <time>2025-12-15T19:37:37.573Z</time>
      </trkpt>
      <trkpt lat="50.953502" lon="1.855046">
        <ele>4.635245</ele>
        <time>2025-12-15T19:37:39.695Z</time>
      </trkpt>
      <trkpt lat="50.953685" lon="1.855632">
        <ele>4.098896</ele>
        <time>2025-12-15T19:37:48.776Z</time>
      </trkpt>
      <trkpt lat="50.953722" lon="1.855952">
        <ele>3.832101</ele>
        <time>2025-12-15T19:37:53.209Z</time>
      </trkpt>
      <trkpt lat="50.953747" lon="1.856195">
        <ele>3.630193</ele>
        <time>2025-12-15T19:37:56.500Z</time>
      </trkpt>
      <trkpt lat="50.953798" lon="1.856538">
        <ele>3.341192</ele>
        <time>2025-12-15T19:38:01.205Z</time>
      </trkpt>
      <trkpt lat="50.954099" lon="1.857237">
        <ele>2.880676</ele>
        <time>2025-12-15T19:38:12.506Z</time>
      </trkpt>
      <trkpt lat="50.954001" lon="1.857387">
        <ele>2.783338</ele>
        <time>2025-12-15T19:38:15.640Z</time>
      </trkpt>
      <trkpt lat="50.953426" lon="1.857934">
        <ele>2.304033</ele>
        <time>2025-12-15T19:38:32.817Z</time>
      </trkpt>
      <trkpt lat="50.953323" lon="1.857931">
        <ele>2.230375</ele>
        <time>2025-12-15T19:38:35.710Z</time>
      </trkpt>
      <trkpt lat="50.953143" lon="1.858152">
        <ele>2.067668</ele>
        <time>2025-12-15T19:38:42.142Z</time>
      </trkpt>
      <trkpt lat="50.952985" lon="1.858273">
        <ele>1.942237</ele>
        <time>2025-12-15T19:38:46.955Z</time>
      </trkpt>
      <trkpt lat="50.952332" lon="1.858943">
        <ele>1.774154</ele>
        <time>2025-12-15T19:39:07.798Z</time>
      </trkpt>
      <trkpt lat="50.951319" lon="1.859991">
        <ele>1.598887</ele>
        <time>2025-12-15T19:39:38.639Z</time>
      </trkpt>
      <trkpt lat="50.950622" lon="1.860705">
        <ele>1.550383</ele>
        <time>2025-12-15T19:39:59.654Z</time>
      </trkpt>
      <trkpt lat="50.950533" lon="1.860775">
        <ele>1.544576</ele>
        <time>2025-12-15T19:40:02.218Z</time>
      </trkpt>
      <trkpt lat="50.950261" lon="1.860885">
        <ele>1.528164</ele>
        <time>2025-12-15T19:40:09.618Z</time>
      </trkpt>
      <trkpt lat="50.949695" lon="1.861474">
        <ele>1.591651</ele>
        <time>2025-12-15T19:40:28.880Z</time>
      </trkpt>
      <trkpt lat="50.949589" lon="1.861705">
        <ele>1.679781</ele>
        <time>2025-12-15T19:40:34.157Z</time>
      </trkpt>
      <trkpt lat="50.949507" lon="1.861779">
        <ele>1.725954</ele>
        <time>2025-12-15T19:40:36.931Z</time>
      </trkpt>
      <trkpt lat="50.949471" lon="1.861759">
        <ele>1.744624</ele>
        <time>2025-12-15T19:40:38.017Z</time>
      </trkpt>
      <trkpt lat="50.949387" lon="1.861800">
        <ele>1.787642</ele>
        <time>2025-12-15T19:40:42.130Z</time>
      </trkpt>
      <trkpt lat="50.949374" lon="1.861824">
        <ele>1.797403</ele>
        <time>2025-12-15T19:40:43.088Z</time>
      </trkpt>
      <trkpt lat="50.949354" lon="1.861933">
        <ele>1.832414</ele>
        <time>2025-12-15T19:40:45.159Z</time>
      </trkpt>
      <trkpt lat="50.949376" lon="1.862021">
        <ele>1.861611</ele>
        <time>2025-12-15T19:40:46.891Z</time>
      </trkpt>
      <trkpt lat="50.949394" lon="1.862049">
        <ele>1.873947</ele>
        <time>2025-12-15T19:40:47.643Z</time>
      </trkpt>
      <trkpt lat="50.949431" lon="1.862210">
        <ele>1.926798</ele>
        <time>2025-12-15T19:40:50.793Z</time>
      </trkpt>
      <trkpt lat="50.949468" lon="1.862459">
        <ele>2.005693</ele>
        <time>2025-12-15T19:40:55.597Z</time>
      </trkpt>
      <trkpt lat="50.949787" lon="1.864556">
        <ele>2.389073</ele>
        <time>2025-12-15T19:41:35.149Z</time>
      </trkpt>
      <trkpt lat="50.949857" lon="1.865022">
        <ele>2.393668</ele>
        <time>2025-12-15T19:41:43.205Z</time>
      </trkpt>
      <trkpt lat="50.949966" lon="1.865736">
        <ele>2.400715</ele>
        <time>2025-12-15T19:41:54.928Z</time>
      </trkpt>
      <trkpt lat="50.950096" lon="1.866594">
        <ele>2.401718</ele>
        <time>2025-12-15T19:42:08.943Z</time>
      </trkpt>
      <trkpt lat="50.950117" lon="1.866729">
        <ele>2.397433</ele>
        <time>2025-12-15T19:42:11.177Z</time>
      </trkpt>
      <trkpt lat="50.950193" lon="1.867227">
        <ele>2.381640</ele>
        <time>2025-12-15T19:42:19.588Z</time>
      </trkpt>
      <trkpt lat="50.950226" lon="1.867446">
        <ele>2.374700</ele>
        <time>2025-12-15T19:42:23.380Z</time>
      </trkpt>
      <trkpt lat="50.950248" lon="1.867589">
        <ele>2.370164</ele>
        <time>2025-12-15T19:42:25.879Z</time>
      </trkpt>
      <trkpt lat="50.950424" lon="1.868753">
        <ele>2.333271</ele>
        <time>2025-12-15T19:42:46.126Z</time>
      </trkpt>
      <trkpt lat="50.950445" lon="1.868888">
        <ele>2.328985</ele>
        <time>2025-12-15T19:42:48.540Z</time>
      </trkpt>
      <trkpt lat="50.950534" lon="1.869474">
        <ele>2.329370</ele>
        <time>2025-12-15T19:42:58.815Z</time>
      </trkpt>
      <trkpt lat="50.950549" lon="1.869573">
        <ele>2.332836</ele>
        <time>2025-12-15T19:43:00.540Z</time>
      </trkpt>
      <trkpt lat="50.950691" lon="1.870504">
        <ele>2.365444</ele>
        <time>2025-12-15T19:43:16.846Z</time>
      </trkpt>
      <trkpt lat="50.950779" lon="1.871095">
        <ele>2.386117</ele>
        <time>2025-12-15T19:43:27.335Z</time>
      </trkpt>
      <trkpt lat="50.950955" lon="1.872246">
        <ele>2.415675</ele>
        <time>2025-12-15T19:43:46.815Z</time>
      </trkpt>
      <trkpt lat="50.950982" lon="1.872421">
        <ele>2.415094</ele>
        <time>2025-12-15T19:43:49.864Z</time>
      </trkpt>
      <trkpt lat="50.951007" lon="1.872585">
        <ele>2.414549</ele>
        <time>2025-12-15T19:43:52.747Z</time>
      </trkpt>
      <trkpt lat="50.951100" lon="1.873199">
        <ele>2.412512</ele>
        <time>2025-12-15T19:44:03.822Z</time>
      </trkpt>
      <trkpt lat="50.951116" lon="1.873306">
        <ele>2.412157</ele>
        <time>2025-12-15T19:44:05.750Z</time>
      </trkpt>
      <trkpt lat="50.951181" lon="1.873730">
        <ele>2.410749</ele>
        <time>2025-12-15T19:44:13.268Z</time>
      </trkpt>
      <trkpt lat="50.951297" lon="1.874494">
        <ele>2.408213</ele>
        <time>2025-12-15T19:44:26.214Z</time>
      </trkpt>
      <trkpt lat="50.951329" lon="1.874701">
        <ele>2.407525</ele>
        <time>2025-12-15T19:44:29.696Z</time>
      </trkpt>
      <trkpt lat="50.951434" lon="1.875481">
        <ele>2.321347</ele>
        <time>2025-12-15T19:44:42.645Z</time>
      </trkpt>
      <trkpt lat="50.951572" lon="1.876402">
        <ele>2.213745</ele>
        <time>2025-12-15T19:44:58.170Z</time>
      </trkpt>
      <trkpt lat="50.951604" lon="1.876655">
        <ele>2.184415</ele>
        <time>2025-12-15T19:45:02.320Z</time>
      </trkpt>
      <trkpt lat="50.951663" lon="1.877144">
        <ele>2.127825</ele>
        <time>2025-12-15T19:45:10.298Z</time>
      </trkpt>
      <trkpt lat="50.951668" lon="1.877393">
        <ele>2.099509</ele>
        <time>2025-12-15T19:45:14.287Z</time>
      </trkpt>
      <trkpt lat="50.951680" lon="1.877598">
        <ele>2.079789</ele>
        <time>2025-12-15T19:45:17.604Z</time>
      </trkpt>
      <trkpt lat="50.951690" lon="1.877682">
        <ele>2.075352</ele>
        <time>2025-12-15T19:45:18.967Z</time>
      </trkpt>
      <trkpt lat="50.951695" lon="1.877723">
        <ele>2.073184</ele>
        <time>2025-12-15T19:45:19.649Z</time>
      </trkpt>
      <trkpt lat="50.951703" lon="1.877797">
        <ele>2.069287</ele>
        <time>2025-12-15T19:45:20.860Z</time>
      </trkpt>
      <trkpt lat="50.951742" lon="1.877792">
        <ele>2.066064</ele>
        <time>2025-12-15T19:45:21.907Z</time>
      </trkpt>
      <trkpt lat="50.951762" lon="1.877833">
        <ele>2.063372</ele>
        <time>2025-12-15T19:45:22.771Z</time>
      </trkpt>
      <trkpt lat="50.952164" lon="1.880437">
        <ele>1.916398</ele>
        <time>2025-12-15T19:46:09.526Z</time>
      </trkpt>
      <trkpt lat="50.952198" lon="1.880653">
        <ele>1.896211</ele>
        <time>2025-12-15T19:46:13.457Z</time>
      </trkpt>
      <trkpt lat="50.952442" lon="1.882232">
        <ele>1.748799</ele>
        <time>2025-12-15T19:46:41.381Z</time>
      </trkpt>
      <trkpt lat="50.952478" lon="1.882218">
        <ele>1.743464</ele>
        <time>2025-12-15T19:46:42.667Z</time>
      </trkpt>
      <trkpt lat="50.952616" lon="1.882162">
        <ele>1.722963</ele>
        <time>2025-12-15T19:46:47.516Z</time>
      </trkpt>
      <trkpt lat="50.952645" lon="1.882148">
        <ele>1.718601</ele>
        <time>2025-12-15T19:46:48.322Z</time>
      </trkpt>
      <trkpt lat="50.952770" lon="1.882918">
        <ele>1.624701</ele>
        <time>2025-12-15T19:47:01.093Z</time>
      </trkpt>
      <trkpt lat="50.953258" lon="1.884275">
        <ele>1.377666</ele>
        <time>2025-12-15T19:47:26.128Z</time>
      </trkpt>
      <trkpt lat="50.953185" lon="1.884469">
        <ele>1.341940</ele>
        <time>2025-12-15T19:47:29.962Z</time>
      </trkpt>
      <trkpt lat="50.953174" lon="1.884638">
        <ele>1.315080</ele>
        <time>2025-12-15T19:47:32.857Z</time>
      </trkpt>
      <trkpt lat="50.953182" lon="1.884712">
        <ele>1.303209</ele>
        <time>2025-12-15T19:47:34.133Z</time>
      </trkpt>
      <trkpt lat="50.953257" lon="1.884923">
        <ele>1.264907</ele>
        <time>2025-12-15T19:47:38.225Z</time>
      </trkpt>
      <trkpt lat="50.953388" lon="1.885043">
        <ele>1.226949</ele>
        <time>2025-12-15T19:47:42.307Z</time>
      </trkpt>
      <trkpt lat="50.953377" lon="1.885902">
        <ele>1.101768</ele>
        <time>2025-12-15T19:47:56.765Z</time>
      </trkpt>
      <trkpt lat="50.953648" lon="1.887641">
        <ele>0.841181</ele>
        <time>2025-12-15T19:48:26.621Z</time>
      </trkpt>
      <trkpt lat="50.953682" lon="1.888124">
        <ele>0.834357</ele>
        <time>2025-12-15T19:48:35.020Z</time>
      </trkpt>
      <trkpt lat="50.953771" lon="1.888464">
        <ele>0.869403</ele>
        <time>2025-12-15T19:48:41.494Z</time>
      </trkpt>
      <trkpt lat="50.953979" lon="1.889842">
        <ele>1.004285</ele>
        <time>2025-12-15T19:49:07.175Z</time>
      </trkpt>
      <trkpt lat="50.954074" lon="1.891087">
        <ele>1.116463</ele>
        <time>2025-12-15T19:49:30.503Z</time>
      </trkpt>
      <trkpt lat="50.954081" lon="1.891162">
        <ele>1.122466</ele>
        <time>2025-12-15T19:49:31.900Z</time>
      </trkpt>
      <trkpt lat="50.954161" lon="1.891725">
        <ele>1.168161</ele>
        <time>2025-12-15T19:49:42.405Z</time>
      </trkpt>
      <trkpt lat="50.954197" lon="1.891901">
        <ele>1.182812</ele>
        <time>2025-12-15T19:49:45.750Z</time>
      </trkpt>
      <trkpt lat="50.954455" lon="1.892915">
        <ele>1.269397</ele>
        <time>2025-12-15T19:50:05.051Z</time>
      </trkpt>
      <trkpt lat="50.954485" lon="1.893205">
        <ele>1.292665</ele>
        <time>2025-12-15T19:50:10.154Z</time>
      </trkpt>
      <trkpt lat="50.954568" lon="1.893568">
        <ele>1.288965</ele>
        <time>2025-12-15T19:50:16.779Z</time>
      </trkpt>
      <trkpt lat="50.954691" lon="1.894343">
        <ele>1.219181</ele>
        <time>2025-12-15T19:50:30.330Z</time>
      </trkpt>
      <trkpt lat="50.954717" lon="1.894705">
        <ele>1.187368</ele>
        <time>2025-12-15T19:50:36.510Z</time>
      </trkpt>
      <trkpt lat="50.954804" lon="1.895059">
        <ele>1.154189</ele>
        <time>2025-12-15T19:50:42.955Z</time>
      </trkpt>
      <trkpt lat="50.955050" lon="1.896636">
        <ele>1.036008</ele>
        <time>2025-12-15T19:51:10.942Z</time>
      </trkpt>
      <trkpt lat="50.955311" lon="1.897656">
        <ele>0.990120</ele>
        <time>2025-12-15T19:51:30.505Z</time>
      </trkpt>
      <trkpt lat="50.955393" lon="1.898161">
        <ele>0.968383</ele>
        <time>2025-12-15T19:51:39.332Z</time>
      </trkpt>
      <trkpt lat="50.955410" lon="1.898266">
        <ele>0.963865</ele>
        <time>2025-12-15T19:51:41.194Z</time>
      </trkpt>
      <trkpt lat="50.955324" lon="1.898472">
        <ele>0.953564</ele>
        <time>2025-12-15T19:51:45.348Z</time>
      </trkpt>
      <trkpt lat="50.955307" lon="1.898593">
        <ele>0.948397</ele>
        <time>2025-12-15T19:51:47.416Z</time>
      </trkpt>
      <trkpt lat="50.955314" lon="1.898778">
        <ele>0.940672</ele>
        <time>2025-12-15T19:51:50.584Z</time>
      </trkpt>
      <trkpt lat="50.955388" lon="1.899002">
        <ele>0.910691</ele>
        <time>2025-12-15T19:51:54.856Z</time>
      </trkpt>
      <trkpt lat="50.955481" lon="1.899119">
        <ele>0.884862</ele>
        <time>2025-12-15T19:51:58.094Z</time>
      </trkpt>
      <trkpt lat="50.955556" lon="1.899165">
        <ele>0.867361</ele>
        <time>2025-12-15T19:52:00.227Z</time>
      </trkpt>
      <trkpt lat="50.955573" lon="1.899274">
        <ele>0.851965</ele>
        <time>2025-12-15T19:52:02.178Z</time>
      </trkpt>
      <trkpt lat="50.955647" lon="1.899798">
        <ele>0.778334</ele>
        <time>2025-12-15T19:52:11.174Z</time>
      </trkpt>
      <trkpt lat="50.955705" lon="1.900886">
        <ele>0.628621</ele>
        <time>2025-12-15T19:52:29.020Z</time>
      </trkpt>
      <trkpt lat="50.955918" lon="1.902284">
        <ele>0.781020</ele>
        <time>2025-12-15T19:52:54.430Z</time>
      </trkpt>
      <trkpt lat="50.955991" lon="1.902718">
        <ele>0.905534</ele>
        <time>2025-12-15T19:53:02.824Z</time>
      </trkpt>
      <trkpt lat="50.956215" lon="1.903481">
        <ele>1.138869</ele>
        <time>2025-12-15T19:53:19.076Z</time>
      </trkpt>
      <trkpt lat="50.956274" lon="1.904024">
        <ele>1.291604</ele>
        <time>2025-12-15T19:53:30.071Z</time>
      </trkpt>
      <trkpt lat="50.956280" lon="1.904489">
        <ele>1.413981</ele>
        <time>2025-12-15T19:53:39.590Z</time>
      </trkpt>
      <trkpt lat="50.956252" lon="1.904542">
        <ele>1.431624</ele>
        <time>2025-12-15T19:53:41.024Z</time>
      </trkpt>
      <trkpt lat="50.956115" lon="1.904540">
        <ele>1.487099</ele>
        <time>2025-12-15T19:53:45.452Z</time>
      </trkpt>
      <trkpt lat="50.955905" lon="1.904633">
        <ele>1.575376</ele>
        <time>2025-12-15T19:53:52.455Z</time>
      </trkpt>
      <trkpt lat="50.955756" lon="1.904774">
        <ele>1.645613</ele>
        <time>2025-12-15T19:53:57.894Z</time>
      </trkpt>
      <trkpt lat="50.955639" lon="1.904991">
        <ele>1.718468</ele>
        <time>2025-12-15T19:54:03.363Z</time>
      </trkpt>
      <trkpt lat="50.955564" lon="1.905236">
        <ele>1.787946</ele>
        <time>2025-12-15T19:54:08.356Z</time>
      </trkpt>
      <trkpt lat="50.955529" lon="1.905501">
        <ele>1.857007</ele>
        <time>2025-12-15T19:54:13.092Z</time>
      </trkpt>
      <trkpt lat="50.955531" lon="1.905682">
        <ele>1.903180</ele>
        <time>2025-12-15T19:54:16.191Z</time>
      </trkpt>
      <trkpt lat="50.955554" lon="1.905861">
        <ele>1.949776</ele>
        <time>2025-12-15T19:54:19.303Z</time>
      </trkpt>
      <trkpt lat="50.955637" lon="1.906138">
        <ele>2.028014</ele>
        <time>2025-12-15T19:54:24.644Z</time>
      </trkpt>
      <trkpt lat="50.955731" lon="1.906321">
        <ele>2.061067</ele>
        <time>2025-12-15T19:54:28.726Z</time>
      </trkpt>
      <trkpt lat="50.955874" lon="1.906487">
        <ele>2.041588</ele>
        <time>2025-12-15T19:54:33.555Z</time>
      </trkpt>
      <trkpt lat="50.955918" lon="1.906521">
        <ele>2.036207</ele>
        <time>2025-12-15T19:54:34.883Z</time>
      </trkpt>
      <trkpt lat="50.956071" lon="1.906593">
        <ele>2.018661</ele>
        <time>2025-12-15T19:54:39.216Z</time>
      </trkpt>
      <trkpt lat="50.956108" lon="1.906594">
        <ele>2.014592</ele>
        <time>2025-12-15T19:54:40.266Z</time>
      </trkpt>
      <trkpt lat="50.956051" lon="1.906692">
        <ele>2.005353</ele>
        <time>2025-12-15T19:54:42.456Z</time>
      </trkpt>
      <trkpt lat="50.956019" lon="1.906836">
        <ele>1.994777</ele>
        <time>2025-12-15T19:54:44.961Z</time>
      </trkpt>
      <trkpt lat="50.955894" lon="1.907738">
        <ele>1.930809</ele>
        <time>2025-12-15T19:54:59.892Z</time>
      </trkpt>
      <trkpt lat="50.955863" lon="1.908483">
        <ele>1.879096</ele>
        <time>2025-12-15T19:55:12.380Z</time>
      </trkpt>
      <trkpt lat="50.956001" lon="1.908915">
        <ele>1.824562</ele>
        <time>2025-12-15T19:55:20.522Z</time>
      </trkpt>
      <trkpt lat="50.956122" lon="1.909207">
        <ele>1.778787</ele>
        <time>2025-12-15T19:55:26.238Z</time>
      </trkpt>
      <trkpt lat="50.956227" lon="1.909561">
        <ele>1.727542</ele>
        <time>2025-12-15T19:55:32.577Z</time>
      </trkpt>
      <trkpt lat="50.956476" lon="1.910435">
        <ele>1.601913</ele>
        <time>2025-12-15T19:55:47.811Z</time>
      </trkpt>
      <trkpt lat="50.956590" lon="1.910775">
        <ele>1.551469</ele>
        <time>2025-12-15T19:55:53.931Z</time>
      </trkpt>
      <trkpt lat="50.956676" lon="1.910946">
        <ele>1.522812</ele>
        <time>2025-12-15T19:55:57.441Z</time>
      </trkpt>
      <trkpt lat="50.956702" lon="1.911516">
        <ele>1.488109</ele>
        <time>2025-12-15T19:56:06.705Z</time>
      </trkpt>
      <trkpt lat="50.956755" lon="1.911493">
        <ele>1.486406</ele>
        <time>2025-12-15T19:56:08.131Z</time>
      </trkpt>
      <trkpt lat="50.956820" lon="1.911475">
        <ele>1.484361</ele>
        <time>2025-12-15T19:56:11.051Z</time>
      </trkpt>
      <trkpt lat="50.956915" lon="1.911527">
        <ele>1.481247</ele>
        <time>2025-12-15T19:56:15.475Z</time>
      </trkpt>
      <trkpt lat="50.956996" lon="1.911643">
        <ele>1.477866</ele>
        <time>2025-12-15T19:56:20.306Z</time>
      </trkpt>
      <trkpt lat="50.957034" lon="1.911755">
        <ele>1.475383</ele>
        <time>2025-12-15T19:56:23.882Z</time>
      </trkpt>
      <trkpt lat="50.957736" lon="1.916299">
        <ele>1.442424</ele>
        <time>2025-12-15T19:58:35.775Z</time>
      </trkpt>
      <trkpt lat="50.957777" lon="1.916282">
        <ele>1.435620</ele>
        <time>2025-12-15T19:58:37.598Z</time>
      </trkpt>
      <trkpt lat="50.957948" lon="1.916213">
        <ele>1.395086</ele>
        <time>2025-12-15T19:58:45.275Z</time>
      </trkpt>
      <trkpt lat="50.957976" lon="1.916203">
        <ele>1.388493</ele>
        <time>2025-12-15T19:58:46.003Z</time>
      </trkpt>
      <trkpt lat="50.958097" lon="1.916886">
        <ele>1.285822</ele>
        <time>2025-12-15T19:58:57.413Z</time>
      </trkpt>
      <trkpt lat="50.958097" lon="1.917046">
        <ele>1.262669</ele>
        <time>2025-12-15T19:58:59.978Z</time>
      </trkpt>
      <trkpt lat="50.958422" lon="1.919174">
        <ele>1.041151</ele>
        <time>2025-12-15T19:59:35.144Z</time>
      </trkpt>
      <trkpt lat="50.958479" lon="1.919739">
        <ele>1.052983</ele>
        <time>2025-12-15T19:59:44.541Z</time>
      </trkpt>
      <trkpt lat="50.959582" lon="1.926907">
        <ele>1.257847</ele>
        <time>2025-12-15T20:01:50.467Z</time>
      </trkpt>
      <trkpt lat="50.960073" lon="1.930193">
        <ele>1.102773</ele>
        <time>2025-12-15T20:02:46.128Z</time>
      </trkpt>
      <trkpt lat="50.960261" lon="1.931250">
        <ele>1.055381</ele>
        <time>2025-12-15T20:03:04.421Z</time>
      </trkpt>
      <trkpt lat="50.960275" lon="1.931518">
        <ele>1.043777</ele>
        <time>2025-12-15T20:03:08.928Z</time>
      </trkpt>
      <trkpt lat="50.960261" lon="1.931663">
        <ele>1.037448</ele>
        <time>2025-12-15T20:03:11.385Z</time>
      </trkpt>
      <trkpt lat="50.959482" lon="1.935085">
        <ele>1.023040</ele>
        <time>2025-12-15T20:04:12.589Z</time>
      </trkpt>
      <trkpt lat="50.958389" lon="1.939797">
        <ele>1.270729</ele>
        <time>2025-12-15T20:05:38.195Z</time>
      </trkpt>
      <trkpt lat="50.958371" lon="1.939872">
        <ele>1.274400</ele>
        <time>2025-12-15T20:05:39.541Z</time>
      </trkpt>
      <trkpt lat="50.958355" lon="1.939941">
        <ele>1.277763</ele>
        <time>2025-12-15T20:05:40.777Z</time>
      </trkpt>
      <trkpt lat="50.955307" lon="1.953173">
        <ele>1.491120</ele>
        <time>2025-12-15T20:09:38.495Z</time>
      </trkpt>
      <trkpt lat="50.955347" lon="1.953324">
        <ele>1.492737</ele>
        <time>2025-12-15T20:09:42.155Z</time>
      </trkpt>
      <trkpt lat="50.955383" lon="1.953720">
        <ele>1.496688</ele>
        <time>2025-12-15T20:09:51.102Z</time>
      </trkpt>
      <trkpt lat="50.955525" lon="1.954272">
        <ele>1.487694</ele>
        <time>2025-12-15T20:10:04.417Z</time>
      </trkpt>
      <trkpt lat="50.956396" lon="1.955836">
        <ele>1.422013</ele>
        <time>2025-12-15T20:10:50.470Z</time>
      </trkpt>
      <trkpt lat="50.956142" lon="1.955910">
        <ele>1.409118</ele>
        <time>2025-12-15T20:10:57.341Z</time>
      </trkpt>
      <trkpt lat="50.956013" lon="1.955997">
        <ele>1.402442</ele>
        <time>2025-12-15T20:11:01.086Z</time>
      </trkpt>
      <trkpt lat="50.956069" lon="1.956109">
        <ele>1.398152</ele>
        <time>2025-12-15T20:11:03.511Z</time>
      </trkpt>
      <trkpt lat="50.956103" lon="1.956296">
        <ele>1.392312</ele>
        <time>2025-12-15T20:11:06.818Z</time>
      </trkpt>
      <trkpt lat="50.956115" lon="1.956670">
        <ele>1.381076</ele>
        <time>2025-12-15T20:11:13.247Z</time>
      </trkpt>
      <trkpt lat="50.956084" lon="1.957413">
        <ele>1.358734</ele>
        <time>2025-12-15T20:11:26.176Z</time>
      </trkpt>
      <trkpt lat="50.956116" lon="1.957715">
        <ele>1.349545</ele>
        <time>2025-12-15T20:11:31.466Z</time>
      </trkpt>
      <trkpt lat="50.956207" lon="1.958002">
        <ele>1.339904</ele>
        <time>2025-12-15T20:11:37.033Z</time>
      </trkpt>
      <trkpt lat="50.956382" lon="1.958297">
        <ele>1.327746</ele>
        <time>2025-12-15T20:11:44.107Z</time>
      </trkpt>
      <trkpt lat="50.956455" lon="1.958409">
        <ele>1.322984</ele>
        <time>2025-12-15T20:11:47.005Z</time>
      </trkpt>
      <trkpt lat="50.956632" lon="1.958545">
        <ele>1.314763</ele>
        <time>2025-12-15T20:11:52.595Z</time>
      </trkpt>
      <trkpt lat="50.957115" lon="1.958769">
        <ele>1.293728</ele>
        <time>2025-12-15T20:12:06.992Z</time>
      </trkpt>
      <trkpt lat="50.958079" lon="1.959674">
        <ele>1.244875</ele>
        <time>2025-12-15T20:12:37.577Z</time>
      </trkpt>
      <trkpt lat="50.958572" lon="1.959965">
        <ele>1.191153</ele>
        <time>2025-12-15T20:12:51.586Z</time>
      </trkpt>
      <trkpt lat="50.959031" lon="1.960319">
        <ele>1.139034</ele>
        <time>2025-12-15T20:13:05.359Z</time>
      </trkpt>
      <trkpt lat="50.959282" lon="1.960381">
        <ele>1.113089</ele>
        <time>2025-12-15T20:13:12.255Z</time>
      </trkpt>
      <trkpt lat="50.960944" lon="1.960546">
        <ele>1.200790</ele>
        <time>2025-12-15T20:13:59.620Z</time>
      </trkpt>
      <trkpt lat="50.961303" lon="1.960709">
        <ele>1.243496</ele>
        <time>2025-12-15T20:14:10.254Z</time>
      </trkpt>
      <trkpt lat="50.961695" lon="1.961078">
        <ele>1.265660</ele>
        <time>2025-12-15T20:14:23.040Z</time>
      </trkpt>
      <trkpt lat="50.961881" lon="1.961347">
        <ele>1.260344</ele>
        <time>2025-12-15T20:14:30.035Z</time>
      </trkpt>
      <trkpt lat="50.962077" lon="1.961740">
        <ele>1.253672</ele>
        <time>2025-12-15T20:14:38.770Z</time>
      </trkpt>
      <trkpt lat="50.962719" lon="1.963567">
        <ele>1.235251</ele>
        <time>2025-12-15T20:15:15.068Z</time>
      </trkpt>
      <trkpt lat="50.965609" lon="1.972062">
        <ele>1.315873</ele>
        <time>2025-12-15T20:18:04.348Z</time>
      </trkpt>
      <trkpt lat="50.965753" lon="1.972328">
        <ele>1.323039</ele>
        <time>2025-12-15T20:18:10.530Z</time>
      </trkpt>
      <trkpt lat="50.965756" lon="1.974640">
        <ele>1.409709</ele>
        <time>2025-12-15T20:18:51.515Z</time>
      </trkpt>
      <trkpt lat="50.965742" lon="1.975488">
        <ele>1.451236</ele>
        <time>2025-12-15T20:19:06.497Z</time>
      </trkpt>
      <trkpt lat="50.965702" lon="1.975730">
        <ele>1.463484</ele>
        <time>2025-12-15T20:19:10.939Z</time>
      </trkpt>
      <trkpt lat="50.965642" lon="1.975838">
        <ele>1.470534</ele>
        <time>2025-12-15T20:19:13.492Z</time>
      </trkpt>
      <trkpt lat="50.965391" lon="1.976113">
        <ele>1.488786</ele>
        <time>2025-12-15T20:19:22.226Z</time>
      </trkpt>
      <trkpt lat="50.965487" lon="1.976598">
        <ele>1.502731</ele>
        <time>2025-12-15T20:19:31.496Z</time>
      </trkpt>
      <trkpt lat="50.965600" lon="1.977381">
        <ele>1.524766</ele>
        <time>2025-12-15T20:19:45.806Z</time>
      </trkpt>
      <trkpt lat="50.965699" lon="1.977873">
        <ele>1.538933</ele>
        <time>2025-12-15T20:19:54.898Z</time>
      </trkpt>
      <trkpt lat="50.965787" lon="1.978165">
        <ele>1.547813</ele>
        <time>2025-12-15T20:20:00.570Z</time>
      </trkpt>
      <trkpt lat="50.965868" lon="1.978329">
        <ele>1.553530</ele>
        <time>2025-12-15T20:20:04.187Z</time>
      </trkpt>
      <trkpt lat="50.966005" lon="1.978454">
        <ele>1.559180</ele>
        <time>2025-12-15T20:20:08.502Z</time>
      </trkpt>
      <trkpt lat="50.966634" lon="1.978682">
        <ele>1.439735</ele>
        <time>2025-12-15T20:20:25.873Z</time>
      </trkpt>
      <trkpt lat="50.967027" lon="1.978947">
        <ele>1.360689</ele>
        <time>2025-12-15T20:20:37.136Z</time>
      </trkpt>
      <trkpt lat="50.967233" lon="1.979213">
        <ele>1.311533</ele>
        <time>2025-12-15T20:20:44.231Z</time>
      </trkpt>
      <trkpt lat="50.967555" lon="1.979912">
        <ele>1.221253</ele>
        <time>2025-12-15T20:20:58.954Z</time>
      </trkpt>
      <trkpt lat="50.967720" lon="1.980119">
        <ele>1.207358</ele>
        <time>2025-12-15T20:21:04.699Z</time>
      </trkpt>
      <trkpt lat="50.968290" lon="1.980389">
        <ele>1.168056</ele>
        <time>2025-12-15T20:21:21.119Z</time>
      </trkpt>
      <trkpt lat="50.968463" lon="1.980443">
        <ele>1.156407</ele>
        <time>2025-12-15T20:21:26.031Z</time>
      </trkpt>
      <trkpt lat="50.968597" lon="1.980439">
        <ele>1.147551</ele>
        <time>2025-12-15T20:21:29.762Z</time>
      </trkpt>
      <trkpt lat="50.968727" lon="1.980376">
        <ele>1.138570</ele>
        <time>2025-12-15T20:21:33.543Z</time>
      </trkpt>
      <trkpt lat="50.968831" lon="1.980266">
        <ele>1.130314</ele>
        <time>2025-12-15T20:21:37.017Z</time>
      </trkpt>
      <trkpt lat="50.969036" lon="1.979788">
        <ele>1.102416</ele>
        <time>2025-12-15T20:21:47.159Z</time>
      </trkpt>
      <trkpt lat="50.969131" lon="1.979641">
        <ele>1.077595</ele>
        <time>2025-12-15T20:21:50.865Z</time>
      </trkpt>
      <trkpt lat="50.969234" lon="1.979548">
        <ele>1.055422</ele>
        <time>2025-12-15T20:21:54.178Z</time>
      </trkpt>
      <trkpt lat="50.969401" lon="1.979497">
        <ele>1.023599</ele>
        <time>2025-12-15T20:21:58.929Z</time>
      </trkpt>
      <trkpt lat="50.969515" lon="1.979508">
        <ele>1.002227</ele>
        <time>2025-12-15T20:22:02.118Z</time>
      </trkpt>
      <trkpt lat="50.969720" lon="1.979595">
        <ele>0.962519</ele>
        <time>2025-12-15T20:22:07.997Z</time>
      </trkpt>
      <trkpt lat="50.970191" lon="1.980041">
        <ele>0.859901</ele>
        <time>2025-12-15T20:22:22.754Z</time>
      </trkpt>
      <trkpt lat="50.970627" lon="1.980314">
        <ele>0.772199</ele>
        <time>2025-12-15T20:22:34.941Z</time>
      </trkpt>
      <trkpt lat="50.970988" lon="1.980430">
        <ele>0.664743</ele>
        <time>2025-12-15T20:22:44.330Z</time>
      </trkpt>
      <trkpt lat="50.971237" lon="1.980436">
        <ele>0.591923</ele>
        <time>2025-12-15T20:22:50.686Z</time>
      </trkpt>
      <trkpt lat="50.972009" lon="1.980351">
        <ele>0.365636</ele>
        <time>2025-12-15T20:23:10.919Z</time>
      </trkpt>
      <trkpt lat="50.972635" lon="1.980245">
        <ele>0.265246</ele>
        <time>2025-12-15T20:23:28.359Z</time>
      </trkpt>
      <trkpt lat="50.972809" lon="1.980275">
        <ele>0.280722</ele>
        <time>2025-12-15T20:23:33.328Z</time>
      </trkpt>
      <trkpt lat="50.973087" lon="1.980432">
        <ele>0.306811</ele>
        <time>2025-12-15T20:23:41.805Z</time>
      </trkpt>
      <trkpt lat="50.973234" lon="1.980448">
        <ele>0.319840</ele>
        <time>2025-12-15T20:23:46.063Z</time>
      </trkpt>
      <trkpt lat="50.974001" lon="1.980209">
        <ele>0.388953</ele>
        <time>2025-12-15T20:24:08.203Z</time>
      </trkpt>
      <trkpt lat="50.974394" lon="1.979974">
        <ele>0.482403</ele>
        <time>2025-12-15T20:24:19.930Z</time>
      </trkpt>
      <trkpt lat="50.974568" lon="1.979909">
        <ele>0.540133</ele>
        <time>2025-12-15T20:24:25.025Z</time>
      </trkpt>
      <trkpt lat="50.974836" lon="1.979903">
        <ele>0.626698</ele>
        <time>2025-12-15T20:24:32.807Z</time>
      </trkpt>
      <trkpt lat="50.975141" lon="1.980017">
        <ele>0.727894</ele>
        <time>2025-12-15T20:24:42.099Z</time>
      </trkpt>
      <trkpt lat="50.976078" lon="1.980661">
        <ele>1.031324</ele>
        <time>2025-12-15T20:25:12.914Z</time>
      </trkpt>
      <trkpt lat="50.976420" lon="1.980937">
        <ele>1.109865</ele>
        <time>2025-12-15T20:25:24.366Z</time>
      </trkpt>
      <trkpt lat="50.977153" lon="1.981727">
        <ele>1.291228</ele>
        <time>2025-12-15T20:25:49.491Z</time>
      </trkpt>
      <trkpt lat="50.978054" lon="1.982872">
        <ele>1.322410</ele>
        <time>2025-12-15T20:26:21.370Z</time>
      </trkpt>
      <trkpt lat="50.978115" lon="1.983065">
        <ele>1.317340</ele>
        <time>2025-12-15T20:26:25.117Z</time>
      </trkpt>
      <trkpt lat="50.978115" lon="1.983226">
        <ele>1.313559</ele>
        <time>2025-12-15T20:26:27.912Z</time>
      </trkpt>
      <trkpt lat="50.978048" lon="1.983687">
        <ele>1.302451</ele>
        <time>2025-12-15T20:26:36.137Z</time>
      </trkpt>
      <trkpt lat="50.978082" lon="1.983859">
        <ele>1.298218</ele>
        <time>2025-12-15T20:26:39.260Z</time>
      </trkpt>
      <trkpt lat="50.977955" lon="1.983967">
        <ele>1.292846</ele>
        <time>2025-12-15T20:26:43.224Z</time>
      </trkpt>
      <trkpt lat="50.977860" lon="1.984137">
        <ele>1.287509</ele>
        <time>2025-12-15T20:26:47.172Z</time>
      </trkpt>
      <trkpt lat="50.977133" lon="1.986718">
        <ele>1.223567</ele>
        <time>2025-12-15T20:27:36.340Z</time>
      </trkpt>
      <trkpt lat="50.976974" lon="1.986970">
        <ele>1.234795</ele>
        <time>2025-12-15T20:27:42.555Z</time>
      </trkpt>
      <trkpt lat="50.975851" lon="1.988040">
        <ele>1.320194</ele>
        <time>2025-12-15T20:28:19.210Z</time>
      </trkpt>
      <trkpt lat="50.975762" lon="1.988198">
        <ele>1.328898</ele>
        <time>2025-12-15T20:28:23.020Z</time>
      </trkpt>
      <trkpt lat="50.975726" lon="1.988369">
        <ele>1.336302</ele>
        <time>2025-12-15T20:28:26.286Z</time>
      </trkpt>
      <trkpt lat="50.975704" lon="1.988661">
        <ele>1.356077</ele>
        <time>2025-12-15T20:28:31.629Z</time>
      </trkpt>
      <trkpt lat="50.975701" lon="1.990301">
        <ele>1.482790</ele>
        <time>2025-12-15T20:29:01.321Z</time>
      </trkpt>
      <trkpt lat="50.975670" lon="1.990908">
        <ele>1.529843</ele>
        <time>2025-12-15T20:29:12.130Z</time>
      </trkpt>
      <trkpt lat="50.975486" lon="1.991691">
        <ele>1.531428</ele>
        <time>2025-12-15T20:29:26.679Z</time>
      </trkpt>
      <trkpt lat="50.975444" lon="1.991981">
        <ele>1.511905</ele>
        <time>2025-12-15T20:29:31.762Z</time>
      </trkpt>
      <trkpt lat="50.975359" lon="1.993818">
        <ele>1.391057</ele>
        <time>2025-12-15T20:30:03.193Z</time>
      </trkpt>
      <trkpt lat="50.975242" lon="1.994945">
        <ele>1.330718</ele>
        <time>2025-12-15T20:30:22.930Z</time>
      </trkpt>
      <trkpt lat="50.975209" lon="1.995077">
        <ele>1.323795</ele>
        <time>2025-12-15T20:30:25.399Z</time>
      </trkpt>
      <trkpt lat="50.975129" lon="1.995146">
        <ele>1.316746</ele>
        <time>2025-12-15T20:30:27.892Z</time>
      </trkpt>
      <trkpt lat="50.975062" lon="1.995156">
        <ele>1.311536</ele>
        <time>2025-12-15T20:30:29.766Z</time>
      </trkpt>
      <trkpt lat="50.974775" lon="1.994693">
        <ele>1.279862</ele>
        <time>2025-12-15T20:30:41.049Z</time>
      </trkpt>
      <trkpt lat="50.974322" lon="1.994054">
        <ele>1.233746</ele>
        <time>2025-12-15T20:30:57.743Z</time>
      </trkpt>
      <trkpt lat="50.973942" lon="1.993759">
        <ele>1.236658</ele>
        <time>2025-12-15T20:31:09.453Z</time>
      </trkpt>
      <trkpt lat="50.973693" lon="1.993606">
        <ele>1.238497</ele>
        <time>2025-12-15T20:31:16.859Z</time>
      </trkpt>
      <trkpt lat="50.973267" lon="1.993448">
        <ele>1.241509</ele>
        <time>2025-12-15T20:31:29.008Z</time>
      </trkpt>
      <trkpt lat="50.973096" lon="1.993461">
        <ele>1.242688</ele>
        <time>2025-12-15T20:31:33.791Z</time>
      </trkpt>
      <trkpt lat="50.973042" lon="1.993643">
        <ele>1.243560</ele>
        <time>2025-12-15T20:31:37.328Z</time>
      </trkpt>
      <trkpt lat="50.973366" lon="1.996658">
        <ele>1.368739</ele>
        <time>2025-12-15T20:32:31.485Z</time>
      </trkpt>
      <trkpt lat="50.973451" lon="1.996980">
        <ele>1.386005</ele>
        <time>2025-12-15T20:32:37.711Z</time>
      </trkpt>
      <trkpt lat="50.973576" lon="1.997238">
        <ele>1.370883</ele>
        <time>2025-12-15T20:32:43.491Z</time>
      </trkpt>
      <trkpt lat="50.974427" lon="1.998273">
        <ele>1.277262</ele>
        <time>2025-12-15T20:33:13.084Z</time>
      </trkpt>
      <trkpt lat="50.974684" lon="1.998786">
        <ele>1.241209</ele>
        <time>2025-12-15T20:33:24.121Z</time>
      </trkpt>
      <trkpt lat="50.974765" lon="1.999083">
        <ele>1.209233</ele>
        <time>2025-12-15T20:33:29.563Z</time>
      </trkpt>
      <trkpt lat="50.974853" lon="1.999605">
        <ele>1.117706</ele>
        <time>2025-12-15T20:33:38.610Z</time>
      </trkpt>
      <trkpt lat="50.975042" lon="2.001057">
        <ele>0.866576</ele>
        <time>2025-12-15T20:34:03.424Z</time>
      </trkpt>
      <trkpt lat="50.976102" lon="2.003985">
        <ele>0.228701</ele>
        <time>2025-12-15T20:34:59.580Z</time>
      </trkpt>
      <trkpt lat="50.976383" lon="2.005239">
        <ele>0.261578</ele>
        <time>2025-12-15T20:35:21.996Z</time>
      </trkpt>
      <trkpt lat="50.977025" lon="2.007429">
        <ele>0.544682</ele>
        <time>2025-12-15T20:36:06.665Z</time>
      </trkpt>
      <trkpt lat="50.977592" lon="2.008669">
        <ele>0.935385</ele>
        <time>2025-12-15T20:36:36.149Z</time>
      </trkpt>
      <trkpt lat="50.978092" lon="2.010062">
        <ele>1.185787</ele>
        <time>2025-12-15T20:37:05.460Z</time>
      </trkpt>
      <trkpt lat="50.978169" lon="2.010372">
        <ele>1.216931</ele>
        <time>2025-12-15T20:37:11.330Z</time>
      </trkpt>
      <trkpt lat="50.978351" lon="2.010544">
        <ele>1.248367</ele>
        <time>2025-12-15T20:37:17.025Z</time>
      </trkpt>
      <trkpt lat="50.978414" lon="2.010730">
        <ele>1.268105</ele>
        <time>2025-12-15T20:37:20.731Z</time>
      </trkpt>
      <trkpt lat="50.979152" lon="2.012113">
        <ele>1.400606</ele>
        <time>2025-12-15T20:37:52.944Z</time>
      </trkpt>
      <trkpt lat="50.979506" lon="2.012704">
        <ele>1.440009</ele>
        <time>2025-12-15T20:38:07.549Z</time>
      </trkpt>
      <trkpt lat="50.979728" lon="2.013332">
        <ele>1.474798</ele>
        <time>2025-12-15T20:38:20.347Z</time>
      </trkpt>
      <trkpt lat="50.980072" lon="2.013889">
        <ele>1.514799</ele>
        <time>2025-12-15T20:38:33.842Z</time>
      </trkpt>
      <trkpt lat="50.980576" lon="2.014673">
        <ele>1.578268</ele>
        <time>2025-12-15T20:38:53.359Z</time>
      </trkpt>
      <trkpt lat="50.980750" lon="2.014945">
        <ele>1.600233</ele>
        <time>2025-12-15T20:39:00.286Z</time>
      </trkpt>
      <trkpt lat="50.980859" lon="2.015321">
        <ele>1.623680</ele>
        <time>2025-12-15T20:39:07.805Z</time>
      </trkpt>
      <trkpt lat="50.980930" lon="2.015769">
        <ele>1.649847</ele>
        <time>2025-12-15T20:39:16.348Z</time>
      </trkpt>
      <trkpt lat="50.981035" lon="2.017685">
        <ele>1.808699</ele>
        <time>2025-12-15T20:39:51.863Z</time>
      </trkpt>
      <trkpt lat="50.981125" lon="2.018210">
        <ele>1.855238</ele>
        <time>2025-12-15T20:40:01.447Z</time>
      </trkpt>
      <trkpt lat="50.981413" lon="2.019690">
        <ele>1.802598</ele>
        <time>2025-12-15T20:40:27.512Z</time>
      </trkpt>
      <trkpt lat="50.981555" lon="2.021270">
        <ele>1.632613</ele>
        <time>2025-12-15T20:40:54.563Z</time>
      </trkpt>
      <trkpt lat="50.981789" lon="2.023157">
        <ele>1.473911</ele>
        <time>2025-12-15T20:41:27.727Z</time>
      </trkpt>
      <trkpt lat="50.981777" lon="2.023907">
        <ele>1.415288</ele>
        <time>2025-12-15T20:41:40.526Z</time>
      </trkpt>
      <trkpt lat="50.981725" lon="2.024184">
        <ele>1.392702</ele>
        <time>2025-12-15T20:41:45.441Z</time>
      </trkpt>
      <trkpt lat="50.981368" lon="2.025235">
        <ele>1.325849</ele>
        <time>2025-12-15T20:42:05.803Z</time>
      </trkpt>
      <trkpt lat="50.981343" lon="2.025695">
        <ele>1.301954</ele>
        <time>2025-12-15T20:42:13.732Z</time>
      </trkpt>
      <trkpt lat="50.981492" lon="2.027004">
        <ele>1.233108</ele>
        <time>2025-12-15T20:42:36.946Z</time>
      </trkpt>
      <trkpt lat="50.981527" lon="2.028325">
        <ele>1.375397</ele>
        <time>2025-12-15T20:43:00.499Z</time>
      </trkpt>
      <trkpt lat="50.981695" lon="2.030741">
        <ele>1.705318</ele>
        <time>2025-12-15T20:43:44.849Z</time>
      </trkpt>
      <trkpt lat="50.981700" lon="2.031603">
        <ele>1.855779</ele>
        <time>2025-12-15T20:44:00.573Z</time>
      </trkpt>
      <trkpt lat="50.981701" lon="2.031838">
        <ele>1.896797</ele>
        <time>2025-12-15T20:44:04.873Z</time>
      </trkpt>
      <trkpt lat="50.981671" lon="2.032957">
        <ele>2.083505</ele>
        <time>2025-12-15T20:44:25.444Z</time>
      </trkpt>
      <trkpt lat="50.982366" lon="2.032901">
        <ele>2.226403</ele>
        <time>2025-12-15T20:44:50.724Z</time>
      </trkpt>
      <trkpt lat="50.982367" lon="2.032970">
        <ele>2.235326</ele>
        <time>2025-12-15T20:44:51.932Z</time>
      </trkpt>
      <trkpt lat="50.982596" lon="2.033064">
        <ele>2.283895</ele>
        <time>2025-12-15T20:44:58.516Z</time>
      </trkpt>
      <trkpt lat="50.982993" lon="2.033059">
        <ele>2.365420</ele>
        <time>2025-12-15T20:45:09.531Z</time>
      </trkpt>
      <trkpt lat="50.983044" lon="2.033139">
        <ele>2.380138</ele>
        <time>2025-12-15T20:45:11.502Z</time>
      </trkpt>
      <trkpt lat="50.983049" lon="2.033390">
        <ele>2.412602</ele>
        <time>2025-12-15T20:45:15.823Z</time>
      </trkpt>
      <trkpt lat="50.983064" lon="2.033478">
        <ele>2.424388</ele>
        <time>2025-12-15T20:45:17.389Z</time>
      </trkpt>
      <trkpt lat="50.983098" lon="2.033506">
        <ele>2.426780</ele>
        <time>2025-12-15T20:45:18.456Z</time>
      </trkpt>
      <trkpt lat="50.984005" lon="2.033564">
        <ele>2.385739</ele>
        <time>2025-12-15T20:45:42.946Z</time>
      </trkpt>
      <trkpt lat="50.984209" lon="2.032320">
        <ele>2.349149</ele>
        <time>2025-12-15T20:46:04.004Z</time>
      </trkpt>
      <trkpt lat="50.984290" lon="2.032312">
        <ele>2.339690</ele>
        <time>2025-12-15T20:46:07.539Z</time>
      </trkpt>
      <trkpt lat="50.986495" lon="2.032364">
        <ele>1.759781</ele>
        <time>2025-12-15T20:47:03.110Z</time>
      </trkpt>
      <trkpt lat="50.987034" lon="2.032311">
        <ele>1.737221</ele>
        <time>2025-12-15T20:47:17.431Z</time>
      </trkpt>
      <trkpt lat="50.987239" lon="2.033483">
        <ele>1.705233</ele>
        <time>2025-12-15T20:47:38.422Z</time>
      </trkpt>
      <trkpt lat="50.987282" lon="2.033886">
        <ele>1.735440</ele>
        <time>2025-12-15T20:47:45.509Z</time>
      </trkpt>
      <trkpt lat="50.987324" lon="2.037081">
        <ele>2.045955</ele>
        <time>2025-12-15T20:48:40.691Z</time>
      </trkpt>
      <trkpt lat="50.987380" lon="2.037226">
        <ele>2.055372</ele>
        <time>2025-12-15T20:48:43.658Z</time>
      </trkpt>
      <trkpt lat="50.987558" lon="2.038701">
        <ele>2.138509</ele>
        <time>2025-12-15T20:49:09.638Z</time>
      </trkpt>
      <trkpt lat="50.987536" lon="2.039182">
        <ele>2.165205</ele>
        <time>2025-12-15T20:49:17.794Z</time>
      </trkpt>
      <trkpt lat="50.987853" lon="2.039415">
        <ele>2.118487</ele>
        <time>2025-12-15T20:49:27.006Z</time>
      </trkpt>
      <trkpt lat="50.989120" lon="2.039769">
        <ele>1.912464</ele>
        <time>2025-12-15T20:49:59.862Z</time>
      </trkpt>
      <trkpt lat="50.989229" lon="2.039827">
        <ele>1.894054</ele>
        <time>2025-12-15T20:50:02.795Z</time>
      </trkpt>
      <trkpt lat="50.989337" lon="2.039925">
        <ele>1.879888</ele>
        <time>2025-12-15T20:50:06.021Z</time>
      </trkpt>
      <trkpt lat="50.989452" lon="2.040085">
        <ele>1.877813</ele>
        <time>2025-12-15T20:50:10.015Z</time>
      </trkpt>
      <trkpt lat="50.989678" lon="2.040603">
        <ele>1.872426</ele>
        <time>2025-12-15T20:50:20.505Z</time>
      </trkpt>
      <trkpt lat="50.989770" lon="2.040756">
        <ele>1.870618</ele>
        <time>2025-12-15T20:50:24.064Z</time>
      </trkpt>
      <trkpt lat="50.990002" lon="2.040920">
        <ele>1.867170</ele>
        <time>2025-12-15T20:50:30.852Z</time>
      </trkpt>
      <trkpt lat="50.990243" lon="2.040986">
        <ele>1.863849</ele>
        <time>2025-12-15T20:50:37.459Z</time>
      </trkpt>
      <trkpt lat="50.995601" lon="2.042263">
        <ele>2.280749</ele>
        <time>2025-12-15T20:53:04.146Z</time>
      </trkpt>
      <trkpt lat="50.995703" lon="2.042302">
        <ele>2.288805</ele>
        <time>2025-12-15T20:53:07.042Z</time>
      </trkpt>
      <trkpt lat="50.995840" lon="2.042376">
        <ele>2.299917</ele>
        <time>2025-12-15T20:53:10.981Z</time>
      </trkpt>
      <trkpt lat="50.995913" lon="2.042486">
        <ele>2.307643</ele>
        <time>2025-12-15T20:53:13.685Z</time>
      </trkpt>
      <trkpt lat="50.995942" lon="2.042591">
        <ele>2.313185</ele>
        <time>2025-12-15T20:53:15.633Z</time>
      </trkpt>
      <trkpt lat="50.995919" lon="2.044371">
        <ele>2.433369</ele>
        <time>2025-12-15T20:53:46.175Z</time>
      </trkpt>
      <trkpt lat="50.995898" lon="2.044591">
        <ele>2.448968</ele>
        <time>2025-12-15T20:53:49.885Z</time>
      </trkpt>
      <trkpt lat="50.995770" lon="2.045591">
        <ele>2.520507</ele>
        <time>2025-12-15T20:54:07.227Z</time>
      </trkpt>
      <trkpt lat="50.995770" lon="2.045874">
        <ele>2.565187</ele>
        <time>2025-12-15T20:54:12.208Z</time>
      </trkpt>
      <trkpt lat="50.995770" lon="2.046012">
        <ele>2.589382</ele>
        <time>2025-12-15T20:54:14.646Z</time>
      </trkpt>
      <trkpt lat="50.995863" lon="2.046726">
        <ele>2.717216</ele>
        <time>2025-12-15T20:54:27.683Z</time>
      </trkpt>
      <trkpt lat="50.995987" lon="2.047293">
        <ele>2.822455</ele>
        <time>2025-12-15T20:54:38.456Z</time>
      </trkpt>
      <trkpt lat="50.996063" lon="2.047636">
        <ele>2.886209</ele>
        <time>2025-12-15T20:54:44.906Z</time>
      </trkpt>
      <trkpt lat="50.996218" lon="2.048864">
        <ele>3.035981</ele>
        <time>2025-12-15T20:55:06.991Z</time>
      </trkpt>
      <trkpt lat="50.996381" lon="2.049746">
        <ele>3.058160</ele>
        <time>2025-12-15T20:55:22.693Z</time>
      </trkpt>
      <trkpt lat="50.996611" lon="2.050755">
        <ele>3.084052</ele>
        <time>2025-12-15T20:55:40.372Z</time>
      </trkpt>
      <trkpt lat="50.996774" lon="2.051482">
        <ele>3.058154</ele>
        <time>2025-12-15T20:55:53.050Z</time>
      </trkpt>
      <trkpt lat="50.996876" lon="2.052309">
        <ele>2.976544</ele>
        <time>2025-12-15T20:56:06.990Z</time>
      </trkpt>
      <trkpt lat="50.997029" lon="2.054021">
        <ele>2.813073</ele>
        <time>2025-12-15T20:56:35.082Z</time>
      </trkpt>
      <trkpt lat="50.997123" lon="2.055037">
        <ele>2.763467</ele>
        <time>2025-12-15T20:56:52.005Z</time>
      </trkpt>
      <trkpt lat="50.997223" lon="2.055525">
        <ele>2.738676</ele>
        <time>2025-12-15T20:57:00.492Z</time>
      </trkpt>
      <trkpt lat="50.997381" lon="2.056030">
        <ele>2.711433</ele>
        <time>2025-12-15T20:57:09.777Z</time>
      </trkpt>
      <trkpt lat="50.997443" lon="2.056223">
        <ele>2.700966</ele>
        <time>2025-12-15T20:57:13.386Z</time>
      </trkpt>
      <trkpt lat="50.997628" lon="2.056755">
        <ele>2.669626</ele>
        <time>2025-12-15T20:57:23.635Z</time>
      </trkpt>
      <trkpt lat="50.998388" lon="2.059183">
        <ele>2.503556</ele>
        <time>2025-12-15T20:58:08.619Z</time>
      </trkpt>
      <trkpt lat="50.998807" lon="2.060593">
        <ele>2.424501</ele>
        <time>2025-12-15T20:58:34.286Z</time>
      </trkpt>
      <trkpt lat="50.998933" lon="2.061146">
        <ele>2.394683</ele>
        <time>2025-12-15T20:58:44.008Z</time>
      </trkpt>
      <trkpt lat="50.999116" lon="2.062911">
        <ele>2.395518</ele>
        <time>2025-12-15T20:59:13.637Z</time>
      </trkpt>
      <trkpt lat="50.999263" lon="2.063862">
        <ele>2.428498</ele>
        <time>2025-12-15T20:59:30.315Z</time>
      </trkpt>
      <trkpt lat="50.999404" lon="2.064573">
        <ele>2.453604</ele>
        <time>2025-12-15T20:59:43.064Z</time>
      </trkpt>
      <trkpt lat="50.999455" lon="2.065109">
        <ele>2.518547</ele>
        <time>2025-12-15T20:59:52.404Z</time>
      </trkpt>
      <trkpt lat="50.999558" lon="2.066614">
        <ele>2.712743</ele>
        <time>2025-12-15T21:00:19.190Z</time>
      </trkpt>
      <trkpt lat="50.999590" lon="2.067468">
        <ele>2.821703</ele>
        <time>2025-12-15T21:00:34.110Z</time>
      </trkpt>
      <trkpt lat="50.999700" lon="2.067968">
        <ele>2.804518</ele>
        <time>2025-12-15T21:00:43.252Z</time>
      </trkpt>
      <trkpt lat="50.999528" lon="2.068109">
        <ele>2.794540</ele>
        <time>2025-12-15T21:00:48.516Z</time>
      </trkpt>
      <trkpt lat="50.999416" lon="2.069258">
        <ele>2.756815</ele>
        <time>2025-12-15T21:01:07.833Z</time>
      </trkpt>
      <trkpt lat="50.999532" lon="2.070119">
        <ele>2.726985</ele>
        <time>2025-12-15T21:01:22.006Z</time>
      </trkpt>
      <trkpt lat="50.999535" lon="2.070965">
        <ele>2.660375</ele>
        <time>2025-12-15T21:01:35.624Z</time>
      </trkpt>
      <trkpt lat="50.999639" lon="2.071645">
        <ele>2.605278</ele>
        <time>2025-12-15T21:01:47.057Z</time>
      </trkpt>
      <trkpt lat="50.999707" lon="2.072326">
        <ele>2.550990</ele>
        <time>2025-12-15T21:01:58.520Z</time>
      </trkpt>
      <trkpt lat="50.999791" lon="2.073712">
        <ele>2.529686</ele>
        <time>2025-12-15T21:02:22.082Z</time>
      </trkpt>
      <trkpt lat="51.000074" lon="2.075608">
        <ele>2.592235</ele>
        <time>2025-12-15T21:02:55.128Z</time>
      </trkpt>
      <trkpt lat="51.000389" lon="2.079218">
        <ele>2.685651</ele>
        <time>2025-12-15T21:03:56.623Z</time>
      </trkpt>
      <trkpt lat="51.000626" lon="2.081324">
        <ele>2.707489</ele>
        <time>2025-12-15T21:04:32.466Z</time>
      </trkpt>
      <trkpt lat="51.001307" lon="2.085982">
        <ele>2.747187</ele>
        <time>2025-12-15T21:05:53.577Z</time>
      </trkpt>
      <trkpt lat="51.001410" lon="2.086758">
        <ele>2.741483</ele>
        <time>2025-12-15T21:06:06.645Z</time>
      </trkpt>
      <trkpt lat="51.001650" lon="2.089042">
        <ele>2.569496</ele>
        <time>2025-12-15T21:06:44.321Z</time>
      </trkpt>
      <trkpt lat="51.001766" lon="2.090204">
        <ele>2.510040</ele>
        <time>2025-12-15T21:07:03.918Z</time>
      </trkpt>
      <trkpt lat="51.001843" lon="2.093101">
        <ele>2.526576</ele>
        <time>2025-12-15T21:07:52.935Z</time>
      </trkpt>
      <trkpt lat="51.001889" lon="2.093424">
        <ele>2.541712</ele>
        <time>2025-12-15T21:07:58.495Z</time>
      </trkpt>
      <trkpt lat="51.002527" lon="2.096333">
        <ele>2.773708</ele>
        <time>2025-12-15T21:08:50.980Z</time>
      </trkpt>
      <trkpt lat="51.003124" lon="2.095554">
        <ele>2.937141</ele>
        <time>2025-12-15T21:09:14.696Z</time>
      </trkpt>
      <trkpt lat="51.003457" lon="2.095398">
        <ele>3.010592</ele>
        <time>2025-12-15T21:09:25.488Z</time>
      </trkpt>
      <trkpt lat="51.003586" lon="2.095301">
        <ele>3.062916</ele>
        <time>2025-12-15T21:09:30.028Z</time>
      </trkpt>
      <trkpt lat="51.003784" lon="2.095081">
        <ele>3.158559</ele>
        <time>2025-12-15T21:09:37.712Z</time>
      </trkpt>
      <trkpt lat="51.003902" lon="2.094864">
        <ele>3.230004</ele>
        <time>2025-12-15T21:09:43.432Z</time>
      </trkpt>
      <trkpt lat="51.003989" lon="2.094833">
        <ele>3.265300</ele>
        <time>2025-12-15T21:09:46.242Z</time>
      </trkpt>
      <trkpt lat="51.004054" lon="2.094898">
        <ele>3.295703</ele>
        <time>2025-12-15T21:09:48.690Z</time>
      </trkpt>
      <trkpt lat="51.004146" lon="2.095056">
        <ele>3.349327</ele>
        <time>2025-12-15T21:09:52.979Z</time>
      </trkpt>
      <trkpt lat="51.004437" lon="2.095556">
        <ele>3.518988</ele>
        <time>2025-12-15T21:10:06.592Z</time>
      </trkpt>
      <trkpt lat="51.004736" lon="2.096332">
        <ele>3.731623</ele>
        <time>2025-12-15T21:10:24.916Z</time>
      </trkpt>
      <trkpt lat="51.004766" lon="2.096380">
        <ele>3.735508</ele>
        <time>2025-12-15T21:10:26.285Z</time>
      </trkpt>
      <trkpt lat="51.005204" lon="2.097089">
        <ele>3.792558</ele>
        <time>2025-12-15T21:10:45.479Z</time>
      </trkpt>
      <trkpt lat="51.005314" lon="2.097305">
        <ele>3.808513</ele>
        <time>2025-12-15T21:10:50.660Z</time>
      </trkpt>
      <trkpt lat="51.005329" lon="2.097457">
        <ele>3.817348</ele>
        <time>2025-12-15T21:10:53.527Z</time>
      </trkpt>
      <trkpt lat="51.005126" lon="2.098346">
        <ele>3.871651</ele>
        <time>2025-12-15T21:11:10.805Z</time>
      </trkpt>
      <trkpt lat="51.004907" lon="2.099321">
        <ele>3.843504</ele>
        <time>2025-12-15T21:11:39.604Z</time>
      </trkpt>
      <trkpt lat="51.004796" lon="2.099965">
        <ele>3.796930</ele>
        <time>2025-12-15T21:11:58.472Z</time>
      </trkpt>
      <trkpt lat="51.004683" lon="2.100301">
        <ele>3.770357</ele>
        <time>2025-12-15T21:12:09.156Z</time>
      </trkpt>
      <trkpt lat="51.004575" lon="2.100469">
        <ele>3.753605</ele>
        <time>2025-12-15T21:12:15.848Z</time>
      </trkpt>
      <trkpt lat="51.004529" lon="2.100554">
        <ele>3.745785</ele>
        <time>2025-12-15T21:12:18.923Z</time>
      </trkpt>
      <trkpt lat="51.004514" lon="2.100641">
        <ele>3.739493</ele>
        <time>2025-12-15T21:12:21.430Z</time>
      </trkpt>
      <trkpt lat="51.004537" lon="2.101000">
        <ele>3.714323</ele>
        <time>2025-12-15T21:12:31.299Z</time>
      </trkpt>
      <trkpt lat="51.004468" lon="2.101169">
        <ele>3.700271</ele>
        <time>2025-12-15T21:12:36.787Z</time>
      </trkpt>
      <trkpt lat="51.004443" lon="2.101212">
        <ele>3.696188</ele>
        <time>2025-12-15T21:12:37.722Z</time>
      </trkpt>
      <trkpt lat="51.004398" lon="2.101301">
        <ele>3.673204</ele>
        <time>2025-12-15T21:12:39.757Z</time>
      </trkpt>
      <trkpt lat="51.004625" lon="2.101639">
        <ele>3.507562</ele>
        <time>2025-12-15T21:12:47.535Z</time>
      </trkpt>
      <trkpt lat="51.004666" lon="2.101699">
        <ele>3.477884</ele>
        <time>2025-12-15T21:12:48.894Z</time>
      </trkpt>
      <trkpt lat="51.005547" lon="2.103019">
        <ele>2.833142</ele>
        <time>2025-12-15T21:13:17.861Z</time>
      </trkpt>
      <trkpt lat="51.005623" lon="2.103175">
        <ele>2.767037</ele>
        <time>2025-12-15T21:13:21.018Z</time>
      </trkpt>
      <trkpt lat="51.005624" lon="2.103416">
        <ele>2.726583</ele>
        <time>2025-12-15T21:13:24.969Z</time>
      </trkpt>
      <trkpt lat="51.005566" lon="2.103570">
        <ele>2.716790</ele>
        <time>2025-12-15T21:13:27.891Z</time>
      </trkpt>
      <trkpt lat="51.005459" lon="2.103703">
        <ele>2.705011</ele>
        <time>2025-12-15T21:13:31.421Z</time>
      </trkpt>
      <trkpt lat="51.005420" lon="2.103743">
        <ele>2.700986</ele>
        <time>2025-12-15T21:13:32.639Z</time>
      </trkpt>
      <trkpt lat="51.005215" lon="2.103961">
        <ele>2.679597</ele>
        <time>2025-12-15T21:13:38.973Z</time>
      </trkpt>
      <trkpt lat="51.005107" lon="2.104077">
        <ele>2.668294</ele>
        <time>2025-12-15T21:13:42.348Z</time>
      </trkpt>
      <trkpt lat="51.004812" lon="2.104387">
        <ele>2.637627</ele>
        <time>2025-12-15T21:13:51.848Z</time>
      </trkpt>
      <trkpt lat="51.004545" lon="2.104735">
        <ele>2.607684</ele>
        <time>2025-12-15T21:14:01.235Z</time>
      </trkpt>
      <trkpt lat="51.004475" lon="2.104826">
        <ele>2.599842</ele>
        <time>2025-12-15T21:14:03.683Z</time>
      </trkpt>
      <trkpt lat="51.004337" lon="2.104982">
        <ele>2.585157</ele>
        <time>2025-12-15T21:14:08.320Z</time>
      </trkpt>
      <trkpt lat="51.004002" lon="2.105363">
        <ele>2.592215</ele>
        <time>2025-12-15T21:14:19.460Z</time>
      </trkpt>
      <trkpt lat="51.003957" lon="2.105413">
        <ele>2.594472</ele>
        <time>2025-12-15T21:14:20.953Z</time>
      </trkpt>
      <trkpt lat="51.003763" lon="2.105643">
        <ele>2.604422</ele>
        <time>2025-12-15T21:14:27.184Z</time>
      </trkpt>
      <trkpt lat="51.003686" lon="2.105775">
        <ele>2.609078</ele>
        <time>2025-12-15T21:14:30.245Z</time>
      </trkpt>
      <trkpt lat="51.003612" lon="2.105919">
        <ele>2.613887</ele>
        <time>2025-12-15T21:14:33.474Z</time>
      </trkpt>
      <trkpt lat="51.003353" lon="2.106240">
        <ele>2.627389</ele>
        <time>2025-12-15T21:14:42.607Z</time>
      </trkpt>
      <trkpt lat="51.003307" lon="2.106297">
        <ele>2.629787</ele>
        <time>2025-12-15T21:14:44.052Z</time>
      </trkpt>
      <trkpt lat="51.002911" lon="2.106793">
        <ele>2.650513</ele>
        <time>2025-12-15T21:14:57.128Z</time>
      </trkpt>
      <trkpt lat="51.002614" lon="2.107163">
        <ele>2.646969</ele>
        <time>2025-12-15T21:15:07.461Z</time>
      </trkpt>
      <trkpt lat="51.002401" lon="2.107384">
        <ele>2.642807</ele>
        <time>2025-12-15T21:15:14.395Z</time>
      </trkpt>
      <trkpt lat="51.002337" lon="2.107447">
        <ele>2.641575</ele>
        <time>2025-12-15T21:15:16.495Z</time>
      </trkpt>
      <trkpt lat="51.002277" lon="2.107503">
        <ele>2.640437</ele>
        <time>2025-12-15T21:15:18.490Z</time>
      </trkpt>
      <trkpt lat="51.001860" lon="2.107891">
        <ele>2.632532</ele>
        <time>2025-12-15T21:15:31.696Z</time>
      </trkpt>
      <trkpt lat="51.001809" lon="2.107937">
        <ele>2.631572</ele>
        <time>2025-12-15T21:15:33.214Z</time>
      </trkpt>
      <trkpt lat="51.001739" lon="2.108001">
        <ele>2.630251</ele>
        <time>2025-12-15T21:15:35.429Z</time>
      </trkpt>
      <trkpt lat="51.001655" lon="2.108075">
        <ele>2.628680</ele>
        <time>2025-12-15T21:15:37.956Z</time>
      </trkpt>
      <trkpt lat="51.001334" lon="2.108359">
        <ele>2.609503</ele>
        <time>2025-12-15T21:15:47.634Z</time>
      </trkpt>
      <trkpt lat="51.001314" lon="2.108377">
        <ele>2.592604</ele>
        <time>2025-12-15T21:15:48.206Z</time>
      </trkpt>
      <trkpt lat="51.000977" lon="2.108680">
        <ele>2.307924</ele>
        <time>2025-12-15T21:15:57.739Z</time>
      </trkpt>
      <trkpt lat="51.000940" lon="2.108713">
        <ele>2.276729</ele>
        <time>2025-12-15T21:15:58.766Z</time>
      </trkpt>
      <trkpt lat="51.000733" lon="2.108899">
        <ele>2.101893</ele>
        <time>2025-12-15T21:16:04.272Z</time>
      </trkpt>
      <trkpt lat="51.000682" lon="2.108944">
        <ele>2.059004</ele>
        <time>2025-12-15T21:16:05.626Z</time>
      </trkpt>
      <trkpt lat="51.000697" lon="2.109754">
        <ele>1.684071</ele>
        <time>2025-12-15T21:16:17.109Z</time>
      </trkpt>
      <trkpt lat="51.000651" lon="2.109833">
        <ele>1.634273</ele>
        <time>2025-12-15T21:16:18.665Z</time>
      </trkpt>
      <trkpt lat="51.000538" lon="2.109968">
        <ele>1.530332</ele>
        <time>2025-12-15T21:16:21.904Z</time>
      </trkpt>
      <trkpt lat="51.000562" lon="2.110034">
        <ele>1.495064</ele>
        <time>2025-12-15T21:16:23.438Z</time>
      </trkpt>
      <trkpt lat="51.000730" lon="2.110573">
        <ele>1.302857</ele>
        <time>2025-12-15T21:16:35.846Z</time>
      </trkpt>
      <trkpt lat="51.000622" lon="2.110687">
        <ele>1.305451</ele>
        <time>2025-12-15T21:16:37.642Z</time>
      </trkpt>
      <trkpt lat="51.000609" lon="2.110833">
        <ele>1.307307</ele>
        <time>2025-12-15T21:16:38.933Z</time>
      </trkpt>
      <trkpt lat="51.000679" lon="2.111182">
        <ele>1.311920</ele>
        <time>2025-12-15T21:16:42.141Z</time>
      </trkpt>
      <trkpt lat="51.000736" lon="2.111213">
        <ele>1.313125</ele>
        <time>2025-12-15T21:16:42.977Z</time>
      </trkpt>
      <trkpt lat="51.000805" lon="2.111170">
        <ele>1.314608</ele>
        <time>2025-12-15T21:16:44.016Z</time>
      </trkpt>
      <trkpt lat="51.000945" lon="2.111734">
        <ele>1.322242</ele>
        <time>2025-12-15T21:16:57.813Z</time>
      </trkpt>
      <trkpt lat="51.000950" lon="2.111756">
        <ele>1.322537</ele>
        <time>2025-12-15T21:16:58.355Z</time>
      </trkpt>
      <trkpt lat="51.000507" lon="2.112018">
        <ele>1.331994</ele>
        <time>2025-12-15T21:17:11.997Z</time>
      </trkpt>
      <trkpt lat="51.000404" lon="2.112137">
        <ele>1.334542</ele>
        <time>2025-12-15T21:17:15.676Z</time>
      </trkpt>
      <trkpt lat="51.000133" lon="2.112382">
        <ele>1.305565</ele>
        <time>2025-12-15T21:17:24.533Z</time>
      </trkpt>
      <trkpt lat="50.999515" lon="2.113108">
        <ele>1.192530</ele>
        <time>2025-12-15T21:17:43.769Z</time>
      </trkpt>
      <trkpt lat="50.998621" lon="2.114188">
        <ele>1.059865</ele>
        <time>2025-12-15T21:18:12.795Z</time>
      </trkpt>
      <trkpt lat="50.996565" lon="2.116805">
        <ele>1.014416</ele>
        <time>2025-12-15T21:19:22.780Z</time>
      </trkpt>
      <trkpt lat="50.996331" lon="2.117027">
        <ele>1.017864</ele>
        <time>2025-12-15T21:19:30.144Z</time>
      </trkpt>
      <trkpt lat="50.995983" lon="2.117432">
        <ele>1.027074</ele>
        <time>2025-12-15T21:19:41.845Z</time>
      </trkpt>
      <trkpt lat="50.993813" lon="2.119922">
        <ele>1.218110</ele>
        <time>2025-12-15T21:20:54.523Z</time>
      </trkpt>
      <trkpt lat="50.992747" lon="2.121213">
        <ele>1.257097</ele>
        <time>2025-12-15T21:21:29.881Z</time>
      </trkpt>
      <trkpt lat="50.991685" lon="2.122419">
        <ele>1.309227</ele>
        <time>2025-12-15T21:22:04.677Z</time>
      </trkpt>
      <trkpt lat="50.991424" lon="2.122754">
        <ele>1.463396</ele>
        <time>2025-12-15T21:22:14.178Z</time>
      </trkpt>
      <trkpt lat="50.991365" lon="2.122899">
        <ele>1.517600</ele>
        <time>2025-12-15T21:22:17.412Z</time>
      </trkpt>
      <trkpt lat="50.991359" lon="2.123088">
        <ele>1.577011</ele>
        <time>2025-12-15T21:22:20.969Z</time>
      </trkpt>
      <trkpt lat="50.991280" lon="2.123330">
        <ele>1.662594</ele>
        <time>2025-12-15T21:22:26.146Z</time>
      </trkpt>
      <trkpt lat="50.991230" lon="2.123518">
        <ele>1.726668</ele>
        <time>2025-12-15T21:22:30.055Z</time>
      </trkpt>
      <trkpt lat="50.991160" lon="2.123494">
        <ele>1.762385</ele>
        <time>2025-12-15T21:22:32.193Z</time>
      </trkpt>
      <trkpt lat="50.991003" lon="2.123439">
        <ele>1.842572</ele>
        <time>2025-12-15T21:22:37.119Z</time>
      </trkpt>
      <trkpt lat="50.990971" lon="2.123435">
        <ele>1.858582</ele>
        <time>2025-12-15T21:22:38.126Z</time>
      </trkpt>
      <trkpt lat="50.990863" lon="2.123527">
        <ele>1.919703</ele>
        <time>2025-12-15T21:22:41.860Z</time>
      </trkpt>
      <trkpt lat="50.990880" lon="2.123684">
        <ele>1.969717</ele>
        <time>2025-12-15T21:22:45.277Z</time>
      </trkpt>
      <trkpt lat="50.990870" lon="2.123845">
        <ele>2.020507</ele>
        <time>2025-12-15T21:22:48.690Z</time>
      </trkpt>
      <trkpt lat="50.990796" lon="2.124334">
        <ele>2.178401</ele>
        <time>2025-12-15T21:22:59.035Z</time>
      </trkpt>
      <trkpt lat="50.990650" lon="2.124968">
        <ele>2.206184</ele>
        <time>2025-12-15T21:23:11.950Z</time>
      </trkpt>
      <trkpt lat="50.990439" lon="2.126552">
        <ele>2.202598</ele>
        <time>2025-12-15T21:23:41.576Z</time>
      </trkpt>
      <trkpt lat="50.990440" lon="2.126749">
        <ele>2.202162</ele>
        <time>2025-12-15T21:23:45.077Z</time>
      </trkpt>
      <trkpt lat="50.990366" lon="2.126789">
        <ele>2.201887</ele>
        <time>2025-12-15T21:23:47.290Z</time>
      </trkpt>
      <trkpt lat="50.990421" lon="2.127036">
        <ele>2.201307</ele>
        <time>2025-12-15T21:23:51.998Z</time>
      </trkpt>
      <trkpt lat="50.990169" lon="2.127342">
        <ele>2.211026</ele>
        <time>2025-12-15T21:24:01.179Z</time>
      </trkpt>
      <trkpt lat="50.990245" lon="2.127538">
        <ele>2.216300</ele>
        <time>2025-12-15T21:24:05.428Z</time>
      </trkpt>
      <trkpt lat="50.990281" lon="2.127757">
        <ele>2.221487</ele>
        <time>2025-12-15T21:24:09.654Z</time>
      </trkpt>
      <trkpt lat="50.990717" lon="2.128848">
        <ele>2.251098</ele>
        <time>2025-12-15T21:24:34.399Z</time>
      </trkpt>
      <trkpt lat="50.990709" lon="2.128992">
        <ele>2.254410</ele>
        <time>2025-12-15T21:24:37.187Z</time>
      </trkpt>
      <trkpt lat="50.990601" lon="2.129144">
        <ele>2.259662</ele>
        <time>2025-12-15T21:24:41.621Z</time>
      </trkpt>
      <trkpt lat="50.990592" lon="2.129231">
        <ele>2.261683</ele>
        <time>2025-12-15T21:24:43.331Z</time>
      </trkpt>
      <trkpt lat="50.990610" lon="2.129333">
        <ele>2.264110</ele>
        <time>2025-12-15T21:24:45.388Z</time>
      </trkpt>
      <trkpt lat="50.990782" lon="2.129665">
        <ele>2.276749</ele>
        <time>2025-12-15T21:24:53.430Z</time>
      </trkpt>
      <trkpt lat="50.990816" lon="2.129879">
        <ele>2.283726</ele>
        <time>2025-12-15T21:24:57.444Z</time>
      </trkpt>
      <trkpt lat="50.990814" lon="2.129907">
        <ele>2.284617</ele>
        <time>2025-12-15T21:24:57.949Z</time>
      </trkpt>
      <trkpt lat="50.990802" lon="2.130082">
        <ele>2.290182</ele>
        <time>2025-12-15T21:25:01.116Z</time>
      </trkpt>
      <trkpt lat="50.990669" lon="2.130339">
        <ele>2.300699</ele>
        <time>2025-12-15T21:25:07.119Z</time>
      </trkpt>
      <trkpt lat="50.990551" lon="2.130845">
        <ele>2.317756</ele>
        <time>2025-12-15T21:25:17.052Z</time>
      </trkpt>
      <trkpt lat="50.990411" lon="2.131321">
        <ele>2.334365</ele>
        <time>2025-12-15T21:25:27.138Z</time>
      </trkpt>
      <trkpt lat="50.990380" lon="2.131517">
        <ele>2.340753</ele>
        <time>2025-12-15T21:25:30.986Z</time>
      </trkpt>
      <trkpt lat="50.990348" lon="2.131747">
        <ele>2.348199</ele>
        <time>2025-12-15T21:25:35.482Z</time>
      </trkpt>
      <trkpt lat="50.990356" lon="2.132186">
        <ele>2.376613</ele>
        <time>2025-12-15T21:25:43.838Z</time>
      </trkpt>
      <trkpt lat="50.990343" lon="2.132206">
        <ele>2.380094</ele>
        <time>2025-12-15T21:25:44.382Z</time>
      </trkpt>
      <trkpt lat="50.990333" lon="2.132212">
        <ele>2.382150</ele>
        <time>2025-12-15T21:25:44.716Z</time>
      </trkpt>
      <trkpt lat="50.990231" lon="2.132224">
        <ele>2.401824</ele>
        <time>2025-12-15T21:25:49.372Z</time>
      </trkpt>
      <trkpt lat="50.990200" lon="2.132219">
        <ele>2.407818</ele>
        <time>2025-12-15T21:25:50.766Z</time>
      </trkpt>
      <trkpt lat="50.990153" lon="2.132158">
        <ele>2.419493</ele>
        <time>2025-12-15T21:25:53.549Z</time>
      </trkpt>
      <trkpt lat="50.990054" lon="2.131756">
        <ele>2.471760</ele>
        <time>2025-12-15T21:26:06.007Z</time>
      </trkpt>
      <trkpt lat="50.990020" lon="2.131717">
        <ele>2.479827</ele>
        <time>2025-12-15T21:26:08.023Z</time>
      </trkpt>
      <trkpt lat="50.989989" lon="2.131773">
        <ele>2.488857</ele>
        <time>2025-12-15T21:26:10.235Z</time>
      </trkpt>
      <trkpt lat="50.989944" lon="2.132241">
        <ele>2.546181</ele>
        <time>2025-12-15T21:26:24.302Z</time>
      </trkpt>
      <trkpt lat="50.989941" lon="2.132255">
        <ele>2.547971</ele>
        <time>2025-12-15T21:26:24.744Z</time>
      </trkpt>
      <trkpt lat="50.989874" lon="2.132567">
        <ele>2.587887</ele>
        <time>2025-12-15T21:26:34.434Z</time>
      </trkpt>
      <trkpt lat="50.989784" lon="2.132651">
        <ele>2.607966</ele>
        <time>2025-12-15T21:26:39.282Z</time>
      </trkpt>
      <trkpt lat="50.989672" lon="2.132646">
        <ele>2.629519</ele>
        <time>2025-12-15T21:26:44.366Z</time>
      </trkpt>
      <trkpt lat="50.989402" lon="2.132464">
        <ele>2.685938</ele>
        <time>2025-12-15T21:26:57.201Z</time>
      </trkpt>
      <trkpt lat="50.989155" lon="2.132438">
        <ele>2.731155</ele>
        <time>2025-12-15T21:27:07.920Z</time>
      </trkpt>
      <trkpt lat="50.989068" lon="2.132459">
        <ele>2.746755</ele>
        <time>2025-12-15T21:27:11.701Z</time>
      </trkpt>
      <trkpt lat="50.989013" lon="2.132495">
        <ele>2.757301</ele>
        <time>2025-12-15T21:27:14.299Z</time>
      </trkpt>
      <trkpt lat="50.988805" lon="2.131720">
        <ele>2.851319</ele>
        <time>2025-12-15T21:27:27.470Z</time>
      </trkpt>
      <trkpt lat="50.988666" lon="2.131210">
        <ele>2.913337</ele>
        <time>2025-12-15T21:27:36.747Z</time>
      </trkpt>
      <trkpt lat="50.988561" lon="2.130874">
        <ele>2.955199</ele>
        <time>2025-12-15T21:27:43.562Z</time>
      </trkpt>
      <trkpt lat="50.988430" lon="2.130575">
        <ele>2.995852</ele>
        <time>2025-12-15T21:27:50.358Z</time>
      </trkpt>
      <trkpt lat="50.988325" lon="2.130386">
        <ele>3.041197</ele>
        <time>2025-12-15T21:27:55.323Z</time>
      </trkpt>
      <trkpt lat="50.988287" lon="2.130317">
        <ele>3.132134</ele>
        <time>2025-12-15T21:27:57.228Z</time>
      </trkpt>
      <trkpt lat="50.988268" lon="2.130283">
        <ele>3.177230</ele>
        <time>2025-12-15T21:27:58.162Z</time>
      </trkpt>
      <trkpt lat="50.988129" lon="2.130035">
        <ele>3.506598</ele>
        <time>2025-12-15T21:28:04.965Z</time>
      </trkpt>
      <trkpt lat="50.988094" lon="2.129889">
        <ele>3.661560</ele>
        <time>2025-12-15T21:28:08.357Z</time>
      </trkpt>
      <trkpt lat="50.988091" lon="2.129871">
        <ele>3.680030</ele>
        <time>2025-12-15T21:28:08.741Z</time>
      </trkpt>
      <trkpt lat="50.987944" lon="2.128657">
        <ele>4.906267</ele>
        <time>2025-12-15T21:28:36.736Z</time>
      </trkpt>
      <trkpt lat="50.987865" lon="2.127539">
        <ele>5.916328</ele>
        <time>2025-12-15T21:29:01.878Z</time>
      </trkpt>
      <trkpt lat="50.987789" lon="2.126607">
        <ele>6.254822</ele>
        <time>2025-12-15T21:29:20.778Z</time>
      </trkpt>
      <trkpt lat="50.987750" lon="2.126389">
        <ele>6.336452</ele>
        <time>2025-12-15T21:29:24.844Z</time>
      </trkpt>
      <trkpt lat="50.987592" lon="2.126227">
        <ele>6.444052</ele>
        <time>2025-12-15T21:29:29.978Z</time>
      </trkpt>
      <trkpt lat="50.987077" lon="2.125877">
        <ele>6.764561</ele>
        <time>2025-12-15T21:29:44.786Z</time>
      </trkpt>
      <trkpt lat="50.987007" lon="2.125837">
        <ele>6.807126</ele>
        <time>2025-12-15T21:29:46.697Z</time>
      </trkpt>
      <trkpt lat="50.986943" lon="2.125868">
        <ele>6.845411</ele>
        <time>2025-12-15T21:29:48.486Z</time>
      </trkpt>
      <trkpt lat="50.986703" lon="2.126073">
        <ele>6.833675</ele>
        <time>2025-12-15T21:29:58.052Z</time>
      </trkpt>
      <trkpt lat="50.986636" lon="2.126133">
        <ele>6.814184</ele>
        <time>2025-12-15T21:30:00.852Z</time>
      </trkpt>
      <trkpt lat="50.986623" lon="2.126097">
        <ele>6.807564</ele>
        <time>2025-12-15T21:30:01.724Z</time>
      </trkpt>
      <trkpt lat="50.986600" lon="2.126032">
        <ele>6.795669</ele>
        <time>2025-12-15T21:30:03.308Z</time>
      </trkpt>
      <trkpt lat="50.986623" lon="2.126097">
        <ele>6.783774</ele>
        <time>2025-12-15T21:30:05.006Z</time>
      </trkpt>
      <trkpt lat="50.986636" lon="2.126133">
        <ele>6.777153</ele>
        <time>2025-12-15T21:30:05.915Z</time>
      </trkpt>
      <trkpt lat="50.986505" lon="2.126245">
        <ele>6.739454</ele>
        <time>2025-12-15T21:30:11.037Z</time>
      </trkpt>
      <trkpt lat="50.986388" lon="2.126340">
        <ele>6.706156</ele>
        <time>2025-12-15T21:30:15.512Z</time>
      </trkpt>
      <trkpt lat="50.986285" lon="2.126371">
        <ele>6.679590</ele>
        <time>2025-12-15T21:30:19.020Z</time>
      </trkpt>
      <trkpt lat="50.986277" lon="2.127088">
        <ele>6.565193</ele>
        <time>2025-12-15T21:30:30.709Z</time>
      </trkpt>
      <trkpt lat="50.986241" lon="2.127210">
        <ele>6.543698</ele>
        <time>2025-12-15T21:30:33.016Z</time>
      </trkpt>
      <trkpt lat="50.985942" lon="2.128451">
        <ele>6.079369</ele>
        <time>2025-12-15T21:30:53.801Z</time>
      </trkpt>
      <trkpt lat="50.985870" lon="2.129589">
        <ele>5.425225</ele>
        <time>2025-12-15T21:31:10.518Z</time>
      </trkpt>
      <trkpt lat="50.985850" lon="2.129812">
        <ele>5.296395</ele>
        <time>2025-12-15T21:31:13.807Z</time>
      </trkpt>
      <trkpt lat="50.985805" lon="2.129931">
        <ele>5.216998</ele>
        <time>2025-12-15T21:31:15.857Z</time>
      </trkpt>
      <trkpt lat="50.985782" lon="2.130200">
        <ele>5.061734</ele>
        <time>2025-12-15T21:31:19.802Z</time>
      </trkpt>
      <trkpt lat="50.985793" lon="2.130307">
        <ele>4.999726</ele>
        <time>2025-12-15T21:31:21.353Z</time>
      </trkpt>
      <trkpt lat="50.985734" lon="2.130298">
        <ele>4.945875</ele>
        <time>2025-12-15T21:31:22.708Z</time>
      </trkpt>
      <trkpt lat="50.985330" lon="2.130241">
        <ele>4.513653</ele>
        <time>2025-12-15T21:31:31.679Z</time>
      </trkpt>
      <trkpt lat="50.985251" lon="2.130216">
        <ele>4.419056</ele>
        <time>2025-12-15T21:31:33.469Z</time>
      </trkpt>
      <trkpt lat="50.985201" lon="2.130152">
        <ele>4.343648</ele>
        <time>2025-12-15T21:31:34.864Z</time>
      </trkpt>
      <trkpt lat="50.985011" lon="2.130310">
        <ele>4.091795</ele>
        <time>2025-12-15T21:31:39.856Z</time>
      </trkpt>
      <trkpt lat="50.984989" lon="2.130449">
        <ele>3.985836</ele>
        <time>2025-12-15T21:31:41.886Z</time>
      </trkpt>
      <trkpt lat="50.984967" lon="2.130587">
        <ele>3.880594</ele>
        <time>2025-12-15T21:31:43.929Z</time>
      </trkpt>
      <trkpt lat="50.984916" lon="2.130870">
        <ele>3.662972</ele>
        <time>2025-12-15T21:31:48.124Z</time>
      </trkpt>
      <trkpt lat="50.984946" lon="2.131213">
        <ele>3.406961</ele>
        <time>2025-12-15T21:31:52.996Z</time>
      </trkpt>
      <trkpt lat="50.984955" lon="2.131334">
        <ele>3.316885</ele>
        <time>2025-12-15T21:31:54.772Z</time>
      </trkpt>
      <trkpt lat="50.984971" lon="2.131675">
        <ele>3.064089</ele>
        <time>2025-12-15T21:32:01.329Z</time>
      </trkpt>
      <trkpt lat="50.984973" lon="2.131781">
        <ele>2.985689</ele>
        <time>2025-12-15T21:32:03.406Z</time>
      </trkpt>
      <trkpt lat="50.984977" lon="2.132018">
        <ele>2.810415</ele>
        <time>2025-12-15T21:32:08.047Z</time>
      </trkpt>
      <trkpt lat="50.984968" lon="2.132167">
        <ele>2.699756</ele>
        <time>2025-12-15T21:32:10.963Z</time>
      </trkpt>
      <trkpt lat="50.984964" lon="2.132238">
        <ele>2.677892</ele>
        <time>2025-12-15T21:32:12.400Z</time>
      </trkpt>
      <trkpt lat="50.984957" lon="2.132306">
        <ele>2.670722</ele>
        <time>2025-12-15T21:32:13.443Z</time>
      </trkpt>
      <trkpt lat="50.984927" lon="2.132468">
        <ele>2.653151</ele>
        <time>2025-12-15T21:32:15.903Z</time>
      </trkpt>
      <trkpt lat="50.984867" lon="2.132601">
        <ele>2.636125</ele>
        <time>2025-12-15T21:32:18.357Z</time>
      </trkpt>
      <trkpt lat="50.984592" lon="2.132870">
        <ele>2.582742</ele>
        <time>2025-12-15T21:32:26.550Z</time>
      </trkpt>
      <trkpt lat="50.984376" lon="2.132735">
        <ele>2.544375</ele>
        <time>2025-12-15T21:32:33.549Z</time>
      </trkpt>
      <trkpt lat="50.984209" lon="2.132733">
        <ele>2.516770</ele>
        <time>2025-12-15T21:32:38.657Z</time>
      </trkpt>
      <trkpt lat="50.983771" lon="2.132640">
        <ele>2.443728</ele>
        <time>2025-12-15T21:32:52.125Z</time>
      </trkpt>
      <trkpt lat="50.983456" lon="2.132718">
        <ele>2.391032</ele>
        <time>2025-12-15T21:33:01.840Z</time>
      </trkpt>
      <trkpt lat="50.983375" lon="2.132691">
        <ele>2.389431</ele>
        <time>2025-12-15T21:33:04.320Z</time>
      </trkpt>
      <trkpt lat="50.983346" lon="2.132649">
        <ele>2.392397</ele>
        <time>2025-12-15T21:33:05.537Z</time>
      </trkpt>
      <trkpt lat="50.983304" lon="2.132544">
        <ele>2.398317</ele>
        <time>2025-12-15T21:33:07.908Z</time>
      </trkpt>
      <trkpt lat="50.983288" lon="2.132403">
        <ele>2.405134</ele>
        <time>2025-12-15T21:33:10.634Z</time>
      </trkpt>
      <trkpt lat="50.983353" lon="2.131053">
        <ele>2.469560</ele>
        <time>2025-12-15T21:33:36.575Z</time>
      </trkpt>
      <trkpt lat="50.983284" lon="2.130434">
        <ele>2.499473</ele>
        <time>2025-12-15T21:33:48.274Z</time>
      </trkpt>
      <trkpt lat="50.983180" lon="2.130076">
        <ele>2.518235</ele>
        <time>2025-12-15T21:33:55.522Z</time>
      </trkpt>
      <trkpt lat="50.982939" lon="2.129754">
        <ele>2.501379</ele>
        <time>2025-12-15T21:34:04.674Z</time>
      </trkpt>
      <trkpt lat="50.982757" lon="2.129628">
        <ele>2.486546</ele>
        <time>2025-12-15T21:34:10.422Z</time>
      </trkpt>
      <trkpt lat="50.982514" lon="2.129407">
        <ele>2.465625</ele>
        <time>2025-12-15T21:34:18.606Z</time>
      </trkpt>
      <trkpt lat="50.982381" lon="2.129286">
        <ele>2.454174</ele>
        <time>2025-12-15T21:34:23.089Z</time>
      </trkpt>
      <trkpt lat="50.981926" lon="2.129002">
        <ele>2.417649</ele>
        <time>2025-12-15T21:34:37.386Z</time>
      </trkpt>
      <trkpt lat="50.981887" lon="2.128848">
        <ele>2.409841</ele>
        <time>2025-12-15T21:34:40.474Z</time>
      </trkpt>
      <trkpt lat="50.981932" lon="2.128707">
        <ele>2.402405</ele>
        <time>2025-12-15T21:34:43.428Z</time>
      </trkpt>
      <trkpt lat="50.982188" lon="2.128378">
        <ele>2.345621</ele>
        <time>2025-12-15T21:34:53.233Z</time>
      </trkpt>
      <trkpt lat="50.982355" lon="2.128062">
        <ele>2.259814</ele>
        <time>2025-12-15T21:35:00.977Z</time>
      </trkpt>
      <trkpt lat="50.982794" lon="2.127476">
        <ele>2.070380</ele>
        <time>2025-12-15T21:35:17.498Z</time>
      </trkpt>
      <trkpt lat="50.982878" lon="2.127319">
        <ele>2.027529</ele>
        <time>2025-12-15T21:35:21.115Z</time>
      </trkpt>
      <trkpt lat="50.983016" lon="2.126943">
        <ele>1.937012</ele>
        <time>2025-12-15T21:35:28.578Z</time>
      </trkpt>
      <trkpt lat="50.983075" lon="2.126567">
        <ele>1.856422</ele>
        <time>2025-12-15T21:35:35.116Z</time>
      </trkpt>
      <trkpt lat="50.983096" lon="2.126274">
        <ele>1.795092</ele>
        <time>2025-12-15T21:35:40.089Z</time>
      </trkpt>
      <trkpt lat="50.982953" lon="2.125661">
        <ele>1.668859</ele>
        <time>2025-12-15T21:35:51.304Z</time>
      </trkpt>
      <trkpt lat="50.982790" lon="2.125213">
        <ele>1.569062</ele>
        <time>2025-12-15T21:36:00.388Z</time>
      </trkpt>
      <trkpt lat="50.982694" lon="2.125223">
        <ele>1.539589</ele>
        <time>2025-12-15T21:36:03.077Z</time>
      </trkpt>
      <trkpt lat="50.982580" lon="2.125225">
        <ele>1.504662</ele>
        <time>2025-12-15T21:36:06.268Z</time>
      </trkpt>
      <trkpt lat="50.982367" lon="2.125018">
        <ele>1.428164</ele>
        <time>2025-12-15T21:36:13.374Z</time>
      </trkpt>
      <trkpt lat="50.982205" lon="2.124909">
        <ele>1.374266</ele>
        <time>2025-12-15T21:36:18.525Z</time>
      </trkpt>
      <trkpt lat="50.982024" lon="2.125018">
        <ele>1.314964</ele>
        <time>2025-12-15T21:36:27.095Z</time>
      </trkpt>
      <trkpt lat="50.981946" lon="2.125132">
        <ele>1.282492</ele>
        <time>2025-12-15T21:36:31.851Z</time>
      </trkpt>
      <trkpt lat="50.981915" lon="2.125270">
        <ele>1.254232</ele>
        <time>2025-12-15T21:36:35.998Z</time>
      </trkpt>
      <trkpt lat="50.981935" lon="2.125306">
        <ele>1.244972</ele>
        <time>2025-12-15T21:36:36.865Z</time>
      </trkpt>
      <trkpt lat="50.982017" lon="2.125429">
        <ele>1.243443</ele>
        <time>2025-12-15T21:36:40.051Z</time>
      </trkpt>
      <trkpt lat="50.982087" lon="2.125524">
        <ele>1.244735</ele>
        <time>2025-12-15T21:36:42.692Z</time>
      </trkpt>
      <trkpt lat="50.981990" lon="2.125717">
        <ele>1.246916</ele>
        <time>2025-12-15T21:36:49.736Z</time>
      </trkpt>
      <trkpt lat="50.982023" lon="2.125848">
        <ele>1.248163</ele>
        <time>2025-12-15T21:36:53.724Z</time>
      </trkpt>
      <trkpt lat="50.981984" lon="2.125897">
        <ele>1.248860</ele>
        <time>2025-12-15T21:36:55.935Z</time>
      </trkpt>
      <trkpt lat="50.981884" lon="2.126011">
        <ele>1.250587</ele>
        <time>2025-12-15T21:37:01.398Z</time>
      </trkpt>
      <trkpt lat="50.981107" lon="2.127222">
        <ele>1.265861</ele>
        <time>2025-12-15T21:37:49.639Z</time>
      </trkpt>
      <trkpt lat="50.980699" lon="2.127857">
        <ele>1.347544</ele>
        <time>2025-12-15T21:38:15.400Z</time>
      </trkpt>
      <trkpt lat="50.980365" lon="2.128330">
        <ele>1.423455</ele>
        <time>2025-12-15T21:38:35.683Z</time>
      </trkpt>
      <trkpt lat="50.980099" lon="2.128632">
        <ele>1.478923</ele>
        <time>2025-12-15T21:38:50.581Z</time>
      </trkpt>
      <trkpt lat="50.978425" lon="2.130701">
        <ele>1.849773</ele>
        <time>2025-12-15T21:39:51.262Z</time>
      </trkpt>
      <trkpt lat="50.978313" lon="2.130893">
        <ele>1.878885</ele>
        <time>2025-12-15T21:39:56.071Z</time>
      </trkpt>
      <trkpt lat="50.978223" lon="2.131290">
        <ele>1.889593</ele>
        <time>2025-12-15T21:40:03.793Z</time>
      </trkpt>
      <trkpt lat="50.978123" lon="2.131357">
        <ele>1.889319</ele>
        <time>2025-12-15T21:40:06.940Z</time>
      </trkpt>
      <trkpt lat="50.978017" lon="2.131315">
        <ele>1.889043</ele>
        <time>2025-12-15T21:40:10.110Z</time>
      </trkpt>
      <trkpt lat="50.977928" lon="2.131268">
        <ele>1.888806</ele>
        <time>2025-12-15T21:40:12.835Z</time>
      </trkpt>
      <trkpt lat="50.977761" lon="2.131083">
        <ele>1.888292</ele>
        <time>2025-12-15T21:40:18.714Z</time>
      </trkpt>
      <trkpt lat="50.976077" lon="2.135075">
        <ele>1.408752</ele>
        <time>2025-12-15T21:41:40.352Z</time>
      </trkpt>
      <trkpt lat="50.975956" lon="2.134971">
        <ele>1.350118</ele>
        <time>2025-12-15T21:41:44.100Z</time>
      </trkpt>
      <trkpt lat="50.975874" lon="2.134855">
        <ele>1.303320</ele>
        <time>2025-12-15T21:41:47.089Z</time>
      </trkpt>
      <trkpt lat="50.975612" lon="2.134077">
        <ele>1.066570</ele>
        <time>2025-12-15T21:42:02.213Z</time>
      </trkpt>
      <trkpt lat="50.975108" lon="2.134496">
        <ele>0.824132</ele>
        <time>2025-12-15T21:42:16.202Z</time>
      </trkpt>
      <trkpt lat="50.974695" lon="2.134930">
        <ele>0.690706</ele>
        <time>2025-12-15T21:42:28.895Z</time>
      </trkpt>
      <trkpt lat="50.973754" lon="2.136245">
        <ele>0.611355</ele>
        <time>2025-12-15T21:43:02.268Z</time>
      </trkpt>
      <trkpt lat="50.973710" lon="2.136306">
        <ele>0.607657</ele>
        <time>2025-12-15T21:43:03.844Z</time>
      </trkpt>
      <trkpt lat="50.973307" lon="2.136813">
        <ele>0.579309</ele>
        <time>2025-12-15T21:43:17.529Z</time>
      </trkpt>
      <trkpt lat="50.972262" lon="2.137907">
        <ele>0.521859</ele>
        <time>2025-12-15T21:43:50.553Z</time>
      </trkpt>
      <trkpt lat="50.972009" lon="2.138140">
        <ele>0.508435</ele>
        <time>2025-12-15T21:43:58.312Z</time>
      </trkpt>
      <trkpt lat="50.971644" lon="2.138402">
        <ele>0.506140</ele>
        <time>2025-12-15T21:44:08.823Z</time>
      </trkpt>
      <trkpt lat="50.971198" lon="2.138671">
        <ele>0.504064</ele>
        <time>2025-12-15T21:44:21.583Z</time>
      </trkpt>
      <trkpt lat="50.970932" lon="2.138788">
        <ele>0.502864</ele>
        <time>2025-12-15T21:44:29.105Z</time>
      </trkpt>
      <trkpt lat="50.970561" lon="2.138929">
        <ele>0.501204</ele>
        <time>2025-12-15T21:44:39.321Z</time>
      </trkpt>
      <trkpt lat="50.970256" lon="2.138743">
        <ele>0.503854</ele>
        <time>2025-12-15T21:44:47.991Z</time>
      </trkpt>
      <trkpt lat="50.970201" lon="2.138895">
        <ele>0.512382</ele>
        <time>2025-12-15T21:44:51.208Z</time>
      </trkpt>
      <trkpt lat="50.970181" lon="2.138900">
        <ele>0.513946</ele>
        <time>2025-12-15T21:44:51.781Z</time>
      </trkpt>
      <trkpt lat="50.970117" lon="2.138926">
        <ele>0.519049</ele>
        <time>2025-12-15T21:44:53.709Z</time>
      </trkpt>
      <trkpt lat="50.969745" lon="2.139330">
        <ele>0.553861</ele>
        <time>2025-12-15T21:45:06.914Z</time>
      </trkpt>
      <trkpt lat="50.969763" lon="2.139623">
        <ele>0.568181</ele>
        <time>2025-12-15T21:45:12.585Z</time>
      </trkpt>
      <trkpt lat="50.969747" lon="2.140005">
        <ele>0.586804</ele>
        <time>2025-12-15T21:45:19.985Z</time>
      </trkpt>
      <trkpt lat="50.969693" lon="2.140323">
        <ele>0.602825</ele>
        <time>2025-12-15T21:45:26.288Z</time>
      </trkpt>
      <trkpt lat="50.969597" lon="2.140627">
        <ele>0.619367</ele>
        <time>2025-12-15T21:45:32.875Z</time>
      </trkpt>
      <trkpt lat="50.969835" lon="2.140740">
        <ele>0.638556</ele>
        <time>2025-12-15T21:45:40.613Z</time>
      </trkpt>
      <trkpt lat="50.970056" lon="2.140953">
        <ele>0.626235</ele>
        <time>2025-12-15T21:45:48.430Z</time>
      </trkpt>
      <trkpt lat="50.970168" lon="2.141096">
        <ele>0.619038</ele>
        <time>2025-12-15T21:45:52.669Z</time>
      </trkpt>
      <trkpt lat="50.970350" lon="2.141452">
        <ele>0.604578</ele>
        <time>2025-12-15T21:46:01.162Z</time>
      </trkpt>
      <trkpt lat="50.970267" lon="2.141752">
        <ele>0.594244</ele>
        <time>2025-12-15T21:46:10.296Z</time>
      </trkpt>
      <trkpt lat="50.970232" lon="2.141964">
        <ele>0.587333</ele>
        <time>2025-12-15T21:46:16.338Z</time>
      </trkpt>
      <trkpt lat="50.970063" lon="2.142768">
        <ele>0.560603</ele>
        <time>2025-12-15T21:46:31.768Z</time>
      </trkpt>
      <trkpt lat="50.969980" lon="2.143023">
        <ele>0.551551</ele>
        <time>2025-12-15T21:46:37.019Z</time>
      </trkpt>
      <trkpt lat="50.969827" lon="2.143371">
        <ele>0.548720</ele>
        <time>2025-12-15T21:46:44.642Z</time>
      </trkpt>
      <trkpt lat="50.969808" lon="2.143564">
        <ele>0.548638</ele>
        <time>2025-12-15T21:46:48.124Z</time>
      </trkpt>
      <trkpt lat="50.969913" lon="2.143682">
        <ele>0.548552</ele>
        <time>2025-12-15T21:46:51.798Z</time>
      </trkpt>
      <trkpt lat="50.969982" lon="2.143668">
        <ele>0.548506</ele>
        <time>2025-12-15T21:46:53.788Z</time>
      </trkpt>
      <trkpt lat="50.970127" lon="2.143367">
        <ele>0.548346</ele>
        <time>2025-12-15T21:47:00.770Z</time>
      </trkpt>
      <trkpt lat="50.970313" lon="2.143093">
        <ele>0.548177</ele>
        <time>2025-12-15T21:47:08.385Z</time>
      </trkpt>
      <trkpt lat="50.970408" lon="2.142985">
        <ele>0.548099</ele>
        <time>2025-12-15T21:47:11.907Z</time>
      </trkpt>
      <trkpt lat="50.970441" lon="2.142987">
        <ele>0.548077</ele>
        <time>2025-12-15T21:47:12.944Z</time>
      </trkpt>
      <trkpt lat="50.970450" lon="2.143018">
        <ele>0.548063</ele>
        <time>2025-12-15T21:47:13.584Z</time>
      </trkpt>
      <trkpt lat="50.970265" lon="2.143562">
        <ele>0.547803</ele>
        <time>2025-12-15T21:47:25.635Z</time>
      </trkpt>
      <trkpt lat="50.970147" lon="2.144269">
        <ele>0.630049</ele>
        <time>2025-12-15T21:47:39.738Z</time>
      </trkpt>
      <trkpt lat="50.969887" lon="2.144906">
        <ele>0.787719</ele>
        <time>2025-12-15T21:47:54.280Z</time>
      </trkpt>
      <trkpt lat="50.969666" lon="2.145590">
        <ele>0.947400</ele>
        <time>2025-12-15T21:48:09.408Z</time>
      </trkpt>
      <trkpt lat="50.969661" lon="2.145606">
        <ele>0.951110</ele>
        <time>2025-12-15T21:48:09.771Z</time>
      </trkpt>
      <trkpt lat="50.969470" lon="2.146070">
        <ele>1.066250</ele>
        <time>2025-12-15T21:48:21.009Z</time>
      </trkpt>
      <trkpt lat="50.969470" lon="2.146269">
        <ele>1.107584</ele>
        <time>2025-12-15T21:48:25.039Z</time>
      </trkpt>
      <trkpt lat="50.969567" lon="2.146589">
        <ele>1.142038</ele>
        <time>2025-12-15T21:48:32.125Z</time>
      </trkpt>
      <trkpt lat="50.969583" lon="2.146795">
        <ele>1.143233</ele>
        <time>2025-12-15T21:48:36.224Z</time>
      </trkpt>
      <trkpt lat="50.969522" lon="2.147119">
        <ele>1.145179</ele>
        <time>2025-12-15T21:48:42.885Z</time>
      </trkpt>
      <trkpt lat="50.969411" lon="2.147377">
        <ele>1.146977</ele>
        <time>2025-12-15T21:48:48.944Z</time>
      </trkpt>
      <trkpt lat="50.969171" lon="2.147629">
        <ele>1.149606</ele>
        <time>2025-12-15T21:48:57.591Z</time>
      </trkpt>
      <trkpt lat="50.968694" lon="2.148316">
        <ele>1.155490</ele>
        <time>2025-12-15T21:49:16.055Z</time>
      </trkpt>
      <trkpt lat="50.968344" lon="2.148622">
        <ele>1.103340</ele>
        <time>2025-12-15T21:49:27.030Z</time>
      </trkpt>
      <trkpt lat="50.968145" lon="2.148745">
        <ele>1.044374</ele>
        <time>2025-12-15T21:49:32.921Z</time>
      </trkpt>
      <trkpt lat="50.967690" lon="2.148832">
        <ele>0.917829</ele>
        <time>2025-12-15T21:49:45.678Z</time>
      </trkpt>
      <trkpt lat="50.967655" lon="2.148858">
        <ele>0.907159</ele>
        <time>2025-12-15T21:49:46.757Z</time>
      </trkpt>
      <trkpt lat="50.967485" lon="2.148986">
        <ele>0.855207</ele>
        <time>2025-12-15T21:49:52.091Z</time>
      </trkpt>
      <trkpt lat="50.967389" lon="2.149124">
        <ele>0.819450</ele>
        <time>2025-12-15T21:49:55.786Z</time>
      </trkpt>
      <trkpt lat="50.967319" lon="2.149406">
        <ele>0.766740</ele>
        <time>2025-12-15T21:50:01.303Z</time>
      </trkpt>
      <trkpt lat="50.967362" lon="2.150096">
        <ele>0.661054</ele>
        <time>2025-12-15T21:50:14.215Z</time>
      </trkpt>
      <trkpt lat="50.967332" lon="2.150651">
        <ele>0.663429</ele>
        <time>2025-12-15T21:50:24.839Z</time>
      </trkpt>
      <trkpt lat="50.967312" lon="2.150679">
        <ele>0.663610</ele>
        <time>2025-12-15T21:50:25.637Z</time>
      </trkpt>
      <trkpt lat="50.967246" lon="2.150702">
        <ele>0.664067</ele>
        <time>2025-12-15T21:50:27.690Z</time>
      </trkpt>
      <trkpt lat="50.967193" lon="2.150722">
        <ele>0.664436</ele>
        <time>2025-12-15T21:50:29.322Z</time>
      </trkpt>
      <trkpt lat="50.967157" lon="2.150736">
        <ele>0.664687</ele>
        <time>2025-12-15T21:50:30.442Z</time>
      </trkpt>
      <trkpt lat="50.967163" lon="2.151114">
        <ele>0.666299</ele>
        <time>2025-12-15T21:50:37.554Z</time>
      </trkpt>
      <trkpt lat="50.967351" lon="2.151715">
        <ele>0.669161</ele>
        <time>2025-12-15T21:50:50.245Z</time>
      </trkpt>
      <trkpt lat="50.967524" lon="2.152096">
        <ele>0.671164</ele>
        <time>2025-12-15T21:50:59.068Z</time>
      </trkpt>
      <trkpt lat="50.967740" lon="2.152383">
        <ele>0.670204</ele>
        <time>2025-12-15T21:51:07.373Z</time>
      </trkpt>
      <trkpt lat="50.967635" lon="2.152516">
        <ele>0.657714</ele>
        <time>2025-12-15T21:51:10.913Z</time>
      </trkpt>
      <trkpt lat="50.967330" lon="2.153146">
        <ele>0.611178</ele>
        <time>2025-12-15T21:51:23.809Z</time>
      </trkpt>
      <trkpt lat="50.967294" lon="2.153221">
        <ele>0.605655</ele>
        <time>2025-12-15T21:51:25.316Z</time>
      </trkpt>
      <trkpt lat="50.967308" lon="2.153293">
        <ele>0.601242</ele>
        <time>2025-12-15T21:51:26.683Z</time>
      </trkpt>
      <trkpt lat="50.967346" lon="2.153437">
        <ele>0.592099</ele>
        <time>2025-12-15T21:51:29.484Z</time>
      </trkpt>
      <trkpt lat="50.967441" lon="2.153821">
        <ele>0.567938</ele>
        <time>2025-12-15T21:51:37.051Z</time>
      </trkpt>
      <trkpt lat="50.967409" lon="2.153894">
        <ele>0.562729</ele>
        <time>2025-12-15T21:51:38.534Z</time>
      </trkpt>
      <trkpt lat="50.967421" lon="2.154102">
        <ele>0.550497</ele>
        <time>2025-12-15T21:51:42.029Z</time>
      </trkpt>
      <trkpt lat="50.967552" lon="2.154597">
        <ele>0.519053</ele>
        <time>2025-12-15T21:51:50.979Z</time>
      </trkpt>
      <trkpt lat="50.968014" lon="2.156372">
        <ele>0.555726</ele>
        <time>2025-12-15T21:52:23.292Z</time>
      </trkpt>
      <trkpt lat="50.968361" lon="2.157663">
        <ele>0.612288</ele>
        <time>2025-12-15T21:52:47.336Z</time>
      </trkpt>
      <trkpt lat="50.969450" lon="2.162517">
        <ele>1.117270</ele>
        <time>2025-12-15T21:54:16.427Z</time>
      </trkpt>
      <trkpt lat="50.969544" lon="2.163048">
        <ele>1.169803</ele>
        <time>2025-12-15T21:54:25.916Z</time>
      </trkpt>
      <trkpt lat="50.969581" lon="2.163578">
        <ele>1.214218</ele>
        <time>2025-12-15T21:54:35.157Z</time>
      </trkpt>
      <trkpt lat="50.969690" lon="2.163488">
        <ele>1.230467</ele>
        <time>2025-12-15T21:54:38.531Z</time>
      </trkpt>
      <trkpt lat="50.970078" lon="2.163095">
        <ele>1.291336</ele>
        <time>2025-12-15T21:54:51.189Z</time>
      </trkpt>
      <trkpt lat="50.970162" lon="2.163075">
        <ele>1.302571</ele>
        <time>2025-12-15T21:54:53.553Z</time>
      </trkpt>
      <trkpt lat="50.970248" lon="2.163181">
        <ele>1.316970</ele>
        <time>2025-12-15T21:54:56.558Z</time>
      </trkpt>
      <trkpt lat="50.970937" lon="2.165145">
        <ele>1.377383</ele>
        <time>2025-12-15T21:55:34.512Z</time>
      </trkpt>
      <trkpt lat="50.971032" lon="2.165411">
        <ele>1.374943</ele>
        <time>2025-12-15T21:55:39.611Z</time>
      </trkpt>
      <trkpt lat="50.971214" lon="2.166110">
        <ele>1.368910</ele>
        <time>2025-12-15T21:55:52.249Z</time>
      </trkpt>
      <trkpt lat="50.971647" lon="2.167565">
        <ele>1.348646</ele>
        <time>2025-12-15T21:56:19.097Z</time>
      </trkpt>
      <trkpt lat="50.971947" lon="2.167351">
        <ele>1.341260</ele>
        <time>2025-12-15T21:56:30.783Z</time>
      </trkpt>
      <trkpt lat="50.972045" lon="2.167343">
        <ele>1.339057</ele>
        <time>2025-12-15T21:56:34.253Z</time>
      </trkpt>
      <trkpt lat="50.972301" lon="2.167974">
        <ele>1.328442</ele>
        <time>2025-12-15T21:56:50.779Z</time>
      </trkpt>
      <trkpt lat="50.972325" lon="2.168050">
        <ele>1.327240</ele>
        <time>2025-12-15T21:56:52.654Z</time>
      </trkpt>
      <trkpt lat="50.972359" lon="2.168121">
        <ele>1.325979</ele>
        <time>2025-12-15T21:56:55.077Z</time>
      </trkpt>
      <trkpt lat="50.972566" lon="2.168329">
        <ele>1.294458</ele>
        <time>2025-12-15T21:57:05.776Z</time>
      </trkpt>
      <trkpt lat="50.972778" lon="2.168364">
        <ele>1.263814</ele>
        <time>2025-12-15T21:57:15.028Z</time>
      </trkpt>
      <trkpt lat="50.972896" lon="2.168434">
        <ele>1.245704</ele>
        <time>2025-12-15T21:57:20.459Z</time>
      </trkpt>
      <trkpt lat="50.972436" lon="2.169494">
        <ele>1.129158</ele>
        <time>2025-12-15T21:57:42.414Z</time>
      </trkpt>
      <trkpt lat="50.971523" lon="2.170738">
        <ele>1.038199</ele>
        <time>2025-12-15T21:58:15.311Z</time>
      </trkpt>
      <trkpt lat="50.971258" lon="2.171000">
        <ele>1.026623</ele>
        <time>2025-12-15T21:58:23.966Z</time>
      </trkpt>
      <trkpt lat="50.970911" lon="2.171254">
        <ele>1.012453</ele>
        <time>2025-12-15T21:58:34.584Z</time>
      </trkpt>
      <trkpt lat="50.970760" lon="2.171407">
        <ele>1.005811</ele>
        <time>2025-12-15T21:58:39.560Z</time>
      </trkpt>
      <trkpt lat="50.970605" lon="2.171665">
        <ele>1.005104</ele>
        <time>2025-12-15T21:58:45.850Z</time>
      </trkpt>
      <trkpt lat="50.970074" lon="2.172735">
        <ele>1.069646</ele>
        <time>2025-12-15T21:59:09.995Z</time>
      </trkpt>
      <trkpt lat="50.969888" lon="2.173043">
        <ele>1.089863</ele>
        <time>2025-12-15T21:59:17.594Z</time>
      </trkpt>
      <trkpt lat="50.969647" lon="2.173335">
        <ele>1.112669</ele>
        <time>2025-12-15T21:59:26.155Z</time>
      </trkpt>
      <trkpt lat="50.968943" lon="2.173967">
        <ele>1.133215</ele>
        <time>2025-12-15T21:59:48.942Z</time>
      </trkpt>
      <trkpt lat="50.968727" lon="2.174236">
        <ele>1.132078</ele>
        <time>2025-12-15T21:59:56.641Z</time>
      </trkpt>
      <trkpt lat="50.968596" lon="2.174459">
        <ele>1.131282</ele>
        <time>2025-12-15T22:00:01.995Z</time>
      </trkpt>
      <trkpt lat="50.968469" lon="2.174759">
        <ele>1.130339</ele>
        <time>2025-12-15T22:00:08.335Z</time>
      </trkpt>
      <trkpt lat="50.968400" lon="2.175031">
        <ele>1.129574</ele>
        <time>2025-12-15T22:00:13.421Z</time>
      </trkpt>
      <trkpt lat="50.968307" lon="2.175660">
        <ele>1.127889</ele>
        <time>2025-12-15T22:00:24.541Z</time>
      </trkpt>
      <trkpt lat="50.968234" lon="2.175839">
        <ele>1.125347</ele>
        <time>2025-12-15T22:00:28.189Z</time>
      </trkpt>
      <trkpt lat="50.968134" lon="2.175985">
        <ele>1.122694</ele>
        <time>2025-12-15T22:00:31.900Z</time>
      </trkpt>
      <trkpt lat="50.967978" lon="2.176145">
        <ele>1.119068</ele>
        <time>2025-12-15T22:00:36.953Z</time>
      </trkpt>
      <trkpt lat="50.967806" lon="2.176242">
        <ele>1.115504</ele>
        <time>2025-12-15T22:00:41.954Z</time>
      </trkpt>
      <trkpt lat="50.967653" lon="2.176262">
        <ele>1.112506</ele>
        <time>2025-12-15T22:00:46.182Z</time>
      </trkpt>
      <trkpt lat="50.967302" lon="2.176212">
        <ele>1.105624</ele>
        <time>2025-12-15T22:00:55.928Z</time>
      </trkpt>
      <trkpt lat="50.967053" lon="2.176271">
        <ele>1.100708</ele>
        <time>2025-12-15T22:01:02.959Z</time>
      </trkpt>
      <trkpt lat="50.966759" lon="2.176417">
        <ele>1.094693</ele>
        <time>2025-12-15T22:01:11.628Z</time>
      </trkpt>
      <trkpt lat="50.966446" lon="2.176649">
        <ele>1.116194</ele>
        <time>2025-12-15T22:01:21.500Z</time>
      </trkpt>
      <trkpt lat="50.966205" lon="2.176900">
        <ele>1.143707</ele>
        <time>2025-12-15T22:01:29.817Z</time>
      </trkpt>
      <trkpt lat="50.966023" lon="2.177139">
        <ele>1.166252</ele>
        <time>2025-12-15T22:01:36.638Z</time>
      </trkpt>
      <trkpt lat="50.964920" lon="2.178815">
        <ele>1.212091</ele>
        <time>2025-12-15T22:02:19.546Z</time>
      </trkpt>
      <trkpt lat="50.964630" lon="2.179245">
        <ele>1.170388</ele>
        <time>2025-12-15T22:02:30.267Z</time>
      </trkpt>
      <trkpt lat="50.964477" lon="2.179565">
        <ele>1.143794</ele>
        <time>2025-12-15T22:02:37.063Z</time>
      </trkpt>
      <trkpt lat="50.964219" lon="2.180661">
        <ele>1.074029</ele>
        <time>2025-12-15T22:02:56.806Z</time>
      </trkpt>
      <trkpt lat="50.964136" lon="2.181017">
        <ele>1.070227</ele>
        <time>2025-12-15T22:03:03.286Z</time>
      </trkpt>
      <trkpt lat="50.964013" lon="2.181356">
        <ele>1.066308</ele>
        <time>2025-12-15T22:03:10.032Z</time>
      </trkpt>
      <trkpt lat="50.963828" lon="2.181722">
        <ele>1.061607</ele>
        <time>2025-12-15T22:03:18.215Z</time>
      </trkpt>
      <trkpt lat="50.963513" lon="2.182141">
        <ele>1.055072</ele>
        <time>2025-12-15T22:03:29.731Z</time>
      </trkpt>
      <trkpt lat="50.963286" lon="2.182330">
        <ele>1.050995</ele>
        <time>2025-12-15T22:03:36.956Z</time>
      </trkpt>
      <trkpt lat="50.963111" lon="2.182378">
        <ele>1.048171</ele>
        <time>2025-12-15T22:03:41.987Z</time>
      </trkpt>
      <trkpt lat="50.962494" lon="2.182426">
        <ele>1.128469</ele>
        <time>2025-12-15T22:03:59.547Z</time>
      </trkpt>
      <trkpt lat="50.962356" lon="2.182481">
        <ele>1.150347</ele>
        <time>2025-12-15T22:04:03.600Z</time>
      </trkpt>
      <trkpt lat="50.962248" lon="2.182573">
        <ele>1.169194</ele>
        <time>2025-12-15T22:04:07.105Z</time>
      </trkpt>
      <trkpt lat="50.962073" lon="2.182876">
        <ele>1.209009</ele>
        <time>2025-12-15T22:04:14.507Z</time>
      </trkpt>
      <trkpt lat="50.961928" lon="2.183324">
        <ele>1.257792</ele>
        <time>2025-12-15T22:04:23.587Z</time>
      </trkpt>
      <trkpt lat="50.961877" lon="2.183594">
        <ele>1.285092</ele>
        <time>2025-12-15T22:04:28.682Z</time>
      </trkpt>
      <trkpt lat="50.961746" lon="2.184769">
        <ele>1.286738</ele>
        <time>2025-12-15T22:04:49.910Z</time>
      </trkpt>
      <trkpt lat="50.961620" lon="2.185138">
        <ele>1.267469</ele>
        <time>2025-12-15T22:04:57.256Z</time>
      </trkpt>
      <trkpt lat="50.961439" lon="2.185366">
        <ele>1.250630</ele>
        <time>2025-12-15T22:05:03.594Z</time>
      </trkpt>
      <trkpt lat="50.960129" lon="2.186320">
        <ele>1.218732</ele>
        <time>2025-12-15T22:05:42.604Z</time>
      </trkpt>
      <trkpt lat="50.959845" lon="2.186569">
        <ele>1.232128</ele>
        <time>2025-12-15T22:05:51.697Z</time>
      </trkpt>
      <trkpt lat="50.959625" lon="2.186938">
        <ele>1.245343</ele>
        <time>2025-12-15T22:06:00.773Z</time>
      </trkpt>
      <trkpt lat="50.959488" lon="2.187346">
        <ele>1.257368</ele>
        <time>2025-12-15T22:06:09.152Z</time>
      </trkpt>
      <trkpt lat="50.959428" lon="2.187866">
        <ele>1.283319</ele>
        <time>2025-12-15T22:06:18.854Z</time>
      </trkpt>
      <trkpt lat="50.959514" lon="2.191031">
        <ele>1.540703</ele>
        <time>2025-12-15T22:07:15.822Z</time>
      </trkpt>
      <trkpt lat="50.959631" lon="2.191983">
        <ele>1.543810</ele>
        <time>2025-12-15T22:07:32.611Z</time>
      </trkpt>
      <trkpt lat="50.959665" lon="2.192475">
        <ele>1.545395</ele>
        <time>2025-12-15T22:07:41.147Z</time>
      </trkpt>
      <trkpt lat="50.959638" lon="2.193663">
        <ele>1.551326</ele>
        <time>2025-12-15T22:08:01.794Z</time>
      </trkpt>
      <trkpt lat="50.959772" lon="2.196167">
        <ele>1.578022</ele>
        <time>2025-12-15T22:08:46.233Z</time>
      </trkpt>
      <trkpt lat="50.959816" lon="2.196477">
        <ele>1.605355</ele>
        <time>2025-12-15T22:08:51.730Z</time>
      </trkpt>
      <trkpt lat="50.960009" lon="2.197151">
        <ele>1.681093</ele>
        <time>2025-12-15T22:09:04.512Z</time>
      </trkpt>
      <trkpt lat="50.960056" lon="2.197514">
        <ele>1.719002</ele>
        <time>2025-12-15T22:09:10.952Z</time>
      </trkpt>
      <trkpt lat="50.960054" lon="2.197857">
        <ele>1.754090</ele>
        <time>2025-12-15T22:09:17.071Z</time>
      </trkpt>
      <trkpt lat="50.959976" lon="2.198434">
        <ele>1.814458</ele>
        <time>2025-12-15T22:09:27.923Z</time>
      </trkpt>
      <trkpt lat="50.959950" lon="2.198579">
        <ele>1.829881</ele>
        <time>2025-12-15T22:09:30.827Z</time>
      </trkpt>
      <trkpt lat="50.959923" lon="2.198946">
        <ele>1.867678</ele>
        <time>2025-12-15T22:09:37.881Z</time>
      </trkpt>
      <trkpt lat="50.959963" lon="2.199198">
        <ele>1.877737</ele>
        <time>2025-12-15T22:09:42.832Z</time>
      </trkpt>
      <trkpt lat="50.960018" lon="2.199320">
        <ele>1.882304</ele>
        <time>2025-12-15T22:09:45.682Z</time>
      </trkpt>
      <trkpt lat="50.960258" lon="2.199595">
        <ele>1.896609</ele>
        <time>2025-12-15T22:09:54.470Z</time>
      </trkpt>
      <trkpt lat="50.960309" lon="2.199743">
        <ele>1.901744</ele>
        <time>2025-12-15T22:09:57.562Z</time>
      </trkpt>
      <trkpt lat="50.960306" lon="2.199845">
        <ele>1.904853</ele>
        <time>2025-12-15T22:09:59.446Z</time>
      </trkpt>
      <trkpt lat="50.960270" lon="2.199940">
        <ele>1.908228</ele>
        <time>2025-12-15T22:10:01.443Z</time>
      </trkpt>
      <trkpt lat="50.960205" lon="2.200014">
        <ele>1.912093</ele>
        <time>2025-12-15T22:10:03.756Z</time>
      </trkpt>
      <trkpt lat="50.960114" lon="2.200058">
        <ele>1.916691</ele>
        <time>2025-12-15T22:10:06.444Z</time>
      </trkpt>
      <trkpt lat="50.960119" lon="2.200177">
        <ele>1.920322</ele>
        <time>2025-12-15T22:10:08.559Z</time>
      </trkpt>
      <trkpt lat="50.959825" lon="2.200239">
        <ele>1.934656</ele>
        <time>2025-12-15T22:10:16.454Z</time>
      </trkpt>
      <trkpt lat="50.959408" lon="2.200321">
        <ele>1.954964</ele>
        <time>2025-12-15T22:10:27.108Z</time>
      </trkpt>
      <trkpt lat="50.958874" lon="2.200406">
        <ele>1.698628</ele>
        <time>2025-12-15T22:10:40.107Z</time>
      </trkpt>
      <trkpt lat="50.958481" lon="2.200414">
        <ele>1.486866</ele>
        <time>2025-12-15T22:10:49.675Z</time>
      </trkpt>
      <trkpt lat="50.956881" lon="2.200240">
        <ele>0.893708</ele>
        <time>2025-12-15T22:11:29.058Z</time>
      </trkpt>
      <trkpt lat="50.956314" lon="2.200201">
        <ele>0.814405</ele>
        <time>2025-12-15T22:11:43.972Z</time>
      </trkpt>
      <trkpt lat="50.955723" lon="2.200069">
        <ele>0.750703</ele>
        <time>2025-12-15T22:12:00.218Z</time>
      </trkpt>
      <trkpt lat="50.955420" lon="2.200060">
        <ele>0.842103</ele>
        <time>2025-12-15T22:12:08.869Z</time>
      </trkpt>
      <trkpt lat="50.954182" lon="2.200229">
        <ele>1.216856</ele>
        <time>2025-12-15T22:12:44.766Z</time>
      </trkpt>
      <trkpt lat="50.953618" lon="2.200303">
        <ele>1.366383</ele>
        <time>2025-12-15T22:12:59.827Z</time>
      </trkpt>
      <trkpt lat="50.953144" lon="2.200118">
        <ele>1.484718</ele>
        <time>2025-12-15T22:13:13.388Z</time>
      </trkpt>
      <trkpt lat="50.952838" lon="2.200073">
        <ele>1.559220</ele>
        <time>2025-12-15T22:13:21.818Z</time>
      </trkpt>
      <trkpt lat="50.952656" lon="2.200107">
        <ele>1.603647</ele>
        <time>2025-12-15T22:13:26.932Z</time>
      </trkpt>
      <trkpt lat="50.952414" lon="2.200245">
        <ele>1.665986</ele>
        <time>2025-12-15T22:13:34.248Z</time>
      </trkpt>
      <trkpt lat="50.952214" lon="2.200281">
        <ele>1.714783</ele>
        <time>2025-12-15T22:13:40.058Z</time>
      </trkpt>
      <trkpt lat="50.952175" lon="2.200511">
        <ele>1.734161</ele>
        <time>2025-12-15T22:13:44.405Z</time>
      </trkpt>
      <trkpt lat="50.952058" lon="2.200795">
        <ele>1.761102</ele>
        <time>2025-12-15T22:13:50.529Z</time>
      </trkpt>
      <trkpt lat="50.951402" lon="2.201683">
        <ele>1.869757</ele>
        <time>2025-12-15T22:14:13.798Z</time>
      </trkpt>
      <trkpt lat="50.951934" lon="2.203031">
        <ele>1.945547</ele>
        <time>2025-12-15T22:14:40.433Z</time>
      </trkpt>
      <trkpt lat="50.951965" lon="2.203113">
        <ele>1.945987</ele>
        <time>2025-12-15T22:14:42.041Z</time>
      </trkpt>
      <trkpt lat="50.952148" lon="2.203588">
        <ele>1.948551</ele>
        <time>2025-12-15T22:14:51.220Z</time>
      </trkpt>
      <trkpt lat="50.952314" lon="2.204024">
        <ele>1.950896</ele>
        <time>2025-12-15T22:15:00.006Z</time>
      </trkpt>
      <trkpt lat="50.952393" lon="2.204229">
        <ele>1.952003</ele>
        <time>2025-12-15T22:15:04.215Z</time>
      </trkpt>
      <trkpt lat="50.952646" lon="2.204891">
        <ele>1.955568</ele>
        <time>2025-12-15T22:15:17.593Z</time>
      </trkpt>
      <trkpt lat="50.952878" lon="2.205491">
        <ele>1.781087</ele>
        <time>2025-12-15T22:15:29.144Z</time>
      </trkpt>
      <trkpt lat="50.952918" lon="2.205595">
        <ele>1.750738</ele>
        <time>2025-12-15T22:15:31.084Z</time>
      </trkpt>
      <trkpt lat="50.953566" lon="2.207291">
        <ele>1.256703</ele>
        <time>2025-12-15T22:16:01.394Z</time>
      </trkpt>
      <trkpt lat="50.953790" lon="2.207869">
        <ele>1.206459</ele>
        <time>2025-12-15T22:16:11.895Z</time>
      </trkpt>
      <trkpt lat="50.954159" lon="2.208810">
        <ele>1.139549</ele>
        <time>2025-12-15T22:16:30.302Z</time>
      </trkpt>
      <trkpt lat="50.954264" lon="2.209031">
        <ele>1.122839</ele>
        <time>2025-12-15T22:16:35.068Z</time>
      </trkpt>
      <trkpt lat="50.954332" lon="2.209172">
        <ele>1.112120</ele>
        <time>2025-12-15T22:16:38.197Z</time>
      </trkpt>
      <trkpt lat="50.954429" lon="2.209373">
        <ele>1.096835</ele>
        <time>2025-12-15T22:16:42.539Z</time>
      </trkpt>
      <trkpt lat="50.955149" lon="2.210868">
        <ele>1.156569</ele>
        <time>2025-12-15T22:17:15.879Z</time>
      </trkpt>
      <trkpt lat="50.955335" lon="2.211447">
        <ele>1.193863</ele>
        <time>2025-12-15T22:17:26.685Z</time>
      </trkpt>
      <trkpt lat="50.956423" lon="2.217597">
        <ele>0.829582</ele>
        <time>2025-12-15T22:19:11.802Z</time>
      </trkpt>
      <trkpt lat="50.956485" lon="2.218150">
        <ele>0.826605</ele>
        <time>2025-12-15T22:19:21.167Z</time>
      </trkpt>
      <trkpt lat="50.956560" lon="2.219501">
        <ele>0.828801</ele>
        <time>2025-12-15T22:19:44.047Z</time>
      </trkpt>
      <trkpt lat="50.956751" lon="2.222863">
        <ele>0.844118</ele>
        <time>2025-12-15T22:20:41.245Z</time>
      </trkpt>
      <trkpt lat="50.956809" lon="2.223895">
        <ele>0.848736</ele>
        <time>2025-12-15T22:20:58.336Z</time>
      </trkpt>
      <trkpt lat="50.956924" lon="2.225917">
        <ele>0.855570</ele>
        <time>2025-12-15T22:21:32.099Z</time>
      </trkpt>
      <trkpt lat="50.956920" lon="2.227689">
        <ele>0.975851</ele>
        <time>2025-12-15T22:22:03.169Z</time>
      </trkpt>
      <trkpt lat="50.956892" lon="2.228090">
        <ele>1.007761</ele>
        <time>2025-12-15T22:22:10.179Z</time>
      </trkpt>
      <trkpt lat="50.956830" lon="2.228378">
        <ele>1.031833</ele>
        <time>2025-12-15T22:22:15.402Z</time>
      </trkpt>
      <trkpt lat="50.956786" lon="2.228434">
        <ele>1.038914</ele>
        <time>2025-12-15T22:22:16.951Z</time>
      </trkpt>
      <trkpt lat="50.956747" lon="2.228540">
        <ele>1.048623</ele>
        <time>2025-12-15T22:22:19.036Z</time>
      </trkpt>
      <trkpt lat="50.956741" lon="2.228662">
        <ele>1.058302</ele>
        <time>2025-12-15T22:22:21.118Z</time>
      </trkpt>
      <trkpt lat="50.956769" lon="2.228780">
        <ele>1.068275</ele>
        <time>2025-12-15T22:22:23.269Z</time>
      </trkpt>
      <trkpt lat="50.956828" lon="2.228867">
        <ele>1.078386</ele>
        <time>2025-12-15T22:22:25.429Z</time>
      </trkpt>
      <trkpt lat="50.956888" lon="2.229169">
        <ele>1.061376</ele>
        <time>2025-12-15T22:22:30.774Z</time>
      </trkpt>
      <trkpt lat="50.956912" lon="2.229857">
        <ele>1.007447</ele>
        <time>2025-12-15T22:22:42.191Z</time>
      </trkpt>
      <trkpt lat="50.956942" lon="2.230364">
        <ele>0.967592</ele>
        <time>2025-12-15T22:22:50.401Z</time>
      </trkpt>
      <trkpt lat="50.957020" lon="2.230740">
        <ele>0.936610</ele>
        <time>2025-12-15T22:22:56.779Z</time>
      </trkpt>
      <trkpt lat="50.957172" lon="2.231104">
        <ele>0.902430</ele>
        <time>2025-12-15T22:23:03.842Z</time>
      </trkpt>
      <trkpt lat="50.957346" lon="2.231370">
        <ele>0.872416</ele>
        <time>2025-12-15T22:23:10.101Z</time>
      </trkpt>
      <trkpt lat="50.957510" lon="2.231532">
        <ele>0.846850</ele>
        <time>2025-12-15T22:23:15.134Z</time>
      </trkpt>
      <trkpt lat="50.957679" lon="2.231627">
        <ele>0.821215</ele>
        <time>2025-12-15T22:23:19.790Z</time>
      </trkpt>
      <trkpt lat="50.958504" lon="2.231902">
        <ele>0.700682</ele>
        <time>2025-12-15T22:23:41.850Z</time>
      </trkpt>
      <trkpt lat="50.959442" lon="2.232337">
        <ele>0.532353</ele>
        <time>2025-12-15T22:24:07.254Z</time>
      </trkpt>
      <trkpt lat="50.959711" lon="2.232445">
        <ele>0.464780</ele>
        <time>2025-12-15T22:24:14.373Z</time>
      </trkpt>
      <trkpt lat="50.959969" lon="2.232491">
        <ele>0.401553</ele>
        <time>2025-12-15T22:24:20.944Z</time>
      </trkpt>
      <trkpt lat="50.961592" lon="2.232462">
        <ele>0.189011</ele>
        <time>2025-12-15T22:25:02.444Z</time>
      </trkpt>
      <trkpt lat="50.961765" lon="2.232487">
        <ele>0.195841</ele>
        <time>2025-12-15T22:25:07.192Z</time>
      </trkpt>
      <trkpt lat="50.961923" lon="2.232556">
        <ele>0.202284</ele>
        <time>2025-12-15T22:25:11.686Z</time>
      </trkpt>
      <trkpt lat="50.962825" lon="2.233056">
        <ele>0.257432</ele>
        <time>2025-12-15T22:25:38.251Z</time>
      </trkpt>
      <trkpt lat="50.963938" lon="2.233454">
        <ele>0.445178</ele>
        <time>2025-12-15T22:26:09.674Z</time>
      </trkpt>
      <trkpt lat="50.964267" lon="2.233659">
        <ele>0.503339</ele>
        <time>2025-12-15T22:26:19.252Z</time>
      </trkpt>
      <trkpt lat="50.964970" lon="2.234196">
        <ele>0.552525</ele>
        <time>2025-12-15T22:26:40.409Z</time>
      </trkpt>
      <trkpt lat="50.965601" lon="2.234442">
        <ele>0.575940</ele>
        <time>2025-12-15T22:26:57.814Z</time>
      </trkpt>
      <trkpt lat="50.966525" lon="2.234749">
        <ele>0.583508</ele>
        <time>2025-12-15T22:27:22.864Z</time>
      </trkpt>
      <trkpt lat="50.967859" lon="2.235186">
        <ele>0.544987</ele>
        <time>2025-12-15T22:27:59.089Z</time>
      </trkpt>
      <trkpt lat="50.969480" lon="2.235733">
        <ele>0.784438</ele>
        <time>2025-12-15T22:28:43.956Z</time>
      </trkpt>
      <trkpt lat="50.969913" lon="2.235920">
        <ele>0.882398</ele>
        <time>2025-12-15T22:28:56.966Z</time>
      </trkpt>
      <trkpt lat="50.970245" lon="2.236000">
        <ele>0.969828</ele>
        <time>2025-12-15T22:29:06.598Z</time>
      </trkpt>
      <trkpt lat="50.970765" lon="2.236107">
        <ele>1.106348</ele>
        <time>2025-12-15T22:29:21.510Z</time>
      </trkpt>
      <trkpt lat="50.970835" lon="2.236117">
        <ele>1.124647</ele>
        <time>2025-12-15T22:29:23.498Z</time>
      </trkpt>
      <trkpt lat="50.971351" lon="2.236188">
        <ele>1.259497</ele>
        <time>2025-12-15T22:29:38.107Z</time>
      </trkpt>
      <trkpt lat="50.972330" lon="2.236356">
        <ele>1.237910</ele>
        <time>2025-12-15T22:30:03.601Z</time>
      </trkpt>
      <trkpt lat="50.972850" lon="2.236283">
        <ele>1.215488</ele>
        <time>2025-12-15T22:30:17.309Z</time>
      </trkpt>
      <trkpt lat="50.973891" lon="2.236268">
        <ele>1.173122</ele>
        <time>2025-12-15T22:30:45.284Z</time>
      </trkpt>
      <trkpt lat="50.974241" lon="2.236335">
        <ele>1.159196</ele>
        <time>2025-12-15T22:30:54.620Z</time>
      </trkpt>
      <trkpt lat="50.974399" lon="2.236321">
        <ele>1.152945</ele>
        <time>2025-12-15T22:30:58.802Z</time>
      </trkpt>
      <trkpt lat="50.974603" lon="2.236238">
        <ele>1.144627</ele>
        <time>2025-12-15T22:31:04.344Z</time>
      </trkpt>
      <trkpt lat="50.975240" lon="2.235892">
        <ele>1.045003</ele>
        <time>2025-12-15T22:31:22.127Z</time>
      </trkpt>
      <trkpt lat="50.975842" lon="2.235750">
        <ele>0.860390</ele>
        <time>2025-12-15T22:31:37.827Z</time>
      </trkpt>
      <trkpt lat="50.976202" lon="2.235714">
        <ele>0.750971</ele>
        <time>2025-12-15T22:31:46.861Z</time>
      </trkpt>
      <trkpt lat="50.976596" lon="2.235728">
        <ele>0.631426</ele>
        <time>2025-12-15T22:31:56.527Z</time>
      </trkpt>
      <trkpt lat="50.977763" lon="2.235645">
        <ele>0.080624</ele>
        <time>2025-12-15T22:32:24.894Z</time>
      </trkpt>
      <trkpt lat="50.978084" lon="2.235665">
        <ele>-0.079322</ele>
        <time>2025-12-15T22:32:32.820Z</time>
      </trkpt>
      <trkpt lat="50.978214" lon="2.235685">
        <ele>-0.144352</ele>
        <time>2025-12-15T22:32:36.082Z</time>
      </trkpt>
      <trkpt lat="50.978557" lon="2.235793">
        <ele>-0.312484</ele>
        <time>2025-12-15T22:32:44.870Z</time>
      </trkpt>
      <trkpt lat="50.980193" lon="2.236455">
        <ele>-0.355292</ele>
        <time>2025-12-15T22:33:29.519Z</time>
      </trkpt>
      <trkpt lat="50.980382" lon="2.236570">
        <ele>-0.329197</ele>
        <time>2025-12-15T22:33:35.297Z</time>
      </trkpt>
      <trkpt lat="50.980612" lon="2.236788">
        <ele>-0.256057</ele>
        <time>2025-12-15T22:33:43.065Z</time>
      </trkpt>
      <trkpt lat="50.980859" lon="2.237050">
        <ele>-0.174950</ele>
        <time>2025-12-15T22:33:51.841Z</time>
      </trkpt>
      <trkpt lat="50.983542" lon="2.238810">
        <ele>0.437202</ele>
        <time>2025-12-15T22:35:12.416Z</time>
      </trkpt>
      <trkpt lat="50.985018" lon="2.239900">
        <ele>0.412048</ele>
        <time>2025-12-15T22:35:55.333Z</time>
      </trkpt>
      <trkpt lat="50.986311" lon="2.240971">
        <ele>0.441762</ele>
        <time>2025-12-15T22:36:34.248Z</time>
      </trkpt>
      <trkpt lat="50.987070" lon="2.241613">
        <ele>0.466146</ele>
        <time>2025-12-15T22:36:57.390Z</time>
      </trkpt>
      <trkpt lat="50.987632" lon="2.240599">
        <ele>0.493036</ele>
        <time>2025-12-15T22:37:19.956Z</time>
      </trkpt>
      <trkpt lat="50.988384" lon="2.239060">
        <ele>0.703780</ele>
        <time>2025-12-15T22:37:52.868Z</time>
      </trkpt>
      <trkpt lat="50.989101" lon="2.237621">
        <ele>1.070462</ele>
        <time>2025-12-15T22:38:26.398Z</time>
      </trkpt>
      <trkpt lat="50.989626" lon="2.236651">
        <ele>1.142439</ele>
        <time>2025-12-15T22:38:49.555Z</time>
      </trkpt>
      <trkpt lat="50.989711" lon="2.236523">
        <ele>1.151450</ele>
        <time>2025-12-15T22:38:52.830Z</time>
      </trkpt>
      <trkpt lat="50.989784" lon="2.236407">
        <ele>1.159395</ele>
        <time>2025-12-15T22:38:55.667Z</time>
      </trkpt>
      <trkpt lat="50.990414" lon="2.235296">
        <ele>1.183236</ele>
        <time>2025-12-15T22:39:19.773Z</time>
      </trkpt>
      <trkpt lat="50.990743" lon="2.234714">
        <ele>1.032121</ele>
        <time>2025-12-15T22:39:32.079Z</time>
      </trkpt>
      <trkpt lat="50.990887" lon="2.234460">
        <ele>0.966085</ele>
        <time>2025-12-15T22:39:37.425Z</time>
      </trkpt>
      <trkpt lat="50.991227" lon="2.233819">
        <ele>0.804155</ele>
        <time>2025-12-15T22:39:50.548Z</time>
      </trkpt>
      <trkpt lat="50.991595" lon="2.232717">
        <ele>0.654706</ele>
        <time>2025-12-15T22:40:10.996Z</time>
      </trkpt>
      <trkpt lat="50.991790" lon="2.232276">
        <ele>0.639743</ele>
        <time>2025-12-15T22:40:20.288Z</time>
      </trkpt>
      <trkpt lat="50.992033" lon="2.231764">
        <ele>0.621940</ele>
        <time>2025-12-15T22:40:31.005Z</time>
      </trkpt>
      <trkpt lat="50.992383" lon="2.231206">
        <ele>0.600069</ele>
        <time>2025-12-15T22:40:44.113Z</time>
      </trkpt>
      <trkpt lat="50.992760" lon="2.231856">
        <ele>0.573356</ele>
        <time>2025-12-15T22:41:00.609Z</time>
      </trkpt>
      <trkpt lat="50.992933" lon="2.232000">
        <ele>0.563510</ele>
        <time>2025-12-15T22:41:06.382Z</time>
      </trkpt>
      <trkpt lat="50.993293" lon="2.232227">
        <ele>0.543983</ele>
        <time>2025-12-15T22:41:17.616Z</time>
      </trkpt>
      <trkpt lat="50.993617" lon="2.232570">
        <ele>0.524355</ele>
        <time>2025-12-15T22:41:28.926Z</time>
      </trkpt>
      <trkpt lat="50.994119" lon="2.233141">
        <ele>0.491325</ele>
        <time>2025-12-15T22:41:47.296Z</time>
      </trkpt>
      <trkpt lat="50.994929" lon="2.233515">
        <ele>0.436929</ele>
        <time>2025-12-15T22:42:12.169Z</time>
      </trkpt>
      <trkpt lat="50.995109" lon="2.233658">
        <ele>0.423951</ele>
        <time>2025-12-15T22:42:18.056Z</time>
      </trkpt>
      <trkpt lat="50.995319" lon="2.233911">
        <ele>0.406956</ele>
        <time>2025-12-15T22:42:25.763Z</time>
      </trkpt>
      <trkpt lat="50.995519" lon="2.234230">
        <ele>0.388680</ele>
        <time>2025-12-15T22:42:34.010Z</time>
      </trkpt>
      <trkpt lat="50.995674" lon="2.234626">
        <ele>0.347091</ele>
        <time>2025-12-15T22:42:42.517Z</time>
      </trkpt>
      <trkpt lat="50.995748" lon="2.235132">
        <ele>0.292622</ele>
        <time>2025-12-15T22:42:51.952Z</time>
      </trkpt>
      <trkpt lat="50.995775" lon="2.235655">
        <ele>0.237600</ele>
        <time>2025-12-15T22:43:01.427Z</time>
      </trkpt>
      <trkpt lat="50.995854" lon="2.235966">
        <ele>0.202435</ele>
        <time>2025-12-15T22:43:07.469Z</time>
      </trkpt>
      <trkpt lat="50.995920" lon="2.236127">
        <ele>0.182289</ele>
        <time>2025-12-15T22:43:10.917Z</time>
      </trkpt>
      <trkpt lat="50.996038" lon="2.236307">
        <ele>0.155037</ele>
        <time>2025-12-15T22:43:15.580Z</time>
      </trkpt>
      <trkpt lat="50.996265" lon="2.236496">
        <ele>0.112342</ele>
        <time>2025-12-15T22:43:22.938Z</time>
      </trkpt>
      <trkpt lat="50.996630" lon="2.236584">
        <ele>0.105835</ele>
        <time>2025-12-15T22:43:33.758Z</time>
      </trkpt>
      <trkpt lat="50.996800" lon="2.236689">
        <ele>0.125217</ele>
        <time>2025-12-15T22:43:39.226Z</time>
      </trkpt>
      <trkpt lat="50.997075" lon="2.236977">
        <ele>0.160216</ele>
        <time>2025-12-15T22:43:49.235Z</time>
      </trkpt>
      <trkpt lat="50.997319" lon="2.237352">
        <ele>0.196289</ele>
        <time>2025-12-15T22:43:59.571Z</time>
      </trkpt>
      <trkpt lat="50.997707" lon="2.238141">
        <ele>0.263253</ele>
        <time>2025-12-15T22:44:18.796Z</time>
      </trkpt>
      <trkpt lat="50.998381" lon="2.239391">
        <ele>0.339436</ele>
        <time>2025-12-15T22:44:50.054Z</time>
      </trkpt>
      <trkpt lat="50.998867" lon="2.240445">
        <ele>0.396527</ele>
        <time>2025-12-15T22:45:14.444Z</time>
      </trkpt>
      <trkpt lat="50.999337" lon="2.241658">
        <ele>0.445644</ele>
        <time>2025-12-15T22:45:41.347Z</time>
      </trkpt>
      <trkpt lat="50.999502" lon="2.241896">
        <ele>0.457636</ele>
        <time>2025-12-15T22:45:48.040Z</time>
      </trkpt>
      <trkpt lat="50.999650" lon="2.242593">
        <ele>0.482548</ele>
        <time>2025-12-15T22:46:01.942Z</time>
      </trkpt>
      <trkpt lat="50.999644" lon="2.243530">
        <ele>0.511773</ele>
        <time>2025-12-15T22:46:19.517Z</time>
      </trkpt>
      <trkpt lat="50.999728" lon="2.243911">
        <ele>0.523436</ele>
        <time>2025-12-15T22:46:27.091Z</time>
      </trkpt>
      <trkpt lat="50.999821" lon="2.244179">
        <ele>0.532278</ele>
        <time>2025-12-15T22:46:32.838Z</time>
      </trkpt>
      <trkpt lat="51.000089" lon="2.245556">
        <ele>0.573917</ele>
        <time>2025-12-15T22:47:00.040Z</time>
      </trkpt>
      <trkpt lat="51.000123" lon="2.245635">
        <ele>0.576682</ele>
        <time>2025-12-15T22:47:01.836Z</time>
      </trkpt>
      <trkpt lat="51.000265" lon="2.245795">
        <ele>0.579482</ele>
        <time>2025-12-15T22:47:06.989Z</time>
      </trkpt>
      <trkpt lat="51.000440" lon="2.246064">
        <ele>0.578803</ele>
        <time>2025-12-15T22:47:14.203Z</time>
      </trkpt>
      <trkpt lat="51.000540" lon="2.246119">
        <ele>0.578508</ele>
        <time>2025-12-15T22:47:17.307Z</time>
      </trkpt>
      <trkpt lat="51.000681" lon="2.246105">
        <ele>0.578114</ele>
        <time>2025-12-15T22:47:21.452Z</time>
      </trkpt>
      <trkpt lat="51.001114" lon="2.248029">
        <ele>0.608019</ele>
        <time>2025-12-15T22:47:55.594Z</time>
      </trkpt>
      <trkpt lat="51.001238" lon="2.248673">
        <ele>0.774966</ele>
        <time>2025-12-15T22:48:07.349Z</time>
      </trkpt>
      <trkpt lat="51.001371" lon="2.248819">
        <ele>0.838642</ele>
        <time>2025-12-15T22:48:11.928Z</time>
      </trkpt>
      <trkpt lat="51.001458" lon="2.248764">
        <ele>0.875525</ele>
        <time>2025-12-15T22:48:14.678Z</time>
      </trkpt>
      <trkpt lat="51.001731" lon="2.248458">
        <ele>1.007124</ele>
        <time>2025-12-15T22:48:24.777Z</time>
      </trkpt>
      <trkpt lat="51.001804" lon="2.248368">
        <ele>1.043519</ele>
        <time>2025-12-15T22:48:27.604Z</time>
      </trkpt>
      <trkpt lat="51.001853" lon="2.248360">
        <ele>1.062922</ele>
        <time>2025-12-15T22:48:29.111Z</time>
      </trkpt>
      <trkpt lat="51.001889" lon="2.248445">
        <ele>1.088320</ele>
        <time>2025-12-15T22:48:31.096Z</time>
      </trkpt>
      <trkpt lat="51.001901" lon="2.248591">
        <ele>1.124819</ele>
        <time>2025-12-15T22:48:33.931Z</time>
      </trkpt>
      <trkpt lat="51.001928" lon="2.248707">
        <ele>1.155478</ele>
        <time>2025-12-15T22:48:36.343Z</time>
      </trkpt>
      <trkpt lat="51.002009" lon="2.248850">
        <ele>1.203171</ele>
        <time>2025-12-15T22:48:40.086Z</time>
      </trkpt>
      <trkpt lat="51.002111" lon="2.249009">
        <ele>1.259454</ele>
        <time>2025-12-15T22:48:44.523Z</time>
      </trkpt>
      <trkpt lat="51.002150" lon="2.249069">
        <ele>1.280837</ele>
        <time>2025-12-15T22:48:46.156Z</time>
      </trkpt>
      <trkpt lat="51.002148" lon="2.249355">
        <ele>1.351690</ele>
        <time>2025-12-15T22:48:51.658Z</time>
      </trkpt>
      <trkpt lat="51.002192" lon="2.249665">
        <ele>1.430411</ele>
        <time>2025-12-15T22:48:57.757Z</time>
      </trkpt>
      <trkpt lat="51.002668" lon="2.251961">
        <ele>1.997273</ele>
        <time>2025-12-15T22:49:42.581Z</time>
      </trkpt>
      <trkpt lat="51.002880" lon="2.253141">
        <ele>2.045148</ele>
        <time>2025-12-15T22:50:04.451Z</time>
      </trkpt>
      <trkpt lat="51.003056" lon="2.254496">
        <ele>2.099125</ele>
        <time>2025-12-15T22:50:28.669Z</time>
      </trkpt>
      <trkpt lat="51.003127" lon="2.255091">
        <ele>2.110300</ele>
        <time>2025-12-15T22:50:39.272Z</time>
      </trkpt>
      <trkpt lat="51.003752" lon="2.260247">
        <ele>2.121996</ele>
        <time>2025-12-15T22:52:07.585Z</time>
      </trkpt>
      <trkpt lat="51.003982" lon="2.261792">
        <ele>1.860942</ele>
        <time>2025-12-15T22:52:32.899Z</time>
      </trkpt>
      <trkpt lat="51.004292" lon="2.263577">
        <ele>1.677257</ele>
        <time>2025-12-15T22:53:02.289Z</time>
      </trkpt>
      <trkpt lat="51.004503" lon="2.264627">
        <ele>1.708530</ele>
        <time>2025-12-15T22:53:21.591Z</time>
      </trkpt>
      <trkpt lat="51.004660" lon="2.265363">
        <ele>1.730578</ele>
        <time>2025-12-15T22:53:36.106Z</time>
      </trkpt>
      <trkpt lat="51.004887" lon="2.266435">
        <ele>1.801866</ele>
        <time>2025-12-15T22:53:57.075Z</time>
      </trkpt>
      <trkpt lat="51.005328" lon="2.268346">
        <ele>1.962085</ele>
        <time>2025-12-15T22:54:33.300Z</time>
      </trkpt>
      <trkpt lat="51.005869" lon="2.270280">
        <ele>1.934135</ele>
        <time>2025-12-15T22:55:09.539Z</time>
      </trkpt>
      <trkpt lat="51.005963" lon="2.270233">
        <ele>1.931760</ele>
        <time>2025-12-15T22:55:12.262Z</time>
      </trkpt>
      <trkpt lat="51.005177" lon="2.266490">
        <ele>1.935713</ele>
        <time>2025-12-15T22:56:21.887Z</time>
      </trkpt>
      <trkpt lat="51.005104" lon="2.266346">
        <ele>1.926026</ele>
        <time>2025-12-15T22:56:25.039Z</time>
      </trkpt>
      <trkpt lat="51.005009" lon="2.266265">
        <ele>1.917051</ele>
        <time>2025-12-15T22:56:27.912Z</time>
      </trkpt>
      <trkpt lat="51.004733" lon="2.266209">
        <ele>1.893888</ele>
        <time>2025-12-15T22:56:35.420Z</time>
      </trkpt>
      <trkpt lat="51.004570" lon="2.266235">
        <ele>1.880250</ele>
        <time>2025-12-15T22:56:39.782Z</time>
      </trkpt>
      <trkpt lat="51.004348" lon="2.266412">
        <ele>1.859574</ele>
        <time>2025-12-15T22:56:46.466Z</time>
      </trkpt>
      <trkpt lat="51.002581" lon="2.267954">
        <ele>1.852796</ele>
        <time>2025-12-15T22:57:42.349Z</time>
      </trkpt>
      <trkpt lat="51.001316" lon="2.268958">
        <ele>1.801467</ele>
        <time>2025-12-15T22:58:22.954Z</time>
      </trkpt>
      <trkpt lat="51.001090" lon="2.269147">
        <ele>1.785988</ele>
        <time>2025-12-15T22:58:29.987Z</time>
      </trkpt>
      <trkpt lat="51.000944" lon="2.269268">
        <ele>1.776007</ele>
        <time>2025-12-15T22:58:34.400Z</time>
      </trkpt>
      <trkpt lat="51.000793" lon="2.269697">
        <ele>1.757259</ele>
        <time>2025-12-15T22:58:44.676Z</time>
      </trkpt>
      <trkpt lat="51.000711" lon="2.270021">
        <ele>1.697848</ele>
        <time>2025-12-15T22:58:51.787Z</time>
      </trkpt>
      <trkpt lat="51.000659" lon="2.270456">
        <ele>1.611854</ele>
        <time>2025-12-15T22:59:00.929Z</time>
      </trkpt>
      <trkpt lat="51.000603" lon="2.271692">
        <ele>1.371182</ele>
        <time>2025-12-15T22:59:27.056Z</time>
      </trkpt>
      <trkpt lat="51.000585" lon="2.271918">
        <ele>1.326940</ele>
        <time>2025-12-15T22:59:31.884Z</time>
      </trkpt>
      <trkpt lat="51.000557" lon="2.272167">
        <ele>1.277814</ele>
        <time>2025-12-15T22:59:37.231Z</time>
      </trkpt>
      <trkpt lat="51.000507" lon="2.272373">
        <ele>1.234933</ele>
        <time>2025-12-15T22:59:41.989Z</time>
      </trkpt>
      <trkpt lat="51.000428" lon="2.272546">
        <ele>1.201627</ele>
        <time>2025-12-15T22:59:46.662Z</time>
      </trkpt>
      <trkpt lat="51.000332" lon="2.272717">
        <ele>1.211688</ele>
        <time>2025-12-15T22:59:51.698Z</time>
      </trkpt>
      <trkpt lat="51.000216" lon="2.272858">
        <ele>1.221876</ele>
        <time>2025-12-15T22:59:56.885Z</time>
      </trkpt>
      <trkpt lat="51.000060" lon="2.273084">
        <ele>1.236603</ele>
        <time>2025-12-15T23:00:04.559Z</time>
      </trkpt>
      <trkpt lat="50.999969" lon="2.273053">
        <ele>1.243096</ele>
        <time>2025-12-15T23:00:08.010Z</time>
      </trkpt>
      <trkpt lat="50.999881" lon="2.273117">
        <ele>1.249847</ele>
        <time>2025-12-15T23:00:11.482Z</time>
      </trkpt>
      <trkpt lat="50.999837" lon="2.273253">
        <ele>1.256561</ele>
        <time>2025-12-15T23:00:14.863Z</time>
      </trkpt>
      <trkpt lat="50.999735" lon="2.273138">
        <ele>1.265286</ele>
        <time>2025-12-15T23:00:19.424Z</time>
      </trkpt>
      <trkpt lat="50.999829" lon="2.274417">
        <ele>1.321820</ele>
        <time>2025-12-15T23:00:48.156Z</time>
      </trkpt>
      <trkpt lat="50.999835" lon="2.274466">
        <ele>1.324011</ele>
        <time>2025-12-15T23:00:48.992Z</time>
      </trkpt>
      <trkpt lat="51.000081" lon="2.275864">
        <ele>1.350220</ele>
        <time>2025-12-15T23:01:13.532Z</time>
      </trkpt>
      <trkpt lat="51.000348" lon="2.277211">
        <ele>1.374789</ele>
        <time>2025-12-15T23:01:37.177Z</time>
      </trkpt>
      <trkpt lat="51.000786" lon="2.278493">
        <ele>1.454086</ele>
        <time>2025-12-15T23:02:02.452Z</time>
      </trkpt>
      <trkpt lat="51.001394" lon="2.279502">
        <ele>1.531116</ele>
        <time>2025-12-15T23:02:26.251Z</time>
      </trkpt>
      <trkpt lat="51.001725" lon="2.280320">
        <ele>1.439308</ele>
        <time>2025-12-15T23:02:42.104Z</time>
      </trkpt>
      <trkpt lat="51.001900" lon="2.280724">
        <ele>1.390461</ele>
        <time>2025-12-15T23:02:50.049Z</time>
      </trkpt>
      <trkpt lat="51.002039" lon="2.281127">
        <ele>1.344691</ele>
        <time>2025-12-15T23:02:57.463Z</time>
      </trkpt>
      <trkpt lat="51.002119" lon="2.281319">
        <ele>1.321758</ele>
        <time>2025-12-15T23:03:01.197Z</time>
      </trkpt>
      <trkpt lat="51.002778" lon="2.283858">
        <ele>1.158976</ele>
        <time>2025-12-15T23:03:46.419Z</time>
      </trkpt>
      <trkpt lat="51.003207" lon="2.285286">
        <ele>1.204401</ele>
        <time>2025-12-15T23:04:13.002Z</time>
      </trkpt>
      <trkpt lat="51.003506" lon="2.286169">
        <ele>1.318272</ele>
        <time>2025-12-15T23:04:30.745Z</time>
      </trkpt>
      <trkpt lat="51.003711" lon="2.286947">
        <ele>1.414055</ele>
        <time>2025-12-15T23:04:45.839Z</time>
      </trkpt>
      <trkpt lat="51.003708" lon="2.287166">
        <ele>1.438931</ele>
        <time>2025-12-15T23:04:49.623Z</time>
      </trkpt>
      <trkpt lat="51.003741" lon="2.287307">
        <ele>1.445936</ele>
        <time>2025-12-15T23:04:52.219Z</time>
      </trkpt>
      <trkpt lat="51.003852" lon="2.287672">
        <ele>1.446581</ele>
        <time>2025-12-15T23:04:59.099Z</time>
      </trkpt>
      <trkpt lat="51.003915" lon="2.287822">
        <ele>1.446867</ele>
        <time>2025-12-15T23:05:02.081Z</time>
      </trkpt>
      <trkpt lat="51.004014" lon="2.287911">
        <ele>1.447155</ele>
        <time>2025-12-15T23:05:05.088Z</time>
      </trkpt>
      <trkpt lat="51.004124" lon="2.288223">
        <ele>1.447723</ele>
        <time>2025-12-15T23:05:10.976Z</time>
      </trkpt>
      <trkpt lat="51.004134" lon="2.288252">
        <ele>1.447776</ele>
        <time>2025-12-15T23:05:11.531Z</time>
      </trkpt>
      <trkpt lat="51.004198" lon="2.288467">
        <ele>1.448154</ele>
        <time>2025-12-15T23:05:18.039Z</time>
      </trkpt>
      <trkpt lat="51.004220" lon="2.288542">
        <ele>1.448285</ele>
        <time>2025-12-15T23:05:20.286Z</time>
      </trkpt>
      <trkpt lat="51.004237" lon="2.288600">
        <ele>1.448387</ele>
        <time>2025-12-15T23:05:22.037Z</time>
      </trkpt>
      <trkpt lat="51.004266" lon="2.288580">
        <ele>1.448467</ele>
        <time>2025-12-15T23:05:22.860Z</time>
      </trkpt>
      <trkpt lat="51.004911" lon="2.290719">
        <ele>1.410861</ele>
        <time>2025-12-15T23:06:02.485Z</time>
      </trkpt>
      <trkpt lat="51.005024" lon="2.291093">
        <ele>1.397163</ele>
        <time>2025-12-15T23:06:09.494Z</time>
      </trkpt>
      <trkpt lat="51.004973" lon="2.291147">
        <ele>1.393948</ele>
        <time>2025-12-15T23:06:11.147Z</time>
      </trkpt>
      <trkpt lat="51.005006" lon="2.291233">
        <ele>1.390622</ele>
        <time>2025-12-15T23:06:13.331Z</time>
      </trkpt>
      <trkpt lat="51.004731" lon="2.291540">
        <ele>1.372988</ele>
        <time>2025-12-15T23:06:22.226Z</time>
      </trkpt>
      <trkpt lat="51.004683" lon="2.291602">
        <ele>1.369742</ele>
        <time>2025-12-15T23:06:23.854Z</time>
      </trkpt>
      <trkpt lat="51.004518" lon="2.291854">
        <ele>1.357735</ele>
        <time>2025-12-15T23:06:29.799Z</time>
      </trkpt>
      <trkpt lat="51.004345" lon="2.292208">
        <ele>1.394526</ele>
        <time>2025-12-15T23:06:37.009Z</time>
      </trkpt>
      <trkpt lat="51.004000" lon="2.293160">
        <ele>1.501923</ele>
        <time>2025-12-15T23:06:55.630Z</time>
      </trkpt>
      <trkpt lat="51.003970" lon="2.293312">
        <ele>1.517496</ele>
        <time>2025-12-15T23:06:58.411Z</time>
      </trkpt>
      <trkpt lat="51.004013" lon="2.293641">
        <ele>1.550346</ele>
        <time>2025-12-15T23:07:04.350Z</time>
      </trkpt>
      <trkpt lat="51.003996" lon="2.293776">
        <ele>1.563805</ele>
        <time>2025-12-15T23:07:06.825Z</time>
      </trkpt>
      <trkpt lat="51.003950" lon="2.293951">
        <ele>1.582345</ele>
        <time>2025-12-15T23:07:10.255Z</time>
      </trkpt>
      <trkpt lat="51.003842" lon="2.294129">
        <ele>1.606518</ele>
        <time>2025-12-15T23:07:14.767Z</time>
      </trkpt>
      <trkpt lat="51.003787" lon="2.294316">
        <ele>1.626697</ele>
        <time>2025-12-15T23:07:18.478Z</time>
      </trkpt>
      <trkpt lat="51.004708" lon="2.294852">
        <ele>1.691526</ele>
        <time>2025-12-15T23:07:46.543Z</time>
      </trkpt>
      <trkpt lat="51.004793" lon="2.294972">
        <ele>1.698427</ele>
        <time>2025-12-15T23:07:49.546Z</time>
      </trkpt>
      <trkpt lat="51.004889" lon="2.295270">
        <ele>1.711214</ele>
        <time>2025-12-15T23:07:54.877Z</time>
      </trkpt>
      <trkpt lat="51.005523" lon="2.295648">
        <ele>1.729255</ele>
        <time>2025-12-15T23:08:11.738Z</time>
      </trkpt>
      <trkpt lat="51.005635" lon="2.295421">
        <ele>1.707503</ele>
        <time>2025-12-15T23:08:16.443Z</time>
      </trkpt>
      <trkpt lat="51.005764" lon="2.295396">
        <ele>1.691930</ele>
        <time>2025-12-15T23:08:19.816Z</time>
      </trkpt>
      <trkpt lat="51.005886" lon="2.295326">
        <ele>1.676387</ele>
        <time>2025-12-15T23:08:23.197Z</time>
      </trkpt>
      <trkpt lat="51.006065" lon="2.295398">
        <ele>1.654260</ele>
        <time>2025-12-15T23:08:27.985Z</time>
      </trkpt>
      <trkpt lat="51.006103" lon="2.295415">
        <ele>1.649529</ele>
        <time>2025-12-15T23:08:28.980Z</time>
      </trkpt>
      <trkpt lat="51.005941" lon="2.296127">
        <ele>1.592439</ele>
        <time>2025-12-15T23:08:41.025Z</time>
      </trkpt>
      <trkpt lat="51.005708" lon="2.297164">
        <ele>1.530627</ele>
        <time>2025-12-15T23:09:00.253Z</time>
      </trkpt>
      <trkpt lat="51.005686" lon="2.297334">
        <ele>1.531697</ele>
        <time>2025-12-15T23:09:03.515Z</time>
      </trkpt>
      <trkpt lat="51.005716" lon="2.297524">
        <ele>1.532904</ele>
        <time>2025-12-15T23:09:07.062Z</time>
      </trkpt>
      <trkpt lat="51.005836" lon="2.297811">
        <ele>1.535028</ele>
        <time>2025-12-15T23:09:12.850Z</time>
      </trkpt>
      <trkpt lat="51.005907" lon="2.297879">
        <ele>1.535840</ele>
        <time>2025-12-15T23:09:15.005Z</time>
      </trkpt>
      <trkpt lat="51.006010" lon="2.297910">
        <ele>1.536867</ele>
        <time>2025-12-15T23:09:17.709Z</time>
      </trkpt>
      <trkpt lat="51.006149" lon="2.297941">
        <ele>1.538242</ele>
        <time>2025-12-15T23:09:21.388Z</time>
      </trkpt>
      <trkpt lat="51.006268" lon="2.298014">
        <ele>1.539492</ele>
        <time>2025-12-15T23:09:24.760Z</time>
      </trkpt>
      <trkpt lat="51.006527" lon="2.298181">
        <ele>1.542230</ele>
        <time>2025-12-15T23:09:32.197Z</time>
      </trkpt>
      <trkpt lat="51.006495" lon="2.298306">
        <ele>1.543062</ele>
        <time>2025-12-15T23:09:34.441Z</time>
      </trkpt>
      <trkpt lat="51.006554" lon="2.298343">
        <ele>1.543683</ele>
        <time>2025-12-15T23:09:36.133Z</time>
      </trkpt>
      <trkpt lat="51.006627" lon="2.298388">
        <ele>1.544450</ele>
        <time>2025-12-15T23:09:38.164Z</time>
      </trkpt>
      <trkpt lat="51.006144" lon="2.300331">
        <ele>1.345758</ele>
        <time>2025-12-15T23:10:12.235Z</time>
      </trkpt>
      <trkpt lat="51.006094" lon="2.300616">
        <ele>1.311467</ele>
        <time>2025-12-15T23:10:16.975Z</time>
      </trkpt>
      <trkpt lat="51.006076" lon="2.300893">
        <ele>1.279194</ele>
        <time>2025-12-15T23:10:21.424Z</time>
      </trkpt>
      <trkpt lat="51.006083" lon="2.301687">
        <ele>1.201334</ele>
        <time>2025-12-15T23:10:34.255Z</time>
      </trkpt>
      <trkpt lat="51.006157" lon="2.302141">
        <ele>1.174297</ele>
        <time>2025-12-15T23:10:42.090Z</time>
      </trkpt>
      <trkpt lat="51.006404" lon="2.303090">
        <ele>1.115090</ele>
        <time>2025-12-15T23:10:59.408Z</time>
      </trkpt>
      <trkpt lat="51.006439" lon="2.303215">
        <ele>1.107202</ele>
        <time>2025-12-15T23:11:01.645Z</time>
      </trkpt>
      <trkpt lat="51.006558" lon="2.303649">
        <ele>1.079910</ele>
        <time>2025-12-15T23:11:09.270Z</time>
      </trkpt>
      <trkpt lat="51.006509" lon="2.303688">
        <ele>1.074889</ele>
        <time>2025-12-15T23:11:10.700Z</time>
      </trkpt>
      <trkpt lat="51.006492" lon="2.303701">
        <ele>1.073160</ele>
        <time>2025-12-15T23:11:11.170Z</time>
      </trkpt>
      <trkpt lat="51.006446" lon="2.303738">
        <ele>1.068437</ele>
        <time>2025-12-15T23:11:12.522Z</time>
      </trkpt>
      <trkpt lat="51.006600" lon="2.304232">
        <ele>1.087350</ele>
        <time>2025-12-15T23:11:21.720Z</time>
      </trkpt>
      <trkpt lat="51.006528" lon="2.304882">
        <ele>1.187936</ele>
        <time>2025-12-15T23:11:32.809Z</time>
      </trkpt>
      <trkpt lat="51.006535" lon="2.305048">
        <ele>1.213292</ele>
        <time>2025-12-15T23:11:35.635Z</time>
      </trkpt>
      <trkpt lat="51.006575" lon="2.305237">
        <ele>1.243682</ele>
        <time>2025-12-15T23:11:38.989Z</time>
      </trkpt>
      <trkpt lat="51.007291" lon="2.306697">
        <ele>1.562662</ele>
        <time>2025-12-15T23:12:12.060Z</time>
      </trkpt>
      <trkpt lat="51.007325" lon="2.306818">
        <ele>1.601673</ele>
        <time>2025-12-15T23:12:14.667Z</time>
      </trkpt>
      <trkpt lat="51.007358" lon="2.306887">
        <ele>1.627187</ele>
        <time>2025-12-15T23:12:16.376Z</time>
      </trkpt>
      <trkpt lat="51.007389" lon="2.306951">
        <ele>1.650964</ele>
        <time>2025-12-15T23:12:17.981Z</time>
      </trkpt>
      <trkpt lat="51.007449" lon="2.306993">
        <ele>1.681638</ele>
        <time>2025-12-15T23:12:20.017Z</time>
      </trkpt>
      <trkpt lat="51.007798" lon="2.307688">
        <ele>1.943405</ele>
        <time>2025-12-15T23:12:37.226Z</time>
      </trkpt>
      <trkpt lat="51.007861" lon="2.307731">
        <ele>1.975483</ele>
        <time>2025-12-15T23:12:39.282Z</time>
      </trkpt>
      <trkpt lat="51.008017" lon="2.307752">
        <ele>2.048731</ele>
        <time>2025-12-15T23:12:44.009Z</time>
      </trkpt>
      <trkpt lat="51.008097" lon="2.307762">
        <ele>2.086276</ele>
        <time>2025-12-15T23:12:46.449Z</time>
      </trkpt>
      <trkpt lat="51.007985" lon="2.310013">
        <ele>1.959643</ele>
        <time>2025-12-15T23:13:23.839Z</time>
      </trkpt>
      <trkpt lat="51.008020" lon="2.310244">
        <ele>1.898817</ele>
        <time>2025-12-15T23:13:27.446Z</time>
      </trkpt>
      <trkpt lat="51.008152" lon="2.310566">
        <ele>1.800435</ele>
        <time>2025-12-15T23:13:33.192Z</time>
      </trkpt>
      <trkpt lat="51.008168" lon="2.311026">
        <ele>1.682497</ele>
        <time>2025-12-15T23:13:39.997Z</time>
      </trkpt>
      <trkpt lat="51.008248" lon="2.311237">
        <ele>1.619434</ele>
        <time>2025-12-15T23:13:43.654Z</time>
      </trkpt>
      <trkpt lat="51.008212" lon="2.311293">
        <ele>1.598939</ele>
        <time>2025-12-15T23:13:44.868Z</time>
      </trkpt>
      <trkpt lat="51.008178" lon="2.311346">
        <ele>1.589757</ele>
        <time>2025-12-15T23:13:46.010Z</time>
      </trkpt>
      <trkpt lat="51.008598" lon="2.312055">
        <ele>1.495627</ele>
        <time>2025-12-15T23:14:00.858Z</time>
      </trkpt>
      <trkpt lat="51.008693" lon="2.312224">
        <ele>1.473721</ele>
        <time>2025-12-15T23:14:04.543Z</time>
      </trkpt>
      <trkpt lat="51.008803" lon="2.312433">
        <ele>1.447383</ele>
        <time>2025-12-15T23:14:09.148Z</time>
      </trkpt>
      <trkpt lat="51.009486" lon="2.313498">
        <ele>1.355625</ele>
        <time>2025-12-15T23:14:35.475Z</time>
      </trkpt>
      <trkpt lat="51.009683" lon="2.313732">
        <ele>1.426364</ele>
        <time>2025-12-15T23:14:42.687Z</time>
      </trkpt>
      <trkpt lat="51.009975" lon="2.313984">
        <ele>1.521935</ele>
        <time>2025-12-15T23:14:52.313Z</time>
      </trkpt>
      <trkpt lat="51.010235" lon="2.314127">
        <ele>1.601069</ele>
        <time>2025-12-15T23:15:00.226Z</time>
      </trkpt>
      <trkpt lat="51.010556" lon="2.314237">
        <ele>1.695519</ele>
        <time>2025-12-15T23:15:09.539Z</time>
      </trkpt>
      <trkpt lat="51.011499" lon="2.314248">
        <ele>1.822999</ele>
        <time>2025-12-15T23:15:35.227Z</time>
      </trkpt>
      <trkpt lat="51.011557" lon="2.314298">
        <ele>1.820958</ele>
        <time>2025-12-15T23:15:37.015Z</time>
      </trkpt>
      <trkpt lat="51.011620" lon="2.314487">
        <ele>1.816795</ele>
        <time>2025-12-15T23:15:40.588Z</time>
      </trkpt>
      <trkpt lat="51.011685" lon="2.314559">
        <ele>1.814344</ele>
        <time>2025-12-15T23:15:42.679Z</time>
      </trkpt>
      <trkpt lat="51.011772" lon="2.314585">
        <ele>1.811605</ele>
        <time>2025-12-15T23:15:45.057Z</time>
      </trkpt>
      <trkpt lat="51.011910" lon="2.314525">
        <ele>1.807179</ele>
        <time>2025-12-15T23:15:48.859Z</time>
      </trkpt>
      <trkpt lat="51.011982" lon="2.314567">
        <ele>1.804806</ele>
        <time>2025-12-15T23:15:50.908Z</time>
      </trkpt>
      <trkpt lat="51.012339" lon="2.315121">
        <ele>1.789371</ele>
        <time>2025-12-15T23:16:04.165Z</time>
      </trkpt>
      <trkpt lat="51.012765" lon="2.315794">
        <ele>1.666466</ele>
        <time>2025-12-15T23:16:19.356Z</time>
      </trkpt>
      <trkpt lat="51.012899" lon="2.315942">
        <ele>1.611390</ele>
        <time>2025-12-15T23:16:23.469Z</time>
      </trkpt>
      <trkpt lat="51.013101" lon="2.316083">
        <ele>1.536925</ele>
        <time>2025-12-15T23:16:28.967Z</time>
      </trkpt>
      <trkpt lat="51.013201" lon="2.316132">
        <ele>1.501605</ele>
        <time>2025-12-15T23:16:31.574Z</time>
      </trkpt>
      <trkpt lat="51.013534" lon="2.316174">
        <ele>1.388856</ele>
        <time>2025-12-15T23:16:39.887Z</time>
      </trkpt>
      <trkpt lat="51.013917" lon="2.316092">
        <ele>1.258416</ele>
        <time>2025-12-15T23:16:49.631Z</time>
      </trkpt>
      <trkpt lat="51.014288" lon="2.315968">
        <ele>1.175290</ele>
        <time>2025-12-15T23:16:59.148Z</time>
      </trkpt>
      <trkpt lat="51.014762" lon="2.315735">
        <ele>1.179351</ele>
        <time>2025-12-15T23:17:11.780Z</time>
      </trkpt>
      <trkpt lat="51.015050" lon="2.315542">
        <ele>1.181909</ele>
        <time>2025-12-15T23:17:20.452Z</time>
      </trkpt>
      <trkpt lat="51.015586" lon="2.315114">
        <ele>1.186819</ele>
        <time>2025-12-15T23:17:37.091Z</time>
      </trkpt>
      <trkpt lat="51.015707" lon="2.315100">
        <ele>1.187812</ele>
        <time>2025-12-15T23:17:40.397Z</time>
      </trkpt>
      <trkpt lat="51.015783" lon="2.315173">
        <ele>1.188539</ele>
        <time>2025-12-15T23:17:42.869Z</time>
      </trkpt>
      <trkpt lat="51.015846" lon="2.315388">
        <ele>1.212398</ele>
        <time>2025-12-15T23:17:46.927Z</time>
      </trkpt>
      <trkpt lat="51.015868" lon="2.315400">
        <ele>1.217912</ele>
        <time>2025-12-15T23:17:47.950Z</time>
      </trkpt>
      <trkpt lat="51.015928" lon="2.315434">
        <ele>1.233013</ele>
        <time>2025-12-15T23:17:50.809Z</time>
      </trkpt>
      <trkpt lat="51.015961" lon="2.315453">
        <ele>1.241334</ele>
        <time>2025-12-15T23:17:52.414Z</time>
      </trkpt>
      <trkpt lat="51.015970" lon="2.315453">
        <ele>1.243468</ele>
        <time>2025-12-15T23:17:52.666Z</time>
      </trkpt>
      <trkpt lat="51.016045" lon="2.315387">
        <ele>1.263791</ele>
        <time>2025-12-15T23:17:54.938Z</time>
      </trkpt>
      <trkpt lat="51.016151" lon="2.315393">
        <ele>1.288937</ele>
        <time>2025-12-15T23:17:57.881Z</time>
      </trkpt>
      <trkpt lat="51.016179" lon="2.315341">
        <ele>1.299145</ele>
        <time>2025-12-15T23:17:59.088Z</time>
      </trkpt>
      <trkpt lat="51.016222" lon="2.315256">
        <ele>1.315412</ele>
        <time>2025-12-15T23:18:01.111Z</time>
      </trkpt>
      <trkpt lat="51.016239" lon="2.315224">
        <ele>1.321659</ele>
        <time>2025-12-15T23:18:01.848Z</time>
      </trkpt>
      <trkpt lat="51.016264" lon="2.315070">
        <ele>1.345379</ele>
        <time>2025-12-15T23:18:04.733Z</time>
      </trkpt>
      <trkpt lat="51.016938" lon="2.317748">
        <ele>1.861987</ele>
        <time>2025-12-15T23:18:55.583Z</time>
      </trkpt>
      <trkpt lat="51.017030" lon="2.318131">
        <ele>1.956118</ele>
        <time>2025-12-15T23:19:03.103Z</time>
      </trkpt>
      <trkpt lat="51.017047" lon="2.318202">
        <ele>1.973561</ele>
        <time>2025-12-15T23:19:04.494Z</time>
      </trkpt>
      <trkpt lat="51.017199" lon="2.318825">
        <ele>2.126985</ele>
        <time>2025-12-15T23:19:16.619Z</time>
      </trkpt>
      <trkpt lat="51.017314" lon="2.319486">
        <ele>2.278604</ele>
        <time>2025-12-15T23:19:29.011Z</time>
      </trkpt>
      <trkpt lat="51.017415" lon="2.319989">
        <ele>2.343693</ele>
        <time>2025-12-15T23:19:38.374Z</time>
      </trkpt>
      <trkpt lat="51.017471" lon="2.320148">
        <ele>2.366157</ele>
        <time>2025-12-15T23:19:41.587Z</time>
      </trkpt>
      <trkpt lat="51.017521" lon="2.320217">
        <ele>2.379131</ele>
        <time>2025-12-15T23:19:43.462Z</time>
      </trkpt>
      <trkpt lat="51.017684" lon="2.320251">
        <ele>2.411346</ele>
        <time>2025-12-15T23:19:48.051Z</time>
      </trkpt>
      <trkpt lat="51.017720" lon="2.320228">
        <ele>2.418949</ele>
        <time>2025-12-15T23:19:49.132Z</time>
      </trkpt>
      <trkpt lat="51.017758" lon="2.320340">
        <ele>2.434636</ele>
        <time>2025-12-15T23:19:51.344Z</time>
      </trkpt>
      <trkpt lat="51.017858" lon="2.320529">
        <ele>2.465080</ele>
        <time>2025-12-15T23:19:55.606Z</time>
      </trkpt>
      <trkpt lat="51.017936" lon="2.320667">
        <ele>2.487949</ele>
        <time>2025-12-15T23:19:58.780Z</time>
      </trkpt>
      <trkpt lat="51.017933" lon="2.320934">
        <ele>2.520868</ele>
        <time>2025-12-15T23:20:03.280Z</time>
      </trkpt>
      <trkpt lat="51.017908" lon="2.321383">
        <ele>2.576434</ele>
        <time>2025-12-15T23:20:10.962Z</time>
      </trkpt>
      <trkpt lat="51.017928" lon="2.321640">
        <ele>2.608356</ele>
        <time>2025-12-15T23:20:15.213Z</time>
      </trkpt>
      <trkpt lat="51.017991" lon="2.321981">
        <ele>2.640457</ele>
        <time>2025-12-15T23:20:20.980Z</time>
      </trkpt>
      <trkpt lat="51.018232" lon="2.322926">
        <ele>2.713362</ele>
        <time>2025-12-15T23:20:38.840Z</time>
      </trkpt>
      <trkpt lat="51.018263" lon="2.323090">
        <ele>2.725605</ele>
        <time>2025-12-15T23:20:41.879Z</time>
      </trkpt>
      <trkpt lat="51.018207" lon="2.323129">
        <ele>2.732553</ele>
        <time>2025-12-15T23:20:43.628Z</time>
      </trkpt>
      <trkpt lat="51.018225" lon="2.323197">
        <ele>2.737828</ele>
        <time>2025-12-15T23:20:44.841Z</time>
      </trkpt>
      <trkpt lat="51.018194" lon="2.323405">
        <ele>2.753111</ele>
        <time>2025-12-15T23:20:48.739Z</time>
      </trkpt>
      <trkpt lat="51.018417" lon="2.324282">
        <ele>2.820742</ele>
        <time>2025-12-15T23:21:05.497Z</time>
      </trkpt>
      <trkpt lat="51.018611" lon="2.324987">
        <ele>2.776415</ele>
        <time>2025-12-15T23:21:18.888Z</time>
      </trkpt>
      <trkpt lat="51.018851" lon="2.325969">
        <ele>2.692704</ele>
        <time>2025-12-15T23:21:37.186Z</time>
      </trkpt>
      <trkpt lat="51.018907" lon="2.326054">
        <ele>2.682924</ele>
        <time>2025-12-15T23:21:39.188Z</time>
      </trkpt>
      <trkpt lat="51.018937" lon="2.326174">
        <ele>2.672663</ele>
        <time>2025-12-15T23:21:41.312Z</time>
      </trkpt>
      <trkpt lat="51.018944" lon="2.326328">
        <ele>2.660395</ele>
        <time>2025-12-15T23:21:43.856Z</time>
      </trkpt>
      <trkpt lat="51.019138" lon="2.327085">
        <ele>2.610126</ele>
        <time>2025-12-15T23:21:57.462Z</time>
      </trkpt>
      <trkpt lat="51.019165" lon="2.327287">
        <ele>2.633405</ele>
        <time>2025-12-15T23:22:00.885Z</time>
      </trkpt>
      <trkpt lat="51.019247" lon="2.327622">
        <ele>2.673925</ele>
        <time>2025-12-15T23:22:07.067Z</time>
      </trkpt>
      <trkpt lat="51.019333" lon="2.327868">
        <ele>2.705650</ele>
        <time>2025-12-15T23:22:12.039Z</time>
      </trkpt>
      <trkpt lat="51.019590" lon="2.328861">
        <ele>2.826688</ele>
        <time>2025-12-15T23:22:31.965Z</time>
      </trkpt>
      <trkpt lat="51.019787" lon="2.329633">
        <ele>2.920598</ele>
        <time>2025-12-15T23:22:47.397Z</time>
      </trkpt>
      <trkpt lat="51.019849" lon="2.329971">
        <ele>3.003389</ele>
        <time>2025-12-15T23:22:53.936Z</time>
      </trkpt>
      <trkpt lat="51.019892" lon="2.329942">
        <ele>3.021654</ele>
        <time>2025-12-15T23:22:55.251Z</time>
      </trkpt>
      <trkpt lat="51.019935" lon="2.329915">
        <ele>3.039732</ele>
        <time>2025-12-15T23:22:56.569Z</time>
      </trkpt>
      <trkpt lat="51.019962" lon="2.329898">
        <ele>3.051087</ele>
        <time>2025-12-15T23:22:57.395Z</time>
      </trkpt>
      <trkpt lat="51.020010" lon="2.329980">
        <ele>3.078639</ele>
        <time>2025-12-15T23:22:59.428Z</time>
      </trkpt>
      <trkpt lat="51.020098" lon="2.330368">
        <ele>3.180090</ele>
        <time>2025-12-15T23:23:06.987Z</time>
      </trkpt>
      <trkpt lat="51.020367" lon="2.331310">
        <ele>3.434553</ele>
        <time>2025-12-15T23:23:25.827Z</time>
      </trkpt>
      <trkpt lat="51.020430" lon="2.331423">
        <ele>3.471694</ele>
        <time>2025-12-15T23:23:28.428Z</time>
      </trkpt>
      <trkpt lat="51.020547" lon="2.331882">
        <ele>3.593511</ele>
        <time>2025-12-15T23:23:37.090Z</time>
      </trkpt>
      <trkpt lat="51.020578" lon="2.331892">
        <ele>3.605880</ele>
        <time>2025-12-15T23:23:37.966Z</time>
      </trkpt>
      <trkpt lat="51.020611" lon="2.332028">
        <ele>3.630791</ele>
        <time>2025-12-15T23:23:42.170Z</time>
      </trkpt>
      <trkpt lat="51.020638" lon="2.332139">
        <ele>3.638123</ele>
        <time>2025-12-15T23:23:45.565Z</time>
      </trkpt>
      <trkpt lat="51.020655" lon="2.332209">
        <ele>3.642745</ele>
        <time>2025-12-15T23:23:47.745Z</time>
      </trkpt>
      <trkpt lat="51.021322" lon="2.331794">
        <ele>3.712890</ele>
        <time>2025-12-15T23:24:20.638Z</time>
      </trkpt>
      <trkpt lat="51.021499" lon="2.331717">
        <ele>3.730861</ele>
        <time>2025-12-15T23:24:29.016Z</time>
      </trkpt>
      <trkpt lat="51.021749" lon="2.331992">
        <ele>3.760634</ele>
        <time>2025-12-15T23:24:37.184Z</time>
      </trkpt>
      <trkpt lat="51.021805" lon="2.332140">
        <ele>3.771273</ele>
        <time>2025-12-15T23:24:40.035Z</time>
      </trkpt>
      <trkpt lat="51.021842" lon="2.332347">
        <ele>3.784529</ele>
        <time>2025-12-15T23:24:43.576Z</time>
      </trkpt>
      <trkpt lat="51.021857" lon="2.332621">
        <ele>3.801472</ele>
        <time>2025-12-15T23:24:48.065Z</time>
      </trkpt>
      <trkpt lat="51.021786" lon="2.334542">
        <ele>3.368140</ele>
        <time>2025-12-15T23:25:18.387Z</time>
      </trkpt>
      <trkpt lat="51.021802" lon="2.334637">
        <ele>3.345558</ele>
        <time>2025-12-15T23:25:19.955Z</time>
      </trkpt>
      <trkpt lat="51.021858" lon="2.334688">
        <ele>3.321998</ele>
        <time>2025-12-15T23:25:21.561Z</time>
      </trkpt>
      <trkpt lat="51.021878" lon="2.334808">
        <ele>3.293492</ele>
        <time>2025-12-15T23:25:24.919Z</time>
      </trkpt>
      <trkpt lat="51.021801" lon="2.335224">
        <ele>3.193917</ele>
        <time>2025-12-15T23:25:36.581Z</time>
      </trkpt>
      <trkpt lat="51.021754" lon="2.335646">
        <ele>3.108533</ele>
        <time>2025-12-15T23:25:48.054Z</time>
      </trkpt>
      <trkpt lat="51.021749" lon="2.336290">
        <ele>2.998288</ele>
        <time>2025-12-15T23:26:05.207Z</time>
      </trkpt>
      <trkpt lat="51.021797" lon="2.336725">
        <ele>2.922689</ele>
        <time>2025-12-15T23:26:17.131Z</time>
      </trkpt>
      <trkpt lat="51.021977" lon="2.337534">
        <ele>2.775801</ele>
        <time>2025-12-15T23:26:40.632Z</time>
      </trkpt>
      <trkpt lat="51.021994" lon="2.337609">
        <ele>2.762155</ele>
        <time>2025-12-15T23:26:42.836Z</time>
      </trkpt>
      <trkpt lat="51.022172" lon="2.338492">
        <ele>2.687574</ele>
        <time>2025-12-15T23:26:58.011Z</time>
      </trkpt>
      <trkpt lat="51.022249" lon="2.338827">
        <ele>2.722033</ele>
        <time>2025-12-15T23:27:03.932Z</time>
      </trkpt>
      <trkpt lat="51.022368" lon="2.339361">
        <ele>2.776767</ele>
        <time>2025-12-15T23:27:13.642Z</time>
      </trkpt>
      <trkpt lat="51.022864" lon="2.341574">
        <ele>3.009593</ele>
        <time>2025-12-15T23:27:55.116Z</time>
      </trkpt>
      <trkpt lat="51.023419" lon="2.344027">
        <ele>3.212684</ele>
        <time>2025-12-15T23:28:39.963Z</time>
      </trkpt>
      <trkpt lat="51.023786" lon="2.345641">
        <ele>3.140088</ele>
        <time>2025-12-15T23:29:08.045Z</time>
      </trkpt>
      <trkpt lat="51.023940" lon="2.346200">
        <ele>3.114274</ele>
        <time>2025-12-15T23:29:18.055Z</time>
      </trkpt>
      <trkpt lat="51.023957" lon="2.346275">
        <ele>3.111714</ele>
        <time>2025-12-15T23:29:19.410Z</time>
      </trkpt>
      <trkpt lat="51.023975" lon="2.346354">
        <ele>3.111368</ele>
        <time>2025-12-15T23:29:20.835Z</time>
      </trkpt>
      <trkpt lat="51.024475" lon="2.348725">
        <ele>3.101046</ele>
        <time>2025-12-15T23:30:03.034Z</time>
      </trkpt>
      <trkpt lat="51.024867" lon="2.350462">
        <ele>3.039001</ele>
        <time>2025-12-15T23:30:33.676Z</time>
      </trkpt>
      <trkpt lat="51.024898" lon="2.350599">
        <ele>3.033422</ele>
        <time>2025-12-15T23:30:36.063Z</time>
      </trkpt>
      <trkpt lat="51.025081" lon="2.351286">
        <ele>3.004834</ele>
        <time>2025-12-15T23:30:48.483Z</time>
      </trkpt>
      <trkpt lat="51.025098" lon="2.351368">
        <ele>3.001525</ele>
        <time>2025-12-15T23:30:49.982Z</time>
      </trkpt>
      <trkpt lat="51.025700" lon="2.354112">
        <ele>2.916250</ele>
        <time>2025-12-15T23:31:37.983Z</time>
      </trkpt>
      <trkpt lat="51.025791" lon="2.354703">
        <ele>2.915569</ele>
        <time>2025-12-15T23:31:48.242Z</time>
      </trkpt>
      <trkpt lat="51.025972" lon="2.355321">
        <ele>2.927170</ele>
        <time>2025-12-15T23:31:59.937Z</time>
      </trkpt>
      <trkpt lat="51.026586" lon="2.358054">
        <ele>2.848712</ele>
        <time>2025-12-15T23:32:49.055Z</time>
      </trkpt>
      <trkpt lat="51.026719" lon="2.358552">
        <ele>2.794424</ele>
        <time>2025-12-15T23:32:57.718Z</time>
      </trkpt>
      <trkpt lat="51.026736" lon="2.358629">
        <ele>2.786236</ele>
        <time>2025-12-15T23:32:58.997Z</time>
      </trkpt>
      <trkpt lat="51.026815" lon="2.358999">
        <ele>2.747029</ele>
        <time>2025-12-15T23:33:05.240Z</time>
      </trkpt>
      <trkpt lat="51.026925" lon="2.359304">
        <ele>2.711751</ele>
        <time>2025-12-15T23:33:10.779Z</time>
      </trkpt>
      <trkpt lat="51.026954" lon="2.359302">
        <ele>2.707120</ele>
        <time>2025-12-15T23:33:11.563Z</time>
      </trkpt>
      <trkpt lat="51.027041" lon="2.359297">
        <ele>2.693232</ele>
        <time>2025-12-15T23:33:13.847Z</time>
      </trkpt>
      <trkpt lat="51.027090" lon="2.359294">
        <ele>2.685409</ele>
        <time>2025-12-15T23:33:15.100Z</time>
      </trkpt>
      <trkpt lat="51.027154" lon="2.359588">
        <ele>2.667765</ele>
        <time>2025-12-15T23:33:20.041Z</time>
      </trkpt>
      <trkpt lat="51.027097" lon="2.359723">
        <ele>2.664566</ele>
        <time>2025-12-15T23:33:22.592Z</time>
      </trkpt>
      <trkpt lat="51.027252" lon="2.360109">
        <ele>2.655559</ele>
        <time>2025-12-15T23:33:30.097Z</time>
      </trkpt>
      <trkpt lat="51.027214" lon="2.360140">
        <ele>2.654223</ele>
        <time>2025-12-15T23:33:31.278Z</time>
      </trkpt>
      <trkpt lat="51.027175" lon="2.360172">
        <ele>2.652851</ele>
        <time>2025-12-15T23:33:32.510Z</time>
      </trkpt>
      <trkpt lat="51.027737" lon="2.362637">
        <ele>2.410378</ele>
        <time>2025-12-15T23:34:17.125Z</time>
      </trkpt>
      <trkpt lat="51.028137" lon="2.364015">
        <ele>1.959840</ele>
        <time>2025-12-15T23:34:41.169Z</time>
      </trkpt>
      <trkpt lat="51.028305" lon="2.364424">
        <ele>1.814825</ele>
        <time>2025-12-15T23:34:48.275Z</time>
      </trkpt>
      <trkpt lat="51.028584" lon="2.365183">
        <ele>1.304468</ele>
        <time>2025-12-15T23:35:00.743Z</time>
      </trkpt>
      <trkpt lat="51.028731" lon="2.365654">
        <ele>0.964786</ele>
        <time>2025-12-15T23:35:08.008Z</time>
      </trkpt>
      <trkpt lat="51.028803" lon="2.366086">
        <ele>0.676073</ele>
        <time>2025-12-15T23:35:14.342Z</time>
      </trkpt>
      <trkpt lat="51.029084" lon="2.367841">
        <ele>0.024378</ele>
        <time>2025-12-15T23:35:43.248Z</time>
      </trkpt>
      <trkpt lat="51.029166" lon="2.368345">
        <ele>0.110885</ele>
        <time>2025-12-15T23:35:52.600Z</time>
      </trkpt>
      <trkpt lat="51.029228" lon="2.368896">
        <ele>0.203898</ele>
        <time>2025-12-15T23:36:02.541Z</time>
      </trkpt>
      <trkpt lat="51.029280" lon="2.369166">
        <ele>0.250820</ele>
        <time>2025-12-15T23:36:07.636Z</time>
      </trkpt>
      <trkpt lat="51.029462" lon="2.369685">
        <ele>0.349561</ele>
        <time>2025-12-15T23:36:18.759Z</time>
      </trkpt>
      <trkpt lat="51.029616" lon="2.370277">
        <ele>0.799563</ele>
        <time>2025-12-15T23:36:31.660Z</time>
      </trkpt>
      <trkpt lat="51.029679" lon="2.370537">
        <ele>1.100592</ele>
        <time>2025-12-15T23:36:37.456Z</time>
      </trkpt>
      <trkpt lat="51.029761" lon="2.370533">
        <ele>1.241523</ele>
        <time>2025-12-15T23:36:40.298Z</time>
      </trkpt>
      <trkpt lat="51.029803" lon="2.370565">
        <ele>1.321528</ele>
        <time>2025-12-15T23:36:41.882Z</time>
      </trkpt>
      <trkpt lat="51.029931" lon="2.371013">
        <ele>1.853146</ele>
        <time>2025-12-15T23:36:53.099Z</time>
      </trkpt>
      <trkpt lat="51.029977" lon="2.371237">
        <ele>2.107727</ele>
        <time>2025-12-15T23:36:58.458Z</time>
      </trkpt>
      <trkpt lat="51.029987" lon="2.371283">
        <ele>2.160310</ele>
        <time>2025-12-15T23:36:59.576Z</time>
      </trkpt>
      <trkpt lat="51.030023" lon="2.371282">
        <ele>2.222162</ele>
        <time>2025-12-15T23:37:00.893Z</time>
      </trkpt>
      <trkpt lat="51.030059" lon="2.371282">
        <ele>2.284005</ele>
        <time>2025-12-15T23:37:02.207Z</time>
      </trkpt>
      <trkpt lat="51.030095" lon="2.371280">
        <ele>2.345885</ele>
        <time>2025-12-15T23:37:03.479Z</time>
      </trkpt>
      <trkpt lat="51.030130" lon="2.371278">
        <ele>2.406049</ele>
        <time>2025-12-15T23:37:04.774Z</time>
      </trkpt>
      <trkpt lat="51.030748" lon="2.371200">
        <ele>3.471023</ele>
        <time>2025-12-15T23:37:27.549Z</time>
      </trkpt>
      <trkpt lat="51.030792" lon="2.371194">
        <ele>3.525519</ele>
        <time>2025-12-15T23:37:29.199Z</time>
      </trkpt>
      <trkpt lat="51.030853" lon="2.371186">
        <ele>3.595285</ele>
        <time>2025-12-15T23:37:31.476Z</time>
      </trkpt>
      <trkpt lat="51.030872" lon="2.371184">
        <ele>3.616989</ele>
        <time>2025-12-15T23:37:32.142Z</time>
      </trkpt>
      <trkpt lat="51.030901" lon="2.371179">
        <ele>3.650238</ele>
        <time>2025-12-15T23:37:33.217Z</time>
      </trkpt>
      <trkpt lat="51.030973" lon="2.371168">
        <ele>3.732684</ele>
        <time>2025-12-15T23:37:35.931Z</time>
      </trkpt>
      <trkpt lat="51.031008" lon="2.371163">
        <ele>3.772738</ele>
        <time>2025-12-15T23:37:37.229Z</time>
      </trkpt>
      <trkpt lat="51.031479" lon="2.371089">
        <ele>4.312214</ele>
        <time>2025-12-15T23:37:54.566Z</time>
      </trkpt>
      <trkpt lat="51.031636" lon="2.371063">
        <ele>4.492135</ele>
        <time>2025-12-15T23:37:59.781Z</time>
      </trkpt>
      <trkpt lat="51.031661" lon="2.371059">
        <ele>4.520775</ele>
        <time>2025-12-15T23:38:00.605Z</time>
      </trkpt>
      <trkpt lat="51.031680" lon="2.371057">
        <ele>4.542479</ele>
        <time>2025-12-15T23:38:01.180Z</time>
      </trkpt>
      <trkpt lat="51.031769" lon="2.371044">
        <ele>4.644351</ele>
        <time>2025-12-15T23:38:03.936Z</time>
      </trkpt>
      <trkpt lat="51.031774" lon="2.371101">
        <ele>4.685606</ele>
        <time>2025-12-15T23:38:04.972Z</time>
      </trkpt>
      <trkpt lat="51.031776" lon="2.371126">
        <ele>4.703671</ele>
        <time>2025-12-15T23:38:05.462Z</time>
      </trkpt>
      <trkpt lat="51.031778" lon="2.371152">
        <ele>4.722447</ele>
        <time>2025-12-15T23:38:05.952Z</time>
      </trkpt>
      <trkpt lat="51.031813" lon="2.371570">
        <ele>5.024725</ele>
        <time>2025-12-15T23:38:13.260Z</time>
      </trkpt>
      <trkpt lat="51.031831" lon="2.371790">
        <ele>5.183756</ele>
        <time>2025-12-15T23:38:17.137Z</time>
      </trkpt>
      <trkpt lat="51.031848" lon="2.371961">
        <ele>5.307856</ele>
        <time>2025-12-15T23:38:20.334Z</time>
      </trkpt>
      <trkpt lat="51.031855" lon="2.372028">
        <ele>5.356542</ele>
        <time>2025-12-15T23:38:21.510Z</time>
      </trkpt>
      <trkpt lat="51.031910" lon="2.372140">
        <ele>5.458403</ele>
        <time>2025-12-15T23:38:24.036Z</time>
      </trkpt>
      <trkpt lat="51.031935" lon="2.372135">
        <ele>5.487123</ele>
        <time>2025-12-15T23:38:24.763Z</time>
      </trkpt>
      <trkpt lat="51.031983" lon="2.372130">
        <ele>5.536557</ele>
        <time>2025-12-15T23:38:26.018Z</time>
      </trkpt>
      <trkpt lat="51.031998" lon="2.372122">
        <ele>5.543032</ele>
        <time>2025-12-15T23:38:26.494Z</time>
      </trkpt>
      <trkpt lat="51.032195" lon="2.373011">
        <ele>5.785651</ele>
        <time>2025-12-15T23:38:43.251Z</time>
      </trkpt>
      <trkpt lat="51.032235" lon="2.373185">
        <ele>5.833337</ele>
        <time>2025-12-15T23:38:46.675Z</time>
      </trkpt>
      <trkpt lat="51.032340" lon="2.373603">
        <ele>5.949195</ele>
        <time>2025-12-15T23:38:54.704Z</time>
      </trkpt>
      <trkpt lat="51.032430" lon="2.373827">
        <ele>6.017614</ele>
        <time>2025-12-15T23:38:59.416Z</time>
      </trkpt>
      <trkpt lat="51.032474" lon="2.373953">
        <ele>6.054711</ele>
        <time>2025-12-15T23:39:02.000Z</time>
      </trkpt>
      <trkpt lat="51.032518" lon="2.374075">
        <ele>6.090911</ele>
        <time>2025-12-15T23:39:04.570Z</time>
      </trkpt>
      <trkpt lat="51.032876" lon="2.375031">
        <ele>6.345635</ele>
        <time>2025-12-15T23:39:25.307Z</time>
      </trkpt>
      <trkpt lat="51.032969" lon="2.375211">
        <ele>6.387948</ele>
        <time>2025-12-15T23:39:29.646Z</time>
      </trkpt>
      <trkpt lat="51.033071" lon="2.375390">
        <ele>6.431822</ele>
        <time>2025-12-15T23:39:34.162Z</time>
      </trkpt>
      <trkpt lat="51.033513" lon="2.376057">
        <ele>6.607817</ele>
        <time>2025-12-15T23:39:51.745Z</time>
      </trkpt>
      <trkpt lat="51.033582" lon="2.376141">
        <ele>6.632915</ele>
        <time>2025-12-15T23:39:53.993Z</time>
      </trkpt>
      <trkpt lat="51.034059" lon="2.376722">
        <ele>6.817158</ele>
        <time>2025-12-15T23:40:09.414Z</time>
      </trkpt>
      <trkpt lat="51.034165" lon="2.376844">
        <ele>6.878391</ele>
        <time>2025-12-15T23:40:12.826Z</time>
      </trkpt>
      <trkpt lat="51.034229" lon="2.376904">
        <ele>6.913157</ele>
        <time>2025-12-15T23:40:14.887Z</time>
      </trkpt>
      <trkpt lat="51.034237" lon="2.376860">
        <ele>6.926636</ele>
        <time>2025-12-15T23:40:16.913Z</time>
      </trkpt>
      <trkpt lat="51.034255" lon="2.376815">
        <ele>6.942330</ele>
        <time>2025-12-15T23:40:18.040Z</time>
      </trkpt>
      <trkpt lat="51.034338" lon="2.376801">
        <ele>6.981389</ele>
        <time>2025-12-15T23:40:21.101Z</time>
      </trkpt>
      <trkpt lat="51.034470" lon="2.376774">
        <ele>7.043668</ele>
        <time>2025-12-15T23:40:25.818Z</time>
      </trkpt>
      <trkpt lat="51.034696" lon="2.376713">
        <ele>7.150939</ele>
        <time>2025-12-15T23:40:34.210Z</time>
      </trkpt>
      <trkpt lat="51.035036" lon="2.376620">
        <ele>7.312380</ele>
        <time>2025-12-15T23:40:47.218Z</time>
      </trkpt>
      <trkpt lat="51.035271" lon="2.376557">
        <ele>7.423902</ele>
        <time>2025-12-15T23:40:56.497Z</time>
      </trkpt>
      <trkpt lat="51.035321" lon="2.376543">
        <ele>7.447660</ele>
        <time>2025-12-15T23:40:58.353Z</time>
      </trkpt>
      <trkpt lat="51.035475" lon="2.376523">
        <ele>7.519965</ele>
        <time>2025-12-15T23:41:03.002Z</time>
      </trkpt>
      <trkpt lat="51.035529" lon="2.376519">
        <ele>7.545262</ele>
        <time>2025-12-15T23:41:05.136Z</time>
      </trkpt>
      <trkpt lat="51.035859" lon="2.376520">
        <ele>7.669679</ele>
        <time>2025-12-15T23:41:18.544Z</time>
      </trkpt>
      <trkpt lat="51.036052" lon="2.376548">
        <ele>7.720812</ele>
        <time>2025-12-15T23:41:24.779Z</time>
      </trkpt>
      <trkpt lat="51.036098" lon="2.376558">
        <ele>7.733061</ele>
        <time>2025-12-15T23:41:26.243Z</time>
      </trkpt>
      <trkpt lat="51.036178" lon="2.376576">
        <ele>7.754379</ele>
        <time>2025-12-15T23:41:28.827Z</time>
      </trkpt>
      <trkpt lat="51.036645" lon="2.376673">
        <ele>7.878640</ele>
        <time>2025-12-15T23:41:43.302Z</time>
      </trkpt>
      <trkpt lat="51.036722" lon="2.376689">
        <ele>7.899129</ele>
        <time>2025-12-15T23:41:45.564Z</time>
      </trkpt>
      <trkpt lat="51.036801" lon="2.376711">
        <ele>7.920290</ele>
        <time>2025-12-15T23:41:47.907Z</time>
      </trkpt>
      <trkpt lat="51.037265" lon="2.376871">
        <ele>8.045558</ele>
        <time>2025-12-15T23:42:00.773Z</time>
      </trkpt>
      <trkpt lat="51.037345" lon="2.376896">
        <ele>8.067069</ele>
        <time>2025-12-15T23:42:02.811Z</time>
      </trkpt>
      <trkpt lat="51.037368" lon="2.376728">
        <ele>8.095594</ele>
        <time>2025-12-15T23:42:05.316Z</time>
      </trkpt>
      <trkpt lat="51.037422" lon="2.375835">
        <ele>7.237537</ele>
        <time>2025-12-15T23:42:17.522Z</time>
      </trkpt>
      <trkpt lat="51.037458" lon="2.375231">
        <ele>6.608976</ele>
        <time>2025-12-15T23:42:25.565Z</time>
      </trkpt>
      <trkpt lat="51.037527" lon="2.374725">
        <ele>6.072565</ele>
        <time>2025-12-15T23:42:32.402Z</time>
      </trkpt>
      <trkpt lat="51.037566" lon="2.374588">
        <ele>5.916763</ele>
        <time>2025-12-15T23:42:34.382Z</time>
      </trkpt>
      <trkpt lat="51.037638" lon="2.374696">
        <ele>5.753695</ele>
        <time>2025-12-15T23:42:36.459Z</time>
      </trkpt>
      <trkpt lat="51.037667" lon="2.374648">
        <ele>5.684732</ele>
        <time>2025-12-15T23:42:37.652Z</time>
      </trkpt>
      <trkpt lat="51.037736" lon="2.374540">
        <ele>5.525223</ele>
        <time>2025-12-15T23:42:40.413Z</time>
      </trkpt>
      <trkpt lat="51.037810" lon="2.374421">
        <ele>5.351833</ele>
        <time>2025-12-15T23:42:43.387Z</time>
      </trkpt>
      <trkpt lat="51.037836" lon="2.374464">
        <ele>5.290030</ele>
        <time>2025-12-15T23:42:44.171Z</time>
      </trkpt>
      <trkpt lat="51.038069" lon="2.374848">
        <ele>5.068409</ele>
        <time>2025-12-15T23:42:51.363Z</time>
      </trkpt>
      <trkpt lat="51.038391" lon="2.375494">
        <ele>4.913097</ele>
        <time>2025-12-15T23:43:03.982Z</time>
      </trkpt>
      <trkpt lat="51.038465" lon="2.375778">
        <ele>4.855178</ele>
        <time>2025-12-15T23:43:09.394Z</time>
      </trkpt>
      <trkpt lat="51.038930" lon="2.377271">
        <ele>4.551112</ele>
        <time>2025-12-15T23:43:39.806Z</time>
      </trkpt>
      <trkpt lat="51.039076" lon="2.377531">
        <ele>4.495883</ele>
        <time>2025-12-15T23:43:46.316Z</time>
      </trkpt>
      <trkpt lat="51.039495" lon="2.377939">
        <ele>4.372092</ele>
        <time>2025-12-15T23:43:59.739Z</time>
      </trkpt>
      <trkpt lat="51.039519" lon="2.377960">
        <ele>4.365190</ele>
        <time>2025-12-15T23:44:00.452Z</time>
      </trkpt>
      <trkpt lat="51.039595" lon="2.378025">
        <ele>4.343447</ele>
        <time>2025-12-15T23:44:02.691Z</time>
      </trkpt>
      <trkpt lat="51.039611" lon="2.378038">
        <ele>4.338919</ele>
        <time>2025-12-15T23:44:03.120Z</time>
      </trkpt>
      <trkpt lat="51.039808" lon="2.378160">
        <ele>4.285651</ele>
        <time>2025-12-15T23:44:08.512Z</time>
      </trkpt>
      <trkpt lat="51.039997" lon="2.378232">
        <ele>4.236682</ele>
        <time>2025-12-15T23:44:13.272Z</time>
      </trkpt>
      <trkpt lat="51.040758" lon="2.378354">
        <ele>3.663523</ele>
        <time>2025-12-15T23:44:31.483Z</time>
      </trkpt>
      <trkpt lat="51.040784" lon="2.378354">
        <ele>3.633448</ele>
        <time>2025-12-15T23:44:32.091Z</time>
      </trkpt>
      <trkpt lat="51.040883" lon="2.378335">
        <ele>3.518101</ele>
        <time>2025-12-15T23:44:34.434Z</time>
      </trkpt>
      <trkpt lat="51.040983" lon="2.378307">
        <ele>3.400649</ele>
        <time>2025-12-15T23:44:36.776Z</time>
      </trkpt>
      <trkpt lat="51.041761" lon="2.377276">
        <ele>2.229256</ele>
        <time>2025-12-15T23:45:00.681Z</time>
      </trkpt>
      <trkpt lat="51.042131" lon="2.376796">
        <ele>1.880842</ele>
        <time>2025-12-15T23:45:12.515Z</time>
      </trkpt>
      <trkpt lat="51.042450" lon="2.376381">
        <ele>1.651821</ele>
        <time>2025-12-15T23:45:22.814Z</time>
      </trkpt>
      <trkpt lat="51.042471" lon="2.376354">
        <ele>1.636815</ele>
        <time>2025-12-15T23:45:23.484Z</time>
      </trkpt>
      <trkpt lat="51.042505" lon="2.376306">
        <ele>1.611552</ele>
        <time>2025-12-15T23:45:24.596Z</time>
      </trkpt>
      <trkpt lat="51.043253" lon="2.375342">
        <ele>1.076549</ele>
        <time>2025-12-15T23:45:48.716Z</time>
      </trkpt>
      <trkpt lat="51.044101" lon="2.374239">
        <ele>1.106489</ele>
        <time>2025-12-15T23:46:17.240Z</time>
      </trkpt>
      <trkpt lat="51.044671" lon="2.373498">
        <ele>1.147859</ele>
        <time>2025-12-15T23:46:37.481Z</time>
      </trkpt>
      <trkpt lat="51.045083" lon="2.372975">
        <ele>1.580704</ele>
        <time>2025-12-15T23:46:53.489Z</time>
      </trkpt>
      <trkpt lat="51.045136" lon="2.372910">
        <ele>1.635660</ele>
        <time>2025-12-15T23:46:55.581Z</time>
      </trkpt>
      <trkpt lat="51.045669" lon="2.373533">
        <ele>2.178794</ele>
        <time>2025-12-15T23:47:16.231Z</time>
      </trkpt>
      <trkpt lat="51.045764" lon="2.373694">
        <ele>2.292784</ele>
        <time>2025-12-15T23:47:20.642Z</time>
      </trkpt>
      <trkpt lat="51.045789" lon="2.374037">
        <ele>2.471043</ele>
        <time>2025-12-15T23:47:27.637Z</time>
      </trkpt>
      <trkpt lat="51.045822" lon="2.374502">
        <ele>2.661721</ele>
        <time>2025-12-15T23:47:37.159Z</time>
      </trkpt>
      <trkpt lat="51.045912" lon="2.375036">
        <ele>2.808778</ele>
        <time>2025-12-15T23:47:47.892Z</time>
      </trkpt>
      <trkpt lat="51.046098" lon="2.375921">
        <ele>3.056988</ele>
        <time>2025-12-15T23:48:04.910Z</time>
      </trkpt>
      <trkpt lat="51.046135" lon="2.376096">
        <ele>3.106098</ele>
        <time>2025-12-15T23:48:08.253Z</time>
      </trkpt>
      <trkpt lat="51.046294" lon="2.376859">
        <ele>3.319909</ele>
        <time>2025-12-15T23:48:22.452Z</time>
      </trkpt>
      <trkpt lat="51.046409" lon="2.376851">
        <ele>3.368597</ele>
        <time>2025-12-15T23:48:25.371Z</time>
      </trkpt>
      <trkpt lat="51.047066" lon="2.376797">
        <ele>3.225971</ele>
        <time>2025-12-15T23:48:41.149Z</time>
      </trkpt>
      <trkpt lat="51.047102" lon="2.376794">
        <ele>3.218156</ele>
        <time>2025-12-15T23:48:42.055Z</time>
      </trkpt>
      <trkpt lat="51.047154" lon="2.376790">
        <ele>3.206869</ele>
        <time>2025-12-15T23:48:43.313Z</time>
      </trkpt>
      <trkpt lat="51.047258" lon="2.376780">
        <ele>3.184281</ele>
        <time>2025-12-15T23:48:46.075Z</time>
      </trkpt>
      <trkpt lat="51.047676" lon="2.376744">
        <ele>3.093527</ele>
        <time>2025-12-15T23:48:57.138Z</time>
      </trkpt>
      <trkpt lat="51.047787" lon="2.376735">
        <ele>3.069432</ele>
        <time>2025-12-15T23:48:59.980Z</time>
      </trkpt>
      <trkpt lat="51.047847" lon="2.377777">
        <ele>2.961132</ele>
        <time>2025-12-15T23:49:17.069Z</time>
      </trkpt>
      <trkpt lat="51.048061" lon="2.377670">
        <ele>2.944689</ele>
        <time>2025-12-15T23:49:23.238Z</time>
      </trkpt>
      <trkpt lat="51.048138" lon="2.377391">
        <ele>2.930647</ele>
        <time>2025-12-15T23:49:28.819Z</time>
      </trkpt>
      <trkpt lat="51.048291" lon="2.377132">
        <ele>2.914269</ele>
        <time>2025-12-15T23:49:35.732Z</time>
      </trkpt>
      <trkpt lat="51.048287" lon="2.377097">
        <ele>2.912630</ele>
        <time>2025-12-15T23:49:36.390Z</time>
      </trkpt>
      <trkpt lat="51.048327" lon="2.377068">
        <ele>2.909408</ele>
        <time>2025-12-15T23:49:38.462Z</time>
      </trkpt>
      <trkpt lat="51.048356" lon="2.377106">
        <ele>2.906653</ele>
        <time>2025-12-15T23:49:40.179Z</time>
      </trkpt>
      <trkpt lat="51.048255" lon="2.377474">
        <ele>2.888149</ele>
        <time>2025-12-15T23:49:47.052Z</time>
      </trkpt>
      <trkpt lat="51.048193" lon="2.377529">
        <ele>2.882946</ele>
        <time>2025-12-15T23:49:48.870Z</time>
      </trkpt>
      <trkpt lat="51.048070" lon="2.377895">
        <ele>2.863821</ele>
        <time>2025-12-15T23:49:55.242Z</time>
      </trkpt>
      <trkpt lat="51.048028" lon="2.377928">
        <ele>2.860387</ele>
        <time>2025-12-15T23:49:56.352Z</time>
      </trkpt>
      <trkpt lat="51.048056" lon="2.378418">
        <ele>2.739806</ele>
        <time>2025-12-15T23:50:09.004Z</time>
      </trkpt>
      <trkpt lat="51.048123" lon="2.378806">
        <ele>2.521825</ele>
        <time>2025-12-15T23:50:19.247Z</time>
      </trkpt>
      <trkpt lat="51.048415" lon="2.380506">
        <ele>1.567113</ele>
        <time>2025-12-15T23:51:03.864Z</time>
      </trkpt>
      <trkpt lat="51.048385" lon="2.380638">
        <ele>1.491074</ele>
        <time>2025-12-15T23:51:05.928Z</time>
      </trkpt>
      <trkpt lat="51.048323" lon="2.380737">
        <ele>1.415371</ele>
        <time>2025-12-15T23:51:07.993Z</time>
      </trkpt>
      <trkpt lat="51.048110" lon="2.381125">
        <ele>1.426319</ele>
        <time>2025-12-15T23:51:15.656Z</time>
      </trkpt>
      <trkpt lat="51.047444" lon="2.382925">
        <ele>2.338552</ele>
        <time>2025-12-15T23:51:53.535Z</time>
      </trkpt>
      <trkpt lat="51.047415" lon="2.383005">
        <ele>2.378886</ele>
        <time>2025-12-15T23:51:55.532Z</time>
      </trkpt>
      <trkpt lat="51.047335" lon="2.383228">
        <ele>2.491028</ele>
        <time>2025-12-15T23:52:01.580Z</time>
      </trkpt>
      <trkpt lat="51.047381" lon="2.383253">
        <ele>2.524801</ele>
        <time>2025-12-15T23:52:03.573Z</time>
      </trkpt>
      <trkpt lat="51.047352" lon="2.383321">
        <ele>2.597793</ele>
        <time>2025-12-15T23:52:05.551Z</time>
      </trkpt>
      <trkpt lat="51.047250" lon="2.383575">
        <ele>3.072954</ele>
        <time>2025-12-15T23:52:13.147Z</time>
      </trkpt>
      <trkpt lat="51.047246" lon="2.383798">
        <ele>3.424665</ele>
        <time>2025-12-15T23:52:18.971Z</time>
      </trkpt>
      <trkpt lat="51.047539" lon="2.385187">
        <ele>5.734449</ele>
        <time>2025-12-15T23:52:58.476Z</time>
      </trkpt>
      <trkpt lat="51.047789" lon="2.386376">
        <ele>7.136103</ele>
        <time>2025-12-15T23:53:26.455Z</time>
      </trkpt>
      <trkpt lat="51.047835" lon="2.386582">
        <ele>7.177824</ele>
        <time>2025-12-15T23:53:30.595Z</time>
      </trkpt>
      <trkpt lat="51.047882" lon="2.386648">
        <ele>7.196857</ele>
        <time>2025-12-15T23:53:32.333Z</time>
      </trkpt>
      <trkpt lat="51.047851" lon="2.386761">
        <ele>7.220386</ele>
        <time>2025-12-15T23:53:37.730Z</time>
      </trkpt>
      <trkpt lat="51.047833" lon="2.386770">
        <ele>7.226114</ele>
        <time>2025-12-15T23:53:39.012Z</time>
      </trkpt>
      <trkpt lat="51.047847" lon="2.386836">
        <ele>7.239408</ele>
        <time>2025-12-15T23:53:42.072Z</time>
      </trkpt>
      <trkpt lat="51.047862" lon="2.386829">
        <ele>7.244154</ele>
        <time>2025-12-15T23:53:43.113Z</time>
      </trkpt>
      <trkpt lat="51.047868" lon="2.386859">
        <ele>7.250162</ele>
        <time>2025-12-15T23:53:44.522Z</time>
      </trkpt>
      <trkpt lat="51.047885" lon="2.386937">
        <ele>7.265917</ele>
        <time>2025-12-15T23:53:45.886Z</time>
      </trkpt>
      <trkpt lat="51.047712" lon="2.387060">
        <ele>7.323443</ele>
        <time>2025-12-15T23:53:50.723Z</time>
      </trkpt>
      <trkpt lat="51.047724" lon="2.387116">
        <ele>7.334734</ele>
        <time>2025-12-15T23:53:51.636Z</time>
      </trkpt>
      <trkpt lat="51.047746" lon="2.387218">
        <ele>7.355315</ele>
        <time>2025-12-15T23:53:53.346Z</time>
      </trkpt>
      <trkpt lat="51.047963" lon="2.388245">
        <ele>7.562090</ele>
        <time>2025-12-15T23:54:10.682Z</time>
      </trkpt>
      <trkpt lat="51.047982" lon="2.388333">
        <ele>7.579848</ele>
        <time>2025-12-15T23:54:12.135Z</time>
      </trkpt>
      <trkpt lat="51.048090" lon="2.388844">
        <ele>7.688328</ele>
        <time>2025-12-15T23:54:20.845Z</time>
      </trkpt>
      <trkpt lat="51.048160" lon="2.389175">
        <ele>7.759648</ele>
        <time>2025-12-15T23:54:26.550Z</time>
      </trkpt>
      <trkpt lat="51.048186" lon="2.389300">
        <ele>7.786537</ele>
        <time>2025-12-15T23:54:28.706Z</time>
      </trkpt>
      <trkpt lat="51.048211" lon="2.389417">
        <ele>7.811774</ele>
        <time>2025-12-15T23:54:30.839Z</time>
      </trkpt>
      <trkpt lat="51.048235" lon="2.389407">
        <ele>7.819834</ele>
        <time>2025-12-15T23:54:31.716Z</time>
      </trkpt>
      <trkpt lat="51.048263" lon="2.389433">
        <ele>7.830366</ele>
        <time>2025-12-15T23:54:32.841Z</time>
      </trkpt>
      <trkpt lat="51.048365" lon="2.389514">
        <ele>7.867401</ele>
        <time>2025-12-15T23:54:36.179Z</time>
      </trkpt>
      <trkpt lat="51.048398" lon="2.389533">
        <ele>7.878802</ele>
        <time>2025-12-15T23:54:37.148Z</time>
      </trkpt>
      <trkpt lat="51.048846" lon="2.389788">
        <ele>8.033373</ele>
        <time>2025-12-15T23:54:51.705Z</time>
      </trkpt>
      <trkpt lat="51.048892" lon="2.389816">
        <ele>8.049373</ele>
        <time>2025-12-15T23:54:53.324Z</time>
      </trkpt>
      <trkpt lat="51.048951" lon="2.389851">
        <ele>8.069829</ele>
        <time>2025-12-15T23:54:55.347Z</time>
      </trkpt>
      <trkpt lat="51.049114" lon="2.390538">
        <ele>8.167604</ele>
        <time>2025-12-15T23:55:09.174Z</time>
      </trkpt>
      <trkpt lat="51.049334" lon="2.391418">
        <ele>8.050912</ele>
        <time>2025-12-15T23:55:25.538Z</time>
      </trkpt>
      <trkpt lat="51.049350" lon="2.391487">
        <ele>8.041850</ele>
        <time>2025-12-15T23:55:26.803Z</time>
      </trkpt>
      <trkpt lat="51.049910" lon="2.391154">
        <ele>7.924669</ele>
        <time>2025-12-15T23:55:42.175Z</time>
      </trkpt>
      <trkpt lat="51.050252" lon="2.393627">
        <ele>7.098874</ele>
        <time>2025-12-15T23:56:32.292Z</time>
      </trkpt>
      <trkpt lat="51.050437" lon="2.394978">
        <ele>6.725805</ele>
        <time>2025-12-15T23:57:01.259Z</time>
      </trkpt>
      <trkpt lat="51.050642" lon="2.396525">
        <ele>7.016393</ele>
        <time>2025-12-15T23:57:37.607Z</time>
      </trkpt>
      <trkpt lat="51.051128" lon="2.400182">
        <ele>8.213213</ele>
        <time>2025-12-15T23:59:07.494Z</time>
      </trkpt>
      <trkpt lat="51.051151" lon="2.400637">
        <ele>8.320615</ele>
        <time>2025-12-15T23:59:18.054Z</time>
      </trkpt>
      <trkpt lat="51.050712" lon="2.400851">
        <ele>8.471976</ele>
        <time>2025-12-15T23:59:30.973Z</time>
      </trkpt>
      <trkpt lat="51.050699" lon="2.400759">
        <ele>8.491517</ele>
        <time>2025-12-15T23:59:32.615Z</time>
      </trkpt>
      <trkpt lat="51.050015" lon="2.401091">
        <ele>8.727263</ele>
        <time>2025-12-15T23:59:53.034Z</time>
      </trkpt>
      <trkpt lat="51.049958" lon="2.401119">
        <ele>8.746929</ele>
        <time>2025-12-15T23:59:54.860Z</time>
      </trkpt>
      <trkpt lat="51.049443" lon="2.401368">
        <ele>8.863137</ele>
        <time>2025-12-16T00:00:11.017Z</time>
      </trkpt>
      <trkpt lat="51.049208" lon="2.401482">
        <ele>8.888290</ele>
        <time>2025-12-16T00:00:18.368Z</time>
      </trkpt>
      <trkpt lat="51.048342" lon="2.401898">
        <ele>8.980904</ele>
        <time>2025-12-16T00:00:44.435Z</time>
      </trkpt>
      <trkpt lat="51.047476" lon="2.402307">
        <ele>8.686951</ele>
        <time>2025-12-16T00:01:07.992Z</time>
      </trkpt>
      <trkpt lat="51.046927" lon="2.402565">
        <ele>8.323750</ele>
        <time>2025-12-16T00:01:22.034Z</time>
      </trkpt>
      <trkpt lat="51.046856" lon="2.402599">
        <ele>8.276706</ele>
        <time>2025-12-16T00:01:23.847Z</time>
      </trkpt>
      <trkpt lat="51.046134" lon="2.402949">
        <ele>7.818325</ele>
        <time>2025-12-16T00:01:42.542Z</time>
      </trkpt>
      <trkpt lat="51.045085" lon="2.403449">
        <ele>7.299993</ele>
        <time>2025-12-16T00:02:11.169Z</time>
      </trkpt>
      <trkpt lat="51.045030" lon="2.403496">
        <ele>7.270441</ele>
        <time>2025-12-16T00:02:12.854Z</time>
      </trkpt>
      <trkpt lat="51.044994" lon="2.403595">
        <ele>7.236408</ele>
        <time>2025-12-16T00:02:14.762Z</time>
      </trkpt>
      <trkpt lat="51.044932" lon="2.403625">
        <ele>7.205734</ele>
        <time>2025-12-16T00:02:16.442Z</time>
      </trkpt>
      <trkpt lat="51.044879" lon="2.403650">
        <ele>7.179567</ele>
        <time>2025-12-16T00:02:17.822Z</time>
      </trkpt>
      <trkpt lat="51.044783" lon="2.403696">
        <ele>7.132111</ele>
        <time>2025-12-16T00:02:20.368Z</time>
      </trkpt>
      <trkpt lat="51.044742" lon="2.403716">
        <ele>7.111813</ele>
        <time>2025-12-16T00:02:21.450Z</time>
      </trkpt>
      <trkpt lat="51.044359" lon="2.403901">
        <ele>6.881494</ele>
        <time>2025-12-16T00:02:31.429Z</time>
      </trkpt>
      <trkpt lat="51.043952" lon="2.404094">
        <ele>6.602125</ele>
        <time>2025-12-16T00:02:41.661Z</time>
      </trkpt>
      <trkpt lat="51.043512" lon="2.404304">
        <ele>6.299944</ele>
        <time>2025-12-16T00:02:52.598Z</time>
      </trkpt>
      <trkpt lat="51.043376" lon="2.404333">
        <ele>6.209683</ele>
        <time>2025-12-16T00:02:55.866Z</time>
      </trkpt>
      <trkpt lat="51.043326" lon="2.404343">
        <ele>6.176535</ele>
        <time>2025-12-16T00:02:57.053Z</time>
      </trkpt>
      <trkpt lat="51.042822" lon="2.404509">
        <ele>5.837685</ele>
        <time>2025-12-16T00:03:09.512Z</time>
      </trkpt>
      <trkpt lat="51.042580" lon="2.404592">
        <ele>5.667189</ele>
        <time>2025-12-16T00:03:15.554Z</time>
      </trkpt>
      <trkpt lat="51.041939" lon="2.404815">
        <ele>5.215295</ele>
        <time>2025-12-16T00:03:30.928Z</time>
      </trkpt>
      <trkpt lat="51.041788" lon="2.404908">
        <ele>5.103776</ele>
        <time>2025-12-16T00:03:34.792Z</time>
      </trkpt>
      <trkpt lat="51.041693" lon="2.404982">
        <ele>5.030924</ele>
        <time>2025-12-16T00:03:37.378Z</time>
      </trkpt>
      <trkpt lat="51.041499" lon="2.405075">
        <ele>4.891379</ele>
        <time>2025-12-16T00:03:42.403Z</time>
      </trkpt>
      <trkpt lat="51.041105" lon="2.405248">
        <ele>4.609880</ele>
        <time>2025-12-16T00:03:52.514Z</time>
      </trkpt>
      <trkpt lat="51.041136" lon="2.405373">
        <ele>4.563489</ele>
        <time>2025-12-16T00:03:54.574Z</time>
      </trkpt>
      <trkpt lat="51.041358" lon="2.406300">
        <ele>4.228412</ele>
        <time>2025-12-16T00:04:09.368Z</time>
      </trkpt>
      <trkpt lat="51.041399" lon="2.406472">
        <ele>4.166277</ele>
        <time>2025-12-16T00:04:12.163Z</time>
      </trkpt>
      <trkpt lat="51.040945" lon="2.406978">
        <ele>3.868446</ele>
        <time>2025-12-16T00:04:26.260Z</time>
      </trkpt>
      <trkpt lat="51.040923" lon="2.407000">
        <ele>3.854484</ele>
        <time>2025-12-16T00:04:26.921Z</time>
      </trkpt>
      <trkpt lat="51.039920" lon="2.408071">
        <ele>3.255417</ele>
        <time>2025-12-16T00:04:56.328Z</time>
      </trkpt>
      <trkpt lat="51.039579" lon="2.408428">
        <ele>3.061364</ele>
        <time>2025-12-16T00:05:06.456Z</time>
      </trkpt>
      <trkpt lat="51.039525" lon="2.408446">
        <ele>3.035138</ele>
        <time>2025-12-16T00:05:07.850Z</time>
      </trkpt>
      <trkpt lat="51.039482" lon="2.408508">
        <ele>3.007550</ele>
        <time>2025-12-16T00:05:09.279Z</time>
      </trkpt>
      <trkpt lat="51.039441" lon="2.408504">
        <ele>2.988025</ele>
        <time>2025-12-16T00:05:10.316Z</time>
      </trkpt>
      <trkpt lat="51.038303" lon="2.407529">
        <ele>2.581590</ele>
        <time>2025-12-16T00:05:42.992Z</time>
      </trkpt>
      <trkpt lat="51.037896" lon="2.407180">
        <ele>2.473164</ele>
        <time>2025-12-16T00:05:54.733Z</time>
      </trkpt>
      <trkpt lat="51.037502" lon="2.406925">
        <ele>2.373419</ele>
        <time>2025-12-16T00:06:05.765Z</time>
      </trkpt>
      <trkpt lat="51.037085" lon="2.406717">
        <ele>2.404776</ele>
        <time>2025-12-16T00:06:17.653Z</time>
      </trkpt>
      <trkpt lat="51.036645" lon="2.406573">
        <ele>2.453693</ele>
        <time>2025-12-16T00:06:29.793Z</time>
      </trkpt>
      <trkpt lat="51.036102" lon="2.406488">
        <ele>2.513107</ele>
        <time>2025-12-16T00:06:44.739Z</time>
      </trkpt>
      <trkpt lat="51.036063" lon="2.406463">
        <ele>2.517686</ele>
        <time>2025-12-16T00:06:45.906Z</time>
      </trkpt>
      <trkpt lat="51.036022" lon="2.406362">
        <ele>2.525918</ele>
        <time>2025-12-16T00:06:48.098Z</time>
      </trkpt>
      <trkpt lat="51.035543" lon="2.406436">
        <ele>2.513687</ele>
        <time>2025-12-16T00:07:01.696Z</time>
      </trkpt>
      <trkpt lat="51.035382" lon="2.406456">
        <ele>2.474807</ele>
        <time>2025-12-16T00:07:06.165Z</time>
      </trkpt>
      <trkpt lat="51.035295" lon="2.406437">
        <ele>2.453665</ele>
        <time>2025-12-16T00:07:08.574Z</time>
      </trkpt>
      <trkpt lat="51.035077" lon="2.406470">
        <ele>2.400942</ele>
        <time>2025-12-16T00:07:14.436Z</time>
      </trkpt>
      <trkpt lat="51.035068" lon="2.406502">
        <ele>2.395635</ele>
        <time>2025-12-16T00:07:15.001Z</time>
      </trkpt>
      <trkpt lat="51.035015" lon="2.406501">
        <ele>2.382874</ele>
        <time>2025-12-16T00:07:16.405Z</time>
      </trkpt>
      <trkpt lat="51.034940" lon="2.406500">
        <ele>2.364817</ele>
        <time>2025-12-16T00:07:18.329Z</time>
      </trkpt>
      <trkpt lat="51.034811" lon="2.406497">
        <ele>2.333756</ele>
        <time>2025-12-16T00:07:21.595Z</time>
      </trkpt>
      <trkpt lat="51.034813" lon="2.406561">
        <ele>2.324054</ele>
        <time>2025-12-16T00:07:22.600Z</time>
      </trkpt>
      <trkpt lat="51.034814" lon="2.406613">
        <ele>2.316178</ele>
        <time>2025-12-16T00:07:23.427Z</time>
      </trkpt>
      <trkpt lat="51.034501" lon="2.406612">
        <ele>2.240820</ele>
        <time>2025-12-16T00:07:31.329Z</time>
      </trkpt>
      <trkpt lat="51.034437" lon="2.406648">
        <ele>2.224476</ele>
        <time>2025-12-16T00:07:33.046Z</time>
      </trkpt>
      <trkpt lat="51.034256" lon="2.406663">
        <ele>2.180840</ele>
        <time>2025-12-16T00:07:37.555Z</time>
      </trkpt>
      <trkpt lat="51.034039" lon="2.406639">
        <ele>2.128469</ele>
        <time>2025-12-16T00:07:42.778Z</time>
      </trkpt>
      <trkpt lat="51.033370" lon="2.406737">
        <ele>1.697937</ele>
        <time>2025-12-16T00:07:58.436Z</time>
      </trkpt>
      <trkpt lat="51.032852" lon="2.406759">
        <ele>1.361532</ele>
        <time>2025-12-16T00:08:10.531Z</time>
      </trkpt>
      <trkpt lat="51.032117" lon="2.406686">
        <ele>0.957118</ele>
        <time>2025-12-16T00:08:28.977Z</time>
      </trkpt>
      <trkpt lat="51.031535" lon="2.406545">
        <ele>0.955245</ele>
        <time>2025-12-16T00:08:44.944Z</time>
      </trkpt>
      <trkpt lat="51.031014" lon="2.406354">
        <ele>0.953543</ele>
        <time>2025-12-16T00:08:59.516Z</time>
      </trkpt>
      <trkpt lat="51.030969" lon="2.406321">
        <ele>0.953386</ele>
        <time>2025-12-16T00:09:00.860Z</time>
      </trkpt>
      <trkpt lat="51.030845" lon="2.406244">
        <ele>0.952962</ele>
        <time>2025-12-16T00:09:04.435Z</time>
      </trkpt>
      <trkpt lat="51.030652" lon="2.406208">
        <ele>0.952344</ele>
        <time>2025-12-16T00:09:09.615Z</time>
      </trkpt>
      <trkpt lat="51.029165" lon="2.405552">
        <ele>1.038230</ele>
        <time>2025-12-16T00:09:50.119Z</time>
      </trkpt>
      <trkpt lat="51.028612" lon="2.405296">
        <ele>1.096721</ele>
        <time>2025-12-16T00:10:06.780Z</time>
      </trkpt>
      <trkpt lat="51.028261" lon="2.405090">
        <ele>1.180497</ele>
        <time>2025-12-16T00:10:17.743Z</time>
      </trkpt>
      <trkpt lat="51.027867" lon="2.404790">
        <ele>1.278312</ele>
        <time>2025-12-16T00:10:30.259Z</time>
      </trkpt>
      <trkpt lat="51.027327" lon="2.404284">
        <ele>1.418659</ele>
        <time>2025-12-16T00:10:47.495Z</time>
      </trkpt>
      <trkpt lat="51.027110" lon="2.404034">
        <ele>1.463483</ele>
        <time>2025-12-16T00:10:54.421Z</time>
      </trkpt>
      <trkpt lat="51.026857" lon="2.403683">
        <ele>1.421270</ele>
        <time>2025-12-16T00:11:02.974Z</time>
      </trkpt>
      <trkpt lat="51.026538" lon="2.403202">
        <ele>1.365998</ele>
        <time>2025-12-16T00:11:14.122Z</time>
      </trkpt>
      <trkpt lat="51.026368" lon="2.402888">
        <ele>1.333238</ele>
        <time>2025-12-16T00:11:20.796Z</time>
      </trkpt>
      <trkpt lat="51.025875" lon="2.401676">
        <ele>1.295869</ele>
        <time>2025-12-16T00:11:44.994Z</time>
      </trkpt>
      <trkpt lat="51.025484" lon="2.400727">
        <ele>1.496584</ele>
        <time>2025-12-16T00:12:05.105Z</time>
      </trkpt>
      <trkpt lat="51.025119" lon="2.399808">
        <ele>1.688879</ele>
        <time>2025-12-16T00:12:24.843Z</time>
      </trkpt>
      <trkpt lat="51.024747" lon="2.398855">
        <ele>1.679397</ele>
        <time>2025-12-16T00:12:44.583Z</time>
      </trkpt>
      <trkpt lat="51.024020" lon="2.397015">
        <ele>1.511070</ele>
        <time>2025-12-16T00:13:18.866Z</time>
      </trkpt>
      <trkpt lat="51.024078" lon="2.396951">
        <ele>1.529156</ele>
        <time>2025-12-16T00:13:20.684Z</time>
      </trkpt>
      <trkpt lat="51.023768" lon="2.396162">
        <ele>1.679051</ele>
        <time>2025-12-16T00:13:36.254Z</time>
      </trkpt>
      <trkpt lat="51.023730" lon="2.396066">
        <ele>1.697328</ele>
        <time>2025-12-16T00:13:38.269Z</time>
      </trkpt>
      <trkpt lat="51.023626" lon="2.395807">
        <ele>1.746839</ele>
        <time>2025-12-16T00:13:43.781Z</time>
      </trkpt>
      <trkpt lat="51.023610" lon="2.395625">
        <ele>1.776450</ele>
        <time>2025-12-16T00:13:47.147Z</time>
      </trkpt>
      <trkpt lat="51.023544" lon="2.395640">
        <ele>1.793529</ele>
        <time>2025-12-16T00:13:49.102Z</time>
      </trkpt>
      <trkpt lat="51.023461" lon="2.395612">
        <ele>1.815265</ele>
        <time>2025-12-16T00:13:51.593Z</time>
      </trkpt>
      <trkpt lat="51.022937" lon="2.394278">
        <ele>1.967721</ele>
        <time>2025-12-16T00:14:21.168Z</time>
      </trkpt>
      <trkpt lat="51.022507" lon="2.393065">
        <ele>1.990563</ele>
        <time>2025-12-16T00:14:44.207Z</time>
      </trkpt>
      <trkpt lat="51.022057" lon="2.391681">
        <ele>1.930030</ele>
        <time>2025-12-16T00:15:08.612Z</time>
      </trkpt>
      <trkpt lat="51.021565" lon="2.389853">
        <ele>1.745547</ele>
        <time>2025-12-16T00:15:41.448Z</time>
      </trkpt>
      <trkpt lat="51.021186" lon="2.388131">
        <ele>1.921054</ele>
        <time>2025-12-16T00:16:12.731Z</time>
      </trkpt>
      <trkpt lat="51.020907" lon="2.386521">
        <ele>2.031581</ele>
        <time>2025-12-16T00:16:42.312Z</time>
      </trkpt>
      <trkpt lat="51.020812" lon="2.385874">
        <ele>2.023143</ele>
        <time>2025-12-16T00:16:53.647Z</time>
      </trkpt>
      <trkpt lat="51.020787" lon="2.385687">
        <ele>2.020715</ele>
        <time>2025-12-16T00:16:56.821Z</time>
      </trkpt>
      <trkpt lat="51.020553" lon="2.383729">
        <ele>2.053529</ele>
        <time>2025-12-16T00:17:28.821Z</time>
      </trkpt>
      <trkpt lat="51.020424" lon="2.382625">
        <ele>2.159789</ele>
        <time>2025-12-16T00:17:47.824Z</time>
      </trkpt>
      <trkpt lat="51.020133" lon="2.380083">
        <ele>2.379176</ele>
        <time>2025-12-16T00:18:34.933Z</time>
      </trkpt>
      <trkpt lat="51.020059" lon="2.379510">
        <ele>2.423953</ele>
        <time>2025-12-16T00:18:45.021Z</time>
      </trkpt>
      <trkpt lat="51.019974" lon="2.378805">
        <ele>2.478901</ele>
        <time>2025-12-16T00:18:56.873Z</time>
      </trkpt>
      <trkpt lat="51.019860" lon="2.377609">
        <ele>2.284832</ele>
        <time>2025-12-16T00:19:15.059Z</time>
      </trkpt>
      <trkpt lat="51.019869" lon="2.377178">
        <ele>2.199203</ele>
        <time>2025-12-16T00:19:22.012Z</time>
      </trkpt>
      <trkpt lat="51.019911" lon="2.376726">
        <ele>2.108478</ele>
        <time>2025-12-16T00:19:29.552Z</time>
      </trkpt>
      <trkpt lat="51.019915" lon="2.376673">
        <ele>2.097879</ele>
        <time>2025-12-16T00:19:30.414Z</time>
      </trkpt>
      <trkpt lat="51.019840" lon="2.376705">
        <ele>2.073366</ele>
        <time>2025-12-16T00:19:32.466Z</time>
      </trkpt>
      <trkpt lat="51.019123" lon="2.377003">
        <ele>1.839688</ele>
        <time>2025-12-16T00:19:51.941Z</time>
      </trkpt>
      <trkpt lat="51.018059" lon="2.377533">
        <ele>1.488794</ele>
        <time>2025-12-16T00:20:20.133Z</time>
      </trkpt>
      <trkpt lat="51.017937" lon="2.377589">
        <ele>1.448832</ele>
        <time>2025-12-16T00:20:23.164Z</time>
      </trkpt>
      <trkpt lat="51.017635" lon="2.377724">
        <ele>1.356400</ele>
        <time>2025-12-16T00:20:30.654Z</time>
      </trkpt>
      <trkpt lat="51.017484" lon="2.377787">
        <ele>1.346718</ele>
        <time>2025-12-16T00:20:34.401Z</time>
      </trkpt>
      <trkpt lat="51.015412" lon="2.378769">
        <ele>1.295471</ele>
        <time>2025-12-16T00:21:32.660Z</time>
      </trkpt>
      <trkpt lat="51.015422" lon="2.378833">
        <ele>1.299210</ele>
        <time>2025-12-16T00:21:33.791Z</time>
      </trkpt>
      <trkpt lat="51.015428" lon="2.378899">
        <ele>1.302991</ele>
        <time>2025-12-16T00:21:34.952Z</time>
      </trkpt>
      <trkpt lat="51.015144" lon="2.379036">
        <ele>1.329741</ele>
        <time>2025-12-16T00:21:43.070Z</time>
      </trkpt>
      <trkpt lat="51.015104" lon="2.379174">
        <ele>1.338356</ele>
        <time>2025-12-16T00:21:45.678Z</time>
      </trkpt>
      <trkpt lat="51.015053" lon="2.379199">
        <ele>1.343166</ele>
        <time>2025-12-16T00:21:47.097Z</time>
      </trkpt>
      <trkpt lat="51.014991" lon="2.379232">
        <ele>1.349059</ele>
        <time>2025-12-16T00:21:48.861Z</time>
      </trkpt>
      <trkpt lat="51.014965" lon="2.379156">
        <ele>1.353965</ele>
        <time>2025-12-16T00:21:50.320Z</time>
      </trkpt>
      <trkpt lat="51.014906" lon="2.379141">
        <ele>1.359350</ele>
        <time>2025-12-16T00:21:51.894Z</time>
      </trkpt>
      <trkpt lat="51.013870" lon="2.379606">
        <ele>1.467354</ele>
        <time>2025-12-16T00:22:21.681Z</time>
      </trkpt>
      <trkpt lat="51.013401" lon="2.379824">
        <ele>1.521496</ele>
        <time>2025-12-16T00:22:34.944Z</time>
      </trkpt>
      <trkpt lat="51.013004" lon="2.380073">
        <ele>1.568785</ele>
        <time>2025-12-16T00:22:46.582Z</time>
      </trkpt>
      <trkpt lat="51.012997" lon="2.380005">
        <ele>1.573588</ele>
        <time>2025-12-16T00:22:47.754Z</time>
      </trkpt>
      <trkpt lat="51.012963" lon="2.379957">
        <ele>1.578627</ele>
        <time>2025-12-16T00:22:48.976Z</time>
      </trkpt>
      <trkpt lat="51.012382" lon="2.380235">
        <ele>1.642775</ele>
        <time>2025-12-16T00:23:04.914Z</time>
      </trkpt>
      <trkpt lat="51.010457" lon="2.381051">
        <ele>2.194015</ele>
        <time>2025-12-16T00:23:59.101Z</time>
      </trkpt>
      <trkpt lat="51.010431" lon="2.381060">
        <ele>2.213982</ele>
        <time>2025-12-16T00:23:59.945Z</time>
      </trkpt>
      <trkpt lat="51.010434" lon="2.381082">
        <ele>2.224610</ele>
        <time>2025-12-16T00:24:00.659Z</time>
      </trkpt>
      <trkpt lat="51.010441" lon="2.381130">
        <ele>2.247873</ele>
        <time>2025-12-16T00:24:02.244Z</time>
      </trkpt>
      <trkpt lat="51.010292" lon="2.381184">
        <ele>2.362549</ele>
        <time>2025-12-16T00:24:07.306Z</time>
      </trkpt>
      <trkpt lat="51.010321" lon="2.381438">
        <ele>2.484426</ele>
        <time>2025-12-16T00:24:14.005Z</time>
      </trkpt>
      <trkpt lat="51.010307" lon="2.381538">
        <ele>2.532793</ele>
        <time>2025-12-16T00:24:16.610Z</time>
      </trkpt>
      <trkpt lat="51.010284" lon="2.381727">
        <ele>2.623678</ele>
        <time>2025-12-16T00:24:21.547Z</time>
      </trkpt>
      <trkpt lat="51.009853" lon="2.382586">
        <ele>3.140743</ele>
        <time>2025-12-16T00:24:45.685Z</time>
      </trkpt>
      <trkpt lat="51.009622" lon="2.382889">
        <ele>3.157100</ele>
        <time>2025-12-16T00:24:55.539Z</time>
      </trkpt>
      <trkpt lat="51.009561" lon="2.382948">
        <ele>3.161000</ele>
        <time>2025-12-16T00:24:58.801Z</time>
      </trkpt>
      <trkpt lat="51.009380" lon="2.383058">
        <ele>3.171583</ele>
        <time>2025-12-16T00:25:07.649Z</time>
      </trkpt>
      <trkpt lat="51.009260" lon="2.383186">
        <ele>3.179476</ele>
        <time>2025-12-16T00:25:14.130Z</time>
      </trkpt>
      <trkpt lat="51.009209" lon="2.383351">
        <ele>3.185793</ele>
        <time>2025-12-16T00:25:19.224Z</time>
      </trkpt>
      <trkpt lat="51.009230" lon="2.383411">
        <ele>3.188152</ele>
        <time>2025-12-16T00:25:21.119Z</time>
      </trkpt>
      <trkpt lat="51.009539" lon="2.383656">
        <ele>3.207011</ele>
        <time>2025-12-16T00:25:35.851Z</time>
      </trkpt>
      <trkpt lat="51.009597" lon="2.383812">
        <ele>3.213237</ele>
        <time>2025-12-16T00:25:40.697Z</time>
      </trkpt>
      <trkpt lat="51.009584" lon="2.383933">
        <ele>3.217455</ele>
        <time>2025-12-16T00:25:43.985Z</time>
      </trkpt>
      <trkpt lat="51.009292" lon="2.384560">
        <ele>3.212352</ele>
        <time>2025-12-16T00:26:05.205Z</time>
      </trkpt>
      <trkpt lat="51.009268" lon="2.384659">
        <ele>3.194525</ele>
        <time>2025-12-16T00:26:08.138Z</time>
      </trkpt>
      <trkpt lat="51.009391" lon="2.385130">
        <ele>3.108836</ele>
        <time>2025-12-16T00:26:22.238Z</time>
      </trkpt>
      <trkpt lat="51.009391" lon="2.385416">
        <ele>3.060780</ele>
        <time>2025-12-16T00:26:30.125Z</time>
      </trkpt>
      <trkpt lat="51.009335" lon="2.385564">
        <ele>3.031761</ele>
        <time>2025-12-16T00:26:34.876Z</time>
      </trkpt>
      <trkpt lat="51.009246" lon="2.385648">
        <ele>3.004118</ele>
        <time>2025-12-16T00:26:39.391Z</time>
      </trkpt>
      <trkpt lat="51.009140" lon="2.385688">
        <ele>2.975023</ele>
        <time>2025-12-16T00:26:44.173Z</time>
      </trkpt>
      <trkpt lat="51.008873" lon="2.385703">
        <ele>2.903674</ele>
        <time>2025-12-16T00:26:55.815Z</time>
      </trkpt>
      <trkpt lat="51.008873" lon="2.385703">
        <ele>2.903674</ele>
        <time>2025-12-16T00:26:55.832Z</time>
      </trkpt>
      <trkpt lat="51.008805" lon="2.385752">
        <ele>2.883735</ele>
        <time>2025-12-16T00:26:59.075Z</time>
      </trkpt>
      <trkpt lat="51.008746" lon="2.385901">
        <ele>2.854153</ele>
        <time>2025-12-16T00:27:03.872Z</time>
      </trkpt>
      <trkpt lat="51.008570" lon="2.386586">
        <ele>2.699678</ele>
        <time>2025-12-16T00:27:23.638Z</time>
      </trkpt>
      <trkpt lat="51.008651" lon="2.386853">
        <ele>2.597518</ele>
        <time>2025-12-16T00:27:36.619Z</time>
      </trkpt>
      <trkpt lat="51.008228" lon="2.386973">
        <ele>2.362152</ele>
        <time>2025-12-16T00:28:06.465Z</time>
      </trkpt>
      <trkpt lat="51.008306" lon="2.387094">
        <ele>2.302448</ele>
        <time>2025-12-16T00:28:11.099Z</time>
      </trkpt>
      <trkpt lat="51.008394" lon="2.387358">
        <ele>2.199479</ele>
        <time>2025-12-16T00:28:19.126Z</time>
      </trkpt>
      <trkpt lat="51.008558" lon="2.387869">
        <ele>2.001773</ele>
        <time>2025-12-16T00:28:34.557Z</time>
      </trkpt>
      <trkpt lat="51.008642" lon="2.387988">
        <ele>1.940135</ele>
        <time>2025-12-16T00:28:39.330Z</time>
      </trkpt>
      <trkpt lat="51.008768" lon="2.387972">
        <ele>1.870897</ele>
        <time>2025-12-16T00:28:44.528Z</time>
      </trkpt>
      <trkpt lat="51.008928" lon="2.387761">
        <ele>1.745860</ele>
        <time>2025-12-16T00:28:53.024Z</time>
      </trkpt>
      <trkpt lat="51.008968" lon="2.388038">
        <ele>1.580731</ele>
        <time>2025-12-16T00:28:57.600Z</time>
      </trkpt>
      <trkpt lat="51.009005" lon="2.388229">
        <ele>1.464614</ele>
        <time>2025-12-16T00:29:00.874Z</time>
      </trkpt>
      <trkpt lat="51.009119" lon="2.388905">
        <ele>1.057978</ele>
        <time>2025-12-16T00:29:14.794Z</time>
      </trkpt>
      <trkpt lat="51.009159" lon="2.389144">
        <ele>0.914284</ele>
        <time>2025-12-16T00:29:19.711Z</time>
      </trkpt>
      <trkpt lat="51.009116" lon="2.389175">
        <ele>0.870682</ele>
        <time>2025-12-16T00:29:20.763Z</time>
      </trkpt>
      <trkpt lat="51.009141" lon="2.389297">
        <ele>0.796132</ele>
        <time>2025-12-16T00:29:23.331Z</time>
      </trkpt>
      <trkpt lat="51.009218" lon="2.389715">
        <ele>0.543069</ele>
        <time>2025-12-16T00:29:31.831Z</time>
      </trkpt>
      <trkpt lat="51.008787" lon="2.389889">
        <ele>0.132427</ele>
        <time>2025-12-16T00:29:43.309Z</time>
      </trkpt>
      <trkpt lat="51.008079" lon="2.389857">
        <ele>-0.054913</ele>
        <time>2025-12-16T00:30:02.648Z</time>
      </trkpt>
      <trkpt lat="51.007373" lon="2.390093">
        <ele>-0.230669</ele>
        <time>2025-12-16T00:30:23.820Z</time>
      </trkpt>
      <trkpt lat="51.007342" lon="2.392077">
        <ele>-0.126590</ele>
        <time>2025-12-16T00:31:01.696Z</time>
      </trkpt>
      <trkpt lat="51.007504" lon="2.394122">
        <ele>0.173496</ele>
        <time>2025-12-16T00:31:42.213Z</time>
      </trkpt>
      <trkpt lat="51.007495" lon="2.394261">
        <ele>0.193650</ele>
        <time>2025-12-16T00:31:45.035Z</time>
      </trkpt>
      <trkpt lat="51.007314" lon="2.395236">
        <ele>0.340269</ele>
        <time>2025-12-16T00:32:05.359Z</time>
      </trkpt>
      <trkpt lat="51.007252" lon="2.395342">
        <ele>0.361143</ele>
        <time>2025-12-16T00:32:08.191Z</time>
      </trkpt>
      <trkpt lat="51.007031" lon="2.395575">
        <ele>0.421935</ele>
        <time>2025-12-16T00:32:16.286Z</time>
      </trkpt>
      <trkpt lat="51.006788" lon="2.395765">
        <ele>0.484012</ele>
        <time>2025-12-16T00:32:24.381Z</time>
      </trkpt>
      <trkpt lat="51.005618" lon="2.395504">
        <ele>0.337392</ele>
        <time>2025-12-16T00:32:58.254Z</time>
      </trkpt>
      <trkpt lat="51.005313" lon="2.395389">
        <ele>0.289618</ele>
        <time>2025-12-16T00:33:06.928Z</time>
      </trkpt>
      <trkpt lat="51.005031" lon="2.395253">
        <ele>0.244703</ele>
        <time>2025-12-16T00:33:15.371Z</time>
      </trkpt>
      <trkpt lat="51.004518" lon="2.395143">
        <ele>0.348848</ele>
        <time>2025-12-16T00:33:30.883Z</time>
      </trkpt>
      <trkpt lat="51.004302" lon="2.395083">
        <ele>0.410762</ele>
        <time>2025-12-16T00:33:37.878Z</time>
      </trkpt>
      <trkpt lat="51.004118" lon="2.395045">
        <ele>0.463153</ele>
        <time>2025-12-16T00:33:44.086Z</time>
      </trkpt>
      <trkpt lat="51.003874" lon="2.395040">
        <ele>0.532054</ele>
        <time>2025-12-16T00:33:51.928Z</time>
      </trkpt>
      <trkpt lat="51.003769" lon="2.395049">
        <ele>0.561745</ele>
        <time>2025-12-16T00:33:55.227Z</time>
      </trkpt>
      <trkpt lat="51.003735" lon="2.395245">
        <ele>0.597869</ele>
        <time>2025-12-16T00:33:59.173Z</time>
      </trkpt>
      <trkpt lat="51.003709" lon="2.395289">
        <ele>0.608593</ele>
        <time>2025-12-16T00:34:00.350Z</time>
      </trkpt>
      <trkpt lat="51.003465" lon="2.395282">
        <ele>0.677500</ele>
        <time>2025-12-16T00:34:07.848Z</time>
      </trkpt>
      <trkpt lat="51.003396" lon="2.395271">
        <ele>0.697081</ele>
        <time>2025-12-16T00:34:09.997Z</time>
      </trkpt>
      <trkpt lat="51.003332" lon="2.395274">
        <ele>0.715159</ele>
        <time>2025-12-16T00:34:12.007Z</time>
      </trkpt>
      <trkpt lat="51.003161" lon="2.395328">
        <ele>0.727695</ele>
        <time>2025-12-16T00:34:17.602Z</time>
      </trkpt>
      <trkpt lat="51.002848" lon="2.395546">
        <ele>0.690842</ele>
        <time>2025-12-16T00:34:28.089Z</time>
      </trkpt>
      <trkpt lat="51.002714" lon="2.395693">
        <ele>0.673282</ele>
        <time>2025-12-16T00:34:32.985Z</time>
      </trkpt>
      <trkpt lat="51.002480" lon="2.395982">
        <ele>0.641323</ele>
        <time>2025-12-16T00:34:41.753Z</time>
      </trkpt>
      <trkpt lat="51.002281" lon="2.396068">
        <ele>0.619083</ele>
        <time>2025-12-16T00:34:47.629Z</time>
      </trkpt>
      <trkpt lat="51.002164" lon="2.396190">
        <ele>0.603992</ele>
        <time>2025-12-16T00:34:51.453Z</time>
      </trkpt>
      <trkpt lat="51.001862" lon="2.396331">
        <ele>0.570048</ele>
        <time>2025-12-16T00:35:00.135Z</time>
      </trkpt>
      <trkpt lat="51.001798" lon="2.396411">
        <ele>0.561267</ele>
        <time>2025-12-16T00:35:02.412Z</time>
      </trkpt>
      <trkpt lat="51.001639" lon="2.396761">
        <ele>0.529432</ele>
        <time>2025-12-16T00:35:10.096Z</time>
      </trkpt>
      <trkpt lat="51.001555" lon="2.396912">
        <ele>0.512835</ele>
        <time>2025-12-16T00:35:13.682Z</time>
      </trkpt>
      <trkpt lat="51.001447" lon="2.397022">
        <ele>0.496047</ele>
        <time>2025-12-16T00:35:17.321Z</time>
      </trkpt>
      <trkpt lat="51.001172" lon="2.397143">
        <ele>0.458706</ele>
        <time>2025-12-16T00:35:25.403Z</time>
      </trkpt>
      <trkpt lat="51.000702" lon="2.397240">
        <ele>0.396683</ele>
        <time>2025-12-16T00:35:39.171Z</time>
      </trkpt>
      <trkpt lat="51.000642" lon="2.397282">
        <ele>0.388103</ele>
        <time>2025-12-16T00:35:41.081Z</time>
      </trkpt>
      <trkpt lat="51.000626" lon="2.397345">
        <ele>0.382508</ele>
        <time>2025-12-16T00:35:42.347Z</time>
      </trkpt>
      <trkpt lat="51.000652" lon="2.397557">
        <ele>0.364721</ele>
        <time>2025-12-16T00:35:46.351Z</time>
      </trkpt>
      <trkpt lat="51.000645" lon="2.397676">
        <ele>0.354878</ele>
        <time>2025-12-16T00:35:48.592Z</time>
      </trkpt>
      <trkpt lat="51.000460" lon="2.397966">
        <ele>0.320870</ele>
        <time>2025-12-16T00:35:56.415Z</time>
      </trkpt>
      <trkpt lat="51.000422" lon="2.398155">
        <ele>0.312807</ele>
        <time>2025-12-16T00:36:00.213Z</time>
      </trkpt>
      <trkpt lat="51.000420" lon="2.398434">
        <ele>0.337828</ele>
        <time>2025-12-16T00:36:05.590Z</time>
      </trkpt>
      <trkpt lat="51.000456" lon="2.398661">
        <ele>0.358821</ele>
        <time>2025-12-16T00:36:10.130Z</time>
      </trkpt>
      <trkpt lat="51.000351" lon="2.398714">
        <ele>0.374520</ele>
        <time>2025-12-16T00:36:13.523Z</time>
      </trkpt>
      <trkpt lat="51.000225" lon="2.398725">
        <ele>0.392501</ele>
        <time>2025-12-16T00:36:17.435Z</time>
      </trkpt>
      <trkpt lat="50.999922" lon="2.398612">
        <ele>0.436851</ele>
        <time>2025-12-16T00:36:27.037Z</time>
      </trkpt>
      <trkpt lat="50.999623" lon="2.398596">
        <ele>0.479481</ele>
        <time>2025-12-16T00:36:36.172Z</time>
      </trkpt>
      <trkpt lat="50.999350" lon="2.398326">
        <ele>0.525302</ele>
        <time>2025-12-16T00:36:45.883Z</time>
      </trkpt>
      <trkpt lat="50.999129" lon="2.398231">
        <ele>0.557926</ele>
        <time>2025-12-16T00:36:52.777Z</time>
      </trkpt>
      <trkpt lat="50.999117" lon="2.398226">
        <ele>0.559694</ele>
        <time>2025-12-16T00:36:53.140Z</time>
      </trkpt>
      <trkpt lat="50.999068" lon="2.398164">
        <ele>0.560695</ele>
        <time>2025-12-16T00:36:55.052Z</time>
      </trkpt>
      <trkpt lat="50.998955" lon="2.397901">
        <ele>0.530123</ele>
        <time>2025-12-16T00:37:00.999Z</time>
      </trkpt>
      <trkpt lat="50.998816" lon="2.397839">
        <ele>0.508099</ele>
        <time>2025-12-16T00:37:05.246Z</time>
      </trkpt>
      <trkpt lat="50.998006" lon="2.397865">
        <ele>0.384509</ele>
        <time>2025-12-16T00:37:28.633Z</time>
      </trkpt>
      <trkpt lat="50.997501" lon="2.397965">
        <ele>0.306876</ele>
        <time>2025-12-16T00:37:42.915Z</time>
      </trkpt>
      <trkpt lat="50.997254" lon="2.398092">
        <ele>0.339780</ele>
        <time>2025-12-16T00:37:50.230Z</time>
      </trkpt>
      <trkpt lat="50.997041" lon="2.398337">
        <ele>0.425368</ele>
        <time>2025-12-16T00:37:57.704Z</time>
      </trkpt>
      <trkpt lat="50.996844" lon="2.398394">
        <ele>0.490543</ele>
        <time>2025-12-16T00:38:03.645Z</time>
      </trkpt>
      <trkpt lat="50.996647" lon="2.398373">
        <ele>0.554807</ele>
        <time>2025-12-16T00:38:09.736Z</time>
      </trkpt>
      <trkpt lat="50.996357" lon="2.398209">
        <ele>0.654998</ele>
        <time>2025-12-16T00:38:19.523Z</time>
      </trkpt>
      <trkpt lat="50.996104" lon="2.398157">
        <ele>0.738032</ele>
        <time>2025-12-16T00:38:27.915Z</time>
      </trkpt>
      <trkpt lat="50.996023" lon="2.398204">
        <ele>0.766100</ele>
        <time>2025-12-16T00:38:30.769Z</time>
      </trkpt>
      <trkpt lat="50.995767" lon="2.398418">
        <ele>0.860252</ele>
        <time>2025-12-16T00:38:40.483Z</time>
      </trkpt>
      <trkpt lat="50.995328" lon="2.398902">
        <ele>1.114153</ele>
        <time>2025-12-16T00:38:58.870Z</time>
      </trkpt>
      <trkpt lat="50.995136" lon="2.399233">
        <ele>1.252949</ele>
        <time>2025-12-16T00:39:08.638Z</time>
      </trkpt>
      <trkpt lat="50.994947" lon="2.399722">
        <ele>1.429889</ele>
        <time>2025-12-16T00:39:20.541Z</time>
      </trkpt>
      <trkpt lat="50.994923" lon="2.399793">
        <ele>1.454739</ele>
        <time>2025-12-16T00:39:22.157Z</time>
      </trkpt>
      <trkpt lat="50.994705" lon="2.400819">
        <ele>1.724767</ele>
        <time>2025-12-16T00:39:42.467Z</time>
      </trkpt>
      <trkpt lat="50.994285" lon="2.401229">
        <ele>1.478518</ele>
        <time>2025-12-16T00:39:55.882Z</time>
      </trkpt>
      <trkpt lat="50.993938" lon="2.401650">
        <ele>1.260413</ele>
        <time>2025-12-16T00:40:07.568Z</time>
      </trkpt>
      <trkpt lat="50.994000" lon="2.401965">
        <ele>1.156642</ele>
        <time>2025-12-16T00:40:12.563Z</time>
      </trkpt>
      <trkpt lat="50.994048" lon="2.402538">
        <ele>0.974892</ele>
        <time>2025-12-16T00:40:21.378Z</time>
      </trkpt>
      <trkpt lat="50.994082" lon="2.403589">
        <ele>0.846397</ele>
        <time>2025-12-16T00:40:38.025Z</time>
      </trkpt>
      <trkpt lat="50.994322" lon="2.405577">
        <ele>0.810473</ele>
        <time>2025-12-16T00:41:13.115Z</time>
      </trkpt>
      <trkpt lat="50.994306" lon="2.405885">
        <ele>0.824697</ele>
        <time>2025-12-16T00:41:18.215Z</time>
      </trkpt>
      <trkpt lat="50.994269" lon="2.405975">
        <ele>0.836215</ele>
        <time>2025-12-16T00:41:19.962Z</time>
      </trkpt>
      <trkpt lat="50.994214" lon="2.406020">
        <ele>0.846748</ele>
        <time>2025-12-16T00:41:21.560Z</time>
      </trkpt>
      <trkpt lat="50.993901" lon="2.406086">
        <ele>0.900502</ele>
        <time>2025-12-16T00:41:29.733Z</time>
      </trkpt>
      <trkpt lat="50.993485" lon="2.406108">
        <ele>0.971364</ele>
        <time>2025-12-16T00:41:40.901Z</time>
      </trkpt>
      <trkpt lat="50.993175" lon="2.406042">
        <ele>1.024613</ele>
        <time>2025-12-16T00:41:49.663Z</time>
      </trkpt>
      <trkpt lat="50.993205" lon="2.406216">
        <ele>1.043945</ele>
        <time>2025-12-16T00:41:53.222Z</time>
      </trkpt>
      <trkpt lat="50.993208" lon="2.406262">
        <ele>1.048900</ele>
        <time>2025-12-16T00:41:54.162Z</time>
      </trkpt>
      <trkpt lat="50.993215" lon="2.406383">
        <ele>1.061921</ele>
        <time>2025-12-16T00:41:56.554Z</time>
      </trkpt>
      <trkpt lat="50.993266" lon="2.406736">
        <ele>1.100730</ele>
        <time>2025-12-16T00:42:03.811Z</time>
      </trkpt>
      <trkpt lat="50.993382" lon="2.407546">
        <ele>1.266885</ele>
        <time>2025-12-16T00:42:20.607Z</time>
      </trkpt>
      <trkpt lat="50.993446" lon="2.407653">
        <ele>1.298812</ele>
        <time>2025-12-16T00:42:23.665Z</time>
      </trkpt>
      <trkpt lat="50.993707" lon="2.407897">
        <ele>1.402876</ele>
        <time>2025-12-16T00:42:33.489Z</time>
      </trkpt>
      <trkpt lat="50.993755" lon="2.407917">
        <ele>1.419929</ele>
        <time>2025-12-16T00:42:35.097Z</time>
      </trkpt>
      <trkpt lat="50.993846" lon="2.407959">
        <ele>1.452493</ele>
        <time>2025-12-16T00:42:38.139Z</time>
      </trkpt>
      <trkpt lat="50.994079" lon="2.408282">
        <ele>1.558754</ele>
        <time>2025-12-16T00:42:47.791Z</time>
      </trkpt>
      <trkpt lat="50.994062" lon="2.408638">
        <ele>1.635974</ele>
        <time>2025-12-16T00:42:54.619Z</time>
      </trkpt>
      <trkpt lat="50.993919" lon="2.408957">
        <ele>1.720680</ele>
        <time>2025-12-16T00:43:01.895Z</time>
      </trkpt>
      <trkpt lat="50.993889" lon="2.409095">
        <ele>1.738217</ele>
        <time>2025-12-16T00:43:04.578Z</time>
      </trkpt>
      <trkpt lat="50.993864" lon="2.409482">
        <ele>1.763787</ele>
        <time>2025-12-16T00:43:11.686Z</time>
      </trkpt>
      <trkpt lat="50.993681" lon="2.409986">
        <ele>1.802029</ele>
        <time>2025-12-16T00:43:22.722Z</time>
      </trkpt>
      <trkpt lat="50.993514" lon="2.410051">
        <ele>1.819984</ele>
        <time>2025-12-16T00:43:27.990Z</time>
      </trkpt>
      <trkpt lat="50.993460" lon="2.410074">
        <ele>1.825822</ele>
        <time>2025-12-16T00:43:29.685Z</time>
      </trkpt>
      <trkpt lat="50.993412" lon="2.410094">
        <ele>1.831004</ele>
        <time>2025-12-16T00:43:31.202Z</time>
      </trkpt>
      <trkpt lat="50.993346" lon="2.410127">
        <ele>1.838229</ele>
        <time>2025-12-16T00:43:33.372Z</time>
      </trkpt>
      <trkpt lat="50.992985" lon="2.410348">
        <ele>1.878628</ele>
        <time>2025-12-16T00:43:45.268Z</time>
      </trkpt>
      <trkpt lat="50.992840" lon="2.410536">
        <ele>1.898171</ele>
        <time>2025-12-16T00:43:51.015Z</time>
      </trkpt>
      <trkpt lat="50.992765" lon="2.410778">
        <ele>1.915901</ele>
        <time>2025-12-16T00:43:56.161Z</time>
      </trkpt>
      <trkpt lat="50.992551" lon="2.412086">
        <ele>1.655374</ele>
        <time>2025-12-16T00:44:20.793Z</time>
      </trkpt>
      <trkpt lat="50.992497" lon="2.412682">
        <ele>1.531938</ele>
        <time>2025-12-16T00:44:31.271Z</time>
      </trkpt>
      <trkpt lat="50.992444" lon="2.412794">
        <ele>1.503213</ele>
        <time>2025-12-16T00:44:33.703Z</time>
      </trkpt>
      <trkpt lat="50.992255" lon="2.413035">
        <ele>1.424284</ele>
        <time>2025-12-16T00:44:40.321Z</time>
      </trkpt>
      <trkpt lat="50.992016" lon="2.413201">
        <ele>1.339332</ele>
        <time>2025-12-16T00:44:47.435Z</time>
      </trkpt>
      <trkpt lat="50.991433" lon="2.413463">
        <ele>1.244982</ele>
        <time>2025-12-16T00:45:04.082Z</time>
      </trkpt>
      <trkpt lat="50.991322" lon="2.413430">
        <ele>1.227918</ele>
        <time>2025-12-16T00:45:07.262Z</time>
      </trkpt>
      <trkpt lat="50.991187" lon="2.413297">
        <ele>1.203915</ele>
        <time>2025-12-16T00:45:11.822Z</time>
      </trkpt>
      <trkpt lat="50.990993" lon="2.413335">
        <ele>1.174378</ele>
        <time>2025-12-16T00:45:17.580Z</time>
      </trkpt>
      <trkpt lat="50.990745" lon="2.413468">
        <ele>1.134826</ele>
        <time>2025-12-16T00:45:25.520Z</time>
      </trkpt>
      <trkpt lat="50.990515" lon="2.413756">
        <ele>1.090573</ele>
        <time>2025-12-16T00:45:34.515Z</time>
      </trkpt>
      <trkpt lat="50.990142" lon="2.413854">
        <ele>1.087305</ele>
        <time>2025-12-16T00:45:46.177Z</time>
      </trkpt>
      <trkpt lat="50.990140" lon="2.413902">
        <ele>1.091263</ele>
        <time>2025-12-16T00:45:47.048Z</time>
      </trkpt>
      <trkpt lat="50.990139" lon="2.413966">
        <ele>1.096530</ele>
        <time>2025-12-16T00:45:48.196Z</time>
      </trkpt>
      <trkpt lat="50.989779" lon="2.414121">
        <ele>1.145279</ele>
        <time>2025-12-16T00:45:59.614Z</time>
      </trkpt>
      <trkpt lat="50.989289" lon="2.414587">
        <ele>1.219920</ele>
        <time>2025-12-16T00:46:16.798Z</time>
      </trkpt>
      <trkpt lat="50.989198" lon="2.414630">
        <ele>1.232328</ele>
        <time>2025-12-16T00:46:19.608Z</time>
      </trkpt>
      <trkpt lat="50.988545" lon="2.414694">
        <ele>1.301181</ele>
        <time>2025-12-16T00:46:39.038Z</time>
      </trkpt>
      <trkpt lat="50.988208" lon="2.414762">
        <ele>1.309384</ele>
        <time>2025-12-16T00:46:49.232Z</time>
      </trkpt>
      <trkpt lat="50.988097" lon="2.414703">
        <ele>1.312211</ele>
        <time>2025-12-16T00:46:52.779Z</time>
      </trkpt>
      <trkpt lat="50.987996" lon="2.414586">
        <ele>1.315229</ele>
        <time>2025-12-16T00:46:56.556Z</time>
      </trkpt>
      <trkpt lat="50.987945" lon="2.414526">
        <ele>1.316762</ele>
        <time>2025-12-16T00:46:58.475Z</time>
      </trkpt>
      <trkpt lat="50.987817" lon="2.414461">
        <ele>1.320006</ele>
        <time>2025-12-16T00:47:02.518Z</time>
      </trkpt>
      <trkpt lat="50.987699" lon="2.414465">
        <ele>1.322857</ele>
        <time>2025-12-16T00:47:06.098Z</time>
      </trkpt>
      <trkpt lat="50.987299" lon="2.414597">
        <ele>1.332722</ele>
        <time>2025-12-16T00:47:18.371Z</time>
      </trkpt>
      <trkpt lat="50.987210" lon="2.414592">
        <ele>1.334872</ele>
        <time>2025-12-16T00:47:21.020Z</time>
      </trkpt>
      <trkpt lat="50.986988" lon="2.414440">
        <ele>1.340710</ele>
        <time>2025-12-16T00:47:28.053Z</time>
      </trkpt>
      <trkpt lat="50.986900" lon="2.414304">
        <ele>1.317215</ele>
        <time>2025-12-16T00:47:31.598Z</time>
      </trkpt>
      <trkpt lat="50.986840" lon="2.413393">
        <ele>1.201199</ele>
        <time>2025-12-16T00:47:48.050Z</time>
      </trkpt>
      <trkpt lat="50.986787" lon="2.412935">
        <ele>1.142216</ele>
        <time>2025-12-16T00:47:56.344Z</time>
      </trkpt>
      <trkpt lat="50.986589" lon="2.412764">
        <ele>1.096871</ele>
        <time>2025-12-16T00:48:02.750Z</time>
      </trkpt>
      <trkpt lat="50.986458" lon="2.412696">
        <ele>1.069141</ele>
        <time>2025-12-16T00:48:06.658Z</time>
      </trkpt>
      <trkpt lat="50.986331" lon="2.412693">
        <ele>1.043585</ele>
        <time>2025-12-16T00:48:10.257Z</time>
      </trkpt>
      <trkpt lat="50.986218" lon="2.412763">
        <ele>1.019181</ele>
        <time>2025-12-16T00:48:13.729Z</time>
      </trkpt>
      <trkpt lat="50.986221" lon="2.412864">
        <ele>1.006374</ele>
        <time>2025-12-16T00:48:15.558Z</time>
      </trkpt>
      <trkpt lat="50.986227" lon="2.413057">
        <ele>0.981899</ele>
        <time>2025-12-16T00:48:20.869Z</time>
      </trkpt>
      <trkpt lat="50.986218" lon="2.413234">
        <ele>0.995904</ele>
        <time>2025-12-16T00:48:24.112Z</time>
      </trkpt>
      <trkpt lat="50.985981" lon="2.413228">
        <ele>1.037322</ele>
        <time>2025-12-16T00:48:31.141Z</time>
      </trkpt>
      <trkpt lat="50.985874" lon="2.413331">
        <ele>1.059184</ele>
        <time>2025-12-16T00:48:34.907Z</time>
      </trkpt>
      <trkpt lat="50.985744" lon="2.413662">
        <ele>1.102098</ele>
        <time>2025-12-16T00:48:42.436Z</time>
      </trkpt>
      <trkpt lat="50.985636" lon="2.414065">
        <ele>1.150278</ele>
        <time>2025-12-16T00:48:51.049Z</time>
      </trkpt>
      <trkpt lat="50.985634" lon="2.414741">
        <ele>1.224638</ele>
        <time>2025-12-16T00:49:04.311Z</time>
      </trkpt>
      <trkpt lat="50.985594" lon="2.415021">
        <ele>1.256221</ele>
        <time>2025-12-16T00:49:09.897Z</time>
      </trkpt>
      <trkpt lat="50.985611" lon="2.415135">
        <ele>1.269108</ele>
        <time>2025-12-16T00:49:12.172Z</time>
      </trkpt>
      <trkpt lat="50.985730" lon="2.415489">
        <ele>1.299578</ele>
        <time>2025-12-16T00:49:20.005Z</time>
      </trkpt>
      <trkpt lat="50.985765" lon="2.415920">
        <ele>1.314737</ele>
        <time>2025-12-16T00:49:28.456Z</time>
      </trkpt>
      <trkpt lat="50.985714" lon="2.415988">
        <ele>1.318427</ele>
        <time>2025-12-16T00:49:30.508Z</time>
      </trkpt>
      <trkpt lat="50.985351" lon="2.416083">
        <ele>1.338812</ele>
        <time>2025-12-16T00:49:41.806Z</time>
      </trkpt>
      <trkpt lat="50.985261" lon="2.416150">
        <ele>1.344320</ele>
        <time>2025-12-16T00:49:44.824Z</time>
      </trkpt>
      <trkpt lat="50.985238" lon="2.416207">
        <ele>1.346682</ele>
        <time>2025-12-16T00:49:46.132Z</time>
      </trkpt>
      <trkpt lat="50.985235" lon="2.416285">
        <ele>1.349408</ele>
        <time>2025-12-16T00:49:47.628Z</time>
      </trkpt>
      <trkpt lat="50.985342" lon="2.416579">
        <ele>1.361254</ele>
        <time>2025-12-16T00:49:54.103Z</time>
      </trkpt>
      <trkpt lat="50.985363" lon="2.416816">
        <ele>1.369602</ele>
        <time>2025-12-16T00:49:58.639Z</time>
      </trkpt>
      <trkpt lat="50.985276" lon="2.417381">
        <ele>1.389892</ele>
        <time>2025-12-16T00:50:09.413Z</time>
      </trkpt>
      <trkpt lat="50.985227" lon="2.417892">
        <ele>1.214731</ele>
        <time>2025-12-16T00:50:18.421Z</time>
      </trkpt>
      <trkpt lat="50.985151" lon="2.418200">
        <ele>1.077923</ele>
        <time>2025-12-16T00:50:23.821Z</time>
      </trkpt>
      <trkpt lat="50.985067" lon="2.418338">
        <ele>0.998538</ele>
        <time>2025-12-16T00:50:27.005Z</time>
      </trkpt>
      <trkpt lat="50.985008" lon="2.418341">
        <ele>0.959759</ele>
        <time>2025-12-16T00:50:28.582Z</time>
      </trkpt>
      <trkpt lat="50.984888" lon="2.418356">
        <ele>0.880684</ele>
        <time>2025-12-16T00:50:33.488Z</time>
      </trkpt>
      <trkpt lat="50.984780" lon="2.418373">
        <ele>0.809389</ele>
        <time>2025-12-16T00:50:36.401Z</time>
      </trkpt>
      <trkpt lat="50.984678" lon="2.418441">
        <ele>0.736721</ele>
        <time>2025-12-16T00:50:39.357Z</time>
      </trkpt>
      <trkpt lat="50.984423" lon="2.418746">
        <ele>0.527027</ele>
        <time>2025-12-16T00:50:47.907Z</time>
      </trkpt>
      <trkpt lat="50.984266" lon="2.419005">
        <ele>0.378333</ele>
        <time>2025-12-16T00:50:53.939Z</time>
      </trkpt>
      <trkpt lat="50.984133" lon="2.419193">
        <ele>0.261377</ele>
        <time>2025-12-16T00:50:58.708Z</time>
      </trkpt>
      <trkpt lat="50.984025" lon="2.419257">
        <ele>0.211666</ele>
        <time>2025-12-16T00:51:01.771Z</time>
      </trkpt>
      <trkpt lat="50.983304" lon="2.419468">
        <ele>0.218149</ele>
        <time>2025-12-16T00:51:22.145Z</time>
      </trkpt>
      <trkpt lat="50.983044" lon="2.419696">
        <ele>0.220775</ele>
        <time>2025-12-16T00:51:31.587Z</time>
      </trkpt>
      <trkpt lat="50.982822" lon="2.419980">
        <ele>0.223296</ele>
        <time>2025-12-16T00:51:40.601Z</time>
      </trkpt>
      <trkpt lat="50.982639" lon="2.420049">
        <ele>0.224959</ele>
        <time>2025-12-16T00:51:46.543Z</time>
      </trkpt>
      <trkpt lat="50.982441" lon="2.420307">
        <ele>0.227223</ele>
        <time>2025-12-16T00:51:54.705Z</time>
      </trkpt>
      <trkpt lat="50.982181" lon="2.420490">
        <ele>0.312464</ele>
        <time>2025-12-16T00:52:03.737Z</time>
      </trkpt>
      <trkpt lat="50.981601" lon="2.421510">
        <ele>0.572028</ele>
        <time>2025-12-16T00:52:30.983Z</time>
      </trkpt>
      <trkpt lat="50.981452" lon="2.421691">
        <ele>0.628296</ele>
        <time>2025-12-16T00:52:36.710Z</time>
      </trkpt>
      <trkpt lat="50.981252" lon="2.421873">
        <ele>0.697437</ele>
        <time>2025-12-16T00:52:43.702Z</time>
      </trkpt>
      <trkpt lat="50.980949" lon="2.422243">
        <ele>0.790270</ele>
        <time>2025-12-16T00:52:55.229Z</time>
      </trkpt>
      <trkpt lat="50.980728" lon="2.422277">
        <ele>0.824822</ele>
        <time>2025-12-16T00:53:01.893Z</time>
      </trkpt>
      <trkpt lat="50.980552" lon="2.422170">
        <ele>0.854147</ele>
        <time>2025-12-16T00:53:07.540Z</time>
      </trkpt>
      <trkpt lat="50.980465" lon="2.422164">
        <ele>0.867698</ele>
        <time>2025-12-16T00:53:10.148Z</time>
      </trkpt>
      <trkpt lat="50.979996" lon="2.422413">
        <ele>0.944651</ele>
        <time>2025-12-16T00:53:24.995Z</time>
      </trkpt>
      <trkpt lat="50.979875" lon="2.422443">
        <ele>0.963708</ele>
        <time>2025-12-16T00:53:28.496Z</time>
      </trkpt>
      <trkpt lat="50.979537" lon="2.422489">
        <ele>1.016498</ele>
        <time>2025-12-16T00:53:38.918Z</time>
      </trkpt>
      <trkpt lat="50.979183" lon="2.422426">
        <ele>1.039171</ele>
        <time>2025-12-16T00:53:49.997Z</time>
      </trkpt>
      <trkpt lat="50.978758" lon="2.422561">
        <ele>1.019217</ele>
        <time>2025-12-16T00:54:03.273Z</time>
      </trkpt>
      <trkpt lat="50.978293" lon="2.422611">
        <ele>0.997760</ele>
        <time>2025-12-16T00:54:17.010Z</time>
      </trkpt>
      <trkpt lat="50.978004" lon="2.422539">
        <ele>0.984293</ele>
        <time>2025-12-16T00:54:25.487Z</time>
      </trkpt>
      <trkpt lat="50.977653" lon="2.422216">
        <ele>0.965617</ele>
        <time>2025-12-16T00:54:37.073Z</time>
      </trkpt>
      <trkpt lat="50.977589" lon="2.422193">
        <ele>0.955569</ele>
        <time>2025-12-16T00:54:38.939Z</time>
      </trkpt>
      <trkpt lat="50.976892" lon="2.422216">
        <ele>0.742728</ele>
        <time>2025-12-16T00:54:58.533Z</time>
      </trkpt>
      <trkpt lat="50.976562" lon="2.422168">
        <ele>0.641557</ele>
        <time>2025-12-16T00:55:07.854Z</time>
      </trkpt>
      <trkpt lat="50.976440" lon="2.422182">
        <ele>0.604213</ele>
        <time>2025-12-16T00:55:11.316Z</time>
      </trkpt>
      <trkpt lat="50.976190" lon="2.422291">
        <ele>0.525064</ele>
        <time>2025-12-16T00:55:18.634Z</time>
      </trkpt>
      <trkpt lat="50.975762" lon="2.422634">
        <ele>0.391683</ele>
        <time>2025-12-16T00:55:32.262Z</time>
      </trkpt>
      <trkpt lat="50.975296" lon="2.423246">
        <ele>0.273619</ele>
        <time>2025-12-16T00:55:49.593Z</time>
      </trkpt>
      <trkpt lat="50.975030" lon="2.423770">
        <ele>0.190871</ele>
        <time>2025-12-16T00:56:01.855Z</time>
      </trkpt>
      <trkpt lat="50.975031" lon="2.423748">
        <ele>0.188159</ele>
        <time>2025-12-16T00:56:02.217Z</time>
      </trkpt>
      <trkpt lat="50.975007" lon="2.423097">
        <ele>0.107988</ele>
        <time>2025-12-16T00:56:12.985Z</time>
      </trkpt>
      <trkpt lat="50.973738" lon="2.424888">
        <ele>-0.049523</ele>
        <time>2025-12-16T00:56:56.873Z</time>
      </trkpt>
      <trkpt lat="50.973337" lon="2.425340">
        <ele>-0.063136</ele>
        <time>2025-12-16T00:57:10.810Z</time>
      </trkpt>
      <trkpt lat="50.973249" lon="2.425390">
        <ele>-0.056453</ele>
        <time>2025-12-16T00:57:13.444Z</time>
      </trkpt>
      <trkpt lat="50.973180" lon="2.425418">
        <ele>-0.051360</ele>
        <time>2025-12-16T00:57:15.502Z</time>
      </trkpt>
      <trkpt lat="50.973075" lon="2.425536">
        <ele>-0.042163</ele>
        <time>2025-12-16T00:57:19.140Z</time>
      </trkpt>
      <trkpt lat="50.972878" lon="2.425795">
        <ele>-0.023876</ele>
        <time>2025-12-16T00:57:26.320Z</time>
      </trkpt>
      <trkpt lat="50.972646" lon="2.426009">
        <ele>-0.004691</ele>
        <time>2025-12-16T00:57:33.716Z</time>
      </trkpt>
      <trkpt lat="50.971748" lon="2.426772">
        <ele>0.131384</ele>
        <time>2025-12-16T00:58:02.481Z</time>
      </trkpt>
      <trkpt lat="50.971690" lon="2.426868">
        <ele>0.163834</ele>
        <time>2025-12-16T00:58:04.702Z</time>
      </trkpt>
      <trkpt lat="50.971573" lon="2.427180">
        <ele>0.252407</ele>
        <time>2025-12-16T00:58:10.690Z</time>
      </trkpt>
      <trkpt lat="50.971581" lon="2.427293">
        <ele>0.280143</ele>
        <time>2025-12-16T00:58:12.584Z</time>
      </trkpt>
      <trkpt lat="50.971995" lon="2.428984">
        <ele>0.722674</ele>
        <time>2025-12-16T00:58:47.192Z</time>
      </trkpt>
      <trkpt lat="50.972047" lon="2.429274">
        <ele>0.833210</ele>
        <time>2025-12-16T00:58:53.376Z</time>
      </trkpt>
      <trkpt lat="50.972154" lon="2.429875">
        <ele>1.108811</ele>
        <time>2025-12-16T00:59:06.136Z</time>
      </trkpt>
      <trkpt lat="50.972150" lon="2.430183">
        <ele>1.244751</ele>
        <time>2025-12-16T00:59:12.410Z</time>
      </trkpt>
      <trkpt lat="50.971852" lon="2.431819">
        <ele>1.996271</ele>
        <time>2025-12-16T00:59:45.502Z</time>
      </trkpt>
      <trkpt lat="50.971846" lon="2.432194">
        <ele>2.152342</ele>
        <time>2025-12-16T00:59:52.607Z</time>
      </trkpt>
      <trkpt lat="50.971896" lon="2.433150">
        <ele>2.549108</ele>
        <time>2025-12-16T01:00:11.457Z</time>
      </trkpt>
      <trkpt lat="50.971837" lon="2.433160">
        <ele>2.588080</ele>
        <time>2025-12-16T01:00:13.314Z</time>
      </trkpt>
      <trkpt lat="50.971681" lon="2.433191">
        <ele>2.691344</ele>
        <time>2025-12-16T01:00:18.182Z</time>
      </trkpt>
      <trkpt lat="50.971644" lon="2.433198">
        <ele>2.715818</ele>
        <time>2025-12-16T01:00:19.317Z</time>
      </trkpt>
      <trkpt lat="50.971471" lon="2.433266">
        <ele>2.832877</ele>
        <time>2025-12-16T01:00:24.663Z</time>
      </trkpt>
      <trkpt lat="50.971408" lon="2.433167">
        <ele>2.891092</ele>
        <time>2025-12-16T01:00:27.319Z</time>
      </trkpt>
      <trkpt lat="50.971217" lon="2.433027">
        <ele>3.029264</ele>
        <time>2025-12-16T01:00:33.515Z</time>
      </trkpt>
      <trkpt lat="50.971129" lon="2.432918">
        <ele>3.102568</ele>
        <time>2025-12-16T01:00:36.779Z</time>
      </trkpt>
      <trkpt lat="50.971078" lon="2.432825">
        <ele>3.153575</ele>
        <time>2025-12-16T01:00:39.016Z</time>
      </trkpt>
      <trkpt lat="50.970853" lon="2.432437">
        <ele>3.283023</ele>
        <time>2025-12-16T01:00:48.683Z</time>
      </trkpt>
      <trkpt lat="50.970825" lon="2.432066">
        <ele>3.361151</ele>
        <time>2025-12-16T01:00:55.232Z</time>
      </trkpt>
      <trkpt lat="50.970845" lon="2.432041">
        <ele>3.369602</ele>
        <time>2025-12-16T01:00:55.931Z</time>
      </trkpt>
      <trkpt lat="50.970933" lon="2.431925">
        <ele>3.407577</ele>
        <time>2025-12-16T01:00:59.181Z</time>
      </trkpt>
      <trkpt lat="50.970980" lon="2.431801">
        <ele>3.437838</ele>
        <time>2025-12-16T01:01:01.771Z</time>
      </trkpt>
      <trkpt lat="50.970950" lon="2.431638">
        <ele>3.473346</ele>
        <time>2025-12-16T01:01:04.750Z</time>
      </trkpt>
      <trkpt lat="50.970534" lon="2.430854">
        <ele>3.687709</ele>
        <time>2025-12-16T01:01:22.025Z</time>
      </trkpt>
      <trkpt lat="50.970425" lon="2.430461">
        <ele>3.777500</ele>
        <time>2025-12-16T01:01:29.838Z</time>
      </trkpt>
      <trkpt lat="50.970405" lon="2.429950">
        <ele>4.004277</ele>
        <time>2025-12-16T01:01:39.442Z</time>
      </trkpt>
      <trkpt lat="50.970387" lon="2.429950">
        <ele>4.017786</ele>
        <time>2025-12-16T01:01:39.961Z</time>
      </trkpt>
      <trkpt lat="50.970293" lon="2.429956">
        <ele>4.088388</ele>
        <time>2025-12-16T01:01:42.931Z</time>
      </trkpt>
      <trkpt lat="50.970272" lon="2.429994">
        <ele>4.112282</ele>
        <time>2025-12-16T01:01:43.840Z</time>
      </trkpt>
      <trkpt lat="50.970225" lon="2.430064">
        <ele>4.160640</ele>
        <time>2025-12-16T01:01:45.832Z</time>
      </trkpt>
      <trkpt lat="50.969912" lon="2.430259">
        <ele>4.412972</ele>
        <time>2025-12-16T01:01:56.660Z</time>
      </trkpt>
      <trkpt lat="50.969910" lon="2.430426">
        <ele>4.491911</ele>
        <time>2025-12-16T01:02:00.017Z</time>
      </trkpt>
      <trkpt lat="50.969844" lon="2.431445">
        <ele>4.976031</ele>
        <time>2025-12-16T01:02:20.574Z</time>
      </trkpt>
      <trkpt lat="50.969837" lon="2.431488">
        <ele>4.997021</ele>
        <time>2025-12-16T01:02:21.462Z</time>
      </trkpt>
      <trkpt lat="50.969789" lon="2.431521">
        <ele>5.036275</ele>
        <time>2025-12-16T01:02:23.025Z</time>
      </trkpt>
      <trkpt lat="50.969792" lon="2.431603">
        <ele>5.075094</ele>
        <time>2025-12-16T01:02:24.626Z</time>
      </trkpt>
      <trkpt lat="50.969368" lon="2.432294">
        <ele>5.026749</ele>
        <time>2025-12-16T01:02:40.438Z</time>
      </trkpt>
      <trkpt lat="50.969254" lon="2.432429">
        <ele>4.996052</ele>
        <time>2025-12-16T01:02:44.364Z</time>
      </trkpt>
      <trkpt lat="50.969071" lon="2.432548">
        <ele>4.953367</ele>
        <time>2025-12-16T01:02:49.835Z</time>
      </trkpt>
      <trkpt lat="50.968549" lon="2.432742">
        <ele>4.837645</ele>
        <time>2025-12-16T01:03:03.083Z</time>
      </trkpt>
      <trkpt lat="50.968470" lon="2.432793">
        <ele>4.819237</ele>
        <time>2025-12-16T01:03:05.058Z</time>
      </trkpt>
      <trkpt lat="50.968333" lon="2.432895">
        <ele>4.786576</ele>
        <time>2025-12-16T01:03:08.590Z</time>
      </trkpt>
      <trkpt lat="50.968274" lon="2.432950">
        <ele>4.771808</ele>
        <time>2025-12-16T01:03:10.230Z</time>
      </trkpt>
      <trkpt lat="50.968200" lon="2.433020">
        <ele>4.753215</ele>
        <time>2025-12-16T01:03:12.223Z</time>
      </trkpt>
      <trkpt lat="50.968155" lon="2.433075">
        <ele>4.723142</ele>
        <time>2025-12-16T01:03:13.579Z</time>
      </trkpt>
      <trkpt lat="50.967778" lon="2.432619">
        <ele>4.442049</ele>
        <time>2025-12-16T01:03:25.011Z</time>
      </trkpt>
      <trkpt lat="50.967660" lon="2.432482">
        <ele>4.355347</ele>
        <time>2025-12-16T01:03:28.660Z</time>
      </trkpt>
      <trkpt lat="50.967826" lon="2.432147">
        <ele>4.196123</ele>
        <time>2025-12-16T01:03:35.592Z</time>
      </trkpt>
      <trkpt lat="50.967821" lon="2.432041">
        <ele>4.156418</ele>
        <time>2025-12-16T01:03:37.259Z</time>
      </trkpt>
      <trkpt lat="50.967670" lon="2.431456">
        <ele>3.920261</ele>
        <time>2025-12-16T01:03:46.637Z</time>
      </trkpt>
      <trkpt lat="50.967577" lon="2.431082">
        <ele>3.770065</ele>
        <time>2025-12-16T01:03:52.854Z</time>
      </trkpt>
      <trkpt lat="50.967351" lon="2.431215">
        <ele>3.612067</ele>
        <time>2025-12-16T01:03:58.990Z</time>
      </trkpt>
      <trkpt lat="50.967056" lon="2.431324">
        <ele>3.385191</ele>
        <time>2025-12-16T01:04:06.447Z</time>
      </trkpt>
      <trkpt lat="50.967120" lon="2.431641">
        <ele>3.228155</ele>
        <time>2025-12-16T01:04:11.371Z</time>
      </trkpt>
      <trkpt lat="50.967270" lon="2.432154">
        <ele>2.961345</ele>
        <time>2025-12-16T01:04:19.717Z</time>
      </trkpt>
      <trkpt lat="50.966680" lon="2.432346">
        <ele>2.510214</ele>
        <time>2025-12-16T01:04:34.163Z</time>
      </trkpt>
      <trkpt lat="50.966512" lon="2.432328">
        <ele>2.384086</ele>
        <time>2025-12-16T01:04:38.069Z</time>
      </trkpt>
      <trkpt lat="50.966135" lon="2.432258">
        <ele>2.086172</ele>
        <time>2025-12-16T01:04:46.855Z</time>
      </trkpt>
      <trkpt lat="50.965659" lon="2.432188">
        <ele>1.707577</ele>
        <time>2025-12-16T01:04:57.947Z</time>
      </trkpt>
      <trkpt lat="50.965608" lon="2.432181">
        <ele>1.667036</ele>
        <time>2025-12-16T01:04:59.113Z</time>
      </trkpt>
      <trkpt lat="50.965596" lon="2.432180">
        <ele>1.657519</ele>
        <time>2025-12-16T01:04:59.402Z</time>
      </trkpt>
      <trkpt lat="50.965508" lon="2.432166">
        <ele>1.587476</ele>
        <time>2025-12-16T01:05:01.452Z</time>
      </trkpt>
      <trkpt lat="50.965485" lon="2.432162">
        <ele>1.569152</ele>
        <time>2025-12-16T01:05:01.994Z</time>
      </trkpt>
      <trkpt lat="50.965347" lon="2.432142">
        <ele>1.459404</ele>
        <time>2025-12-16T01:05:05.212Z</time>
      </trkpt>
      <trkpt lat="50.964984" lon="2.432096">
        <ele>1.171002</ele>
        <time>2025-12-16T01:05:13.721Z</time>
      </trkpt>
      <trkpt lat="50.964852" lon="2.432079">
        <ele>1.066118</ele>
        <time>2025-12-16T01:05:16.831Z</time>
      </trkpt>
      <trkpt lat="50.964770" lon="2.432066">
        <ele>1.000853</ele>
        <time>2025-12-16T01:05:18.797Z</time>
      </trkpt>
      <trkpt lat="50.964619" lon="2.432008">
        <ele>0.928108</ele>
        <time>2025-12-16T01:05:22.647Z</time>
      </trkpt>
      <trkpt lat="50.964522" lon="2.431877">
        <ele>0.973302</ele>
        <time>2025-12-16T01:05:25.960Z</time>
      </trkpt>
      <trkpt lat="50.964489" lon="2.431805">
        <ele>0.993206</ele>
        <time>2025-12-16T01:05:27.423Z</time>
      </trkpt>
      <trkpt lat="50.964447" lon="2.431844">
        <ele>1.010474</ele>
        <time>2025-12-16T01:05:28.765Z</time>
      </trkpt>
      <trkpt lat="50.964350" lon="2.431926">
        <ele>1.049476</ele>
        <time>2025-12-16T01:05:31.808Z</time>
      </trkpt>
      <trkpt lat="50.964339" lon="2.431878">
        <ele>1.060893</ele>
        <time>2025-12-16T01:05:32.742Z</time>
      </trkpt>
      <trkpt lat="50.963805" lon="2.432224">
        <ele>1.265587</ele>
        <time>2025-12-16T01:05:51.253Z</time>
      </trkpt>
      <trkpt lat="50.963559" lon="2.432345">
        <ele>1.356987</ele>
        <time>2025-12-16T01:05:59.849Z</time>
      </trkpt>
      <trkpt lat="50.963457" lon="2.431778">
        <ele>1.488796</ele>
        <time>2025-12-16T01:06:12.520Z</time>
      </trkpt>
      <trkpt lat="50.963427" lon="2.431461">
        <ele>1.540507</ele>
        <time>2025-12-16T01:06:19.306Z</time>
      </trkpt>
      <trkpt lat="50.963442" lon="2.431129">
        <ele>1.459579</ele>
        <time>2025-12-16T01:06:26.158Z</time>
      </trkpt>
      <trkpt lat="50.963502" lon="2.430816">
        <ele>1.380030</ele>
        <time>2025-12-16T01:06:32.614Z</time>
      </trkpt>
      <trkpt lat="50.963444" lon="2.430711">
        <ele>1.346073</ele>
        <time>2025-12-16T01:06:35.241Z</time>
      </trkpt>
      <trkpt lat="50.963347" lon="2.430622">
        <ele>1.302824</ele>
        <time>2025-12-16T01:06:38.440Z</time>
      </trkpt>
      <trkpt lat="50.963221" lon="2.430617">
        <ele>1.254167</ele>
        <time>2025-12-16T01:06:41.936Z</time>
      </trkpt>
      <trkpt lat="50.962680" lon="2.430816">
        <ele>1.039785</ele>
        <time>2025-12-16T01:06:56.497Z</time>
      </trkpt>
      <trkpt lat="50.961983" lon="2.430969">
        <ele>0.761939</ele>
        <time>2025-12-16T01:07:14.616Z</time>
      </trkpt>
      <trkpt lat="50.961249" lon="2.431054">
        <ele>0.457855</ele>
        <time>2025-12-16T01:07:35.421Z</time>
      </trkpt>
      <trkpt lat="50.961215" lon="2.431043">
        <ele>0.443518</ele>
        <time>2025-12-16T01:07:36.488Z</time>
      </trkpt>
      <trkpt lat="50.961034" lon="2.431044">
        <ele>0.368731</ele>
        <time>2025-12-16T01:07:41.685Z</time>
      </trkpt>
      <trkpt lat="50.960811" lon="2.431103">
        <ele>0.275321</ele>
        <time>2025-12-16T01:07:47.926Z</time>
      </trkpt>
      <trkpt lat="50.960484" lon="2.431231">
        <ele>0.136163</ele>
        <time>2025-12-16T01:07:57.394Z</time>
      </trkpt>
      <trkpt lat="50.960238" lon="2.431388">
        <ele>0.118406</ele>
        <time>2025-12-16T01:08:05.233Z</time>
      </trkpt>
      <trkpt lat="50.960114" lon="2.431430">
        <ele>0.121449</ele>
        <time>2025-12-16T01:08:09.146Z</time>
      </trkpt>
      <trkpt lat="50.960075" lon="2.431428">
        <ele>0.122385</ele>
        <time>2025-12-16T01:08:10.337Z</time>
      </trkpt>
      <trkpt lat="50.960007" lon="2.431351">
        <ele>0.124389</ele>
        <time>2025-12-16T01:08:12.801Z</time>
      </trkpt>
      <trkpt lat="50.959916" lon="2.431063">
        <ele>0.129259</ele>
        <time>2025-12-16T01:08:18.696Z</time>
      </trkpt>
      <trkpt lat="50.959869" lon="2.431009">
        <ele>0.130651</ele>
        <time>2025-12-16T01:08:20.370Z</time>
      </trkpt>
      <trkpt lat="50.959323" lon="2.430882">
        <ele>0.143891</ele>
        <time>2025-12-16T01:08:36.416Z</time>
      </trkpt>
      <trkpt lat="50.958456" lon="2.430529">
        <ele>0.349963</ele>
        <time>2025-12-16T01:09:04.247Z</time>
      </trkpt>
      <trkpt lat="50.958136" lon="2.430349">
        <ele>0.528172</ele>
        <time>2025-12-16T01:09:15.342Z</time>
      </trkpt>
      <trkpt lat="50.957757" lon="2.430135">
        <ele>0.739329</ele>
        <time>2025-12-16T01:09:28.348Z</time>
      </trkpt>
      <trkpt lat="50.957065" lon="2.429674">
        <ele>1.134665</ele>
        <time>2025-12-16T01:09:52.457Z</time>
      </trkpt>
      <trkpt lat="50.956586" lon="2.429283">
        <ele>1.429547</ele>
        <time>2025-12-16T01:10:10.310Z</time>
      </trkpt>
      <trkpt lat="50.955982" lon="2.428689">
        <ele>1.818540</ele>
        <time>2025-12-16T01:10:33.625Z</time>
      </trkpt>
      <trkpt lat="50.955606" lon="2.428225">
        <ele>2.079276</ele>
        <time>2025-12-16T01:10:48.744Z</time>
      </trkpt>
      <trkpt lat="50.955286" lon="2.427922">
        <ele>2.347537</ele>
        <time>2025-12-16T01:11:00.247Z</time>
      </trkpt>
      <trkpt lat="50.954532" lon="2.427100">
        <ele>3.010978</ele>
        <time>2025-12-16T01:11:29.476Z</time>
      </trkpt>
      <trkpt lat="50.954292" lon="2.426927">
        <ele>3.202163</ele>
        <time>2025-12-16T01:11:38.587Z</time>
      </trkpt>
      <trkpt lat="50.954085" lon="2.426602">
        <ele>3.428917</ele>
        <time>2025-12-16T01:11:49.181Z</time>
      </trkpt>
      <trkpt lat="50.953711" lon="2.426224">
        <ele>3.965435</ele>
        <time>2025-12-16T01:12:05.597Z</time>
      </trkpt>
      <trkpt lat="50.953602" lon="2.426179">
        <ele>4.101722</ele>
        <time>2025-12-16T01:12:09.831Z</time>
      </trkpt>
      <trkpt lat="50.953409" lon="2.426290">
        <ele>4.350125</ele>
        <time>2025-12-16T01:12:17.584Z</time>
      </trkpt>
      <trkpt lat="50.953269" lon="2.426295">
        <ele>4.519581</ele>
        <time>2025-12-16T01:12:23.004Z</time>
      </trkpt>
      <trkpt lat="50.953059" lon="2.426346">
        <ele>4.776656</ele>
        <time>2025-12-16T01:12:32.289Z</time>
      </trkpt>
      <trkpt lat="50.952989" lon="2.426275">
        <ele>4.877177</ele>
        <time>2025-12-16T01:12:35.040Z</time>
      </trkpt>
      <trkpt lat="50.952474" lon="2.426232">
        <ele>5.501235</ele>
        <time>2025-12-16T01:12:50.691Z</time>
      </trkpt>
      <trkpt lat="50.952186" lon="2.426192">
        <ele>5.650641</ele>
        <time>2025-12-16T01:12:58.512Z</time>
      </trkpt>
      <trkpt lat="50.952101" lon="2.426130">
        <ele>5.684098</ele>
        <time>2025-12-16T01:13:01.047Z</time>
      </trkpt>
      <trkpt lat="50.951705" lon="2.425404">
        <ele>5.900474</ele>
        <time>2025-12-16T01:13:18.557Z</time>
      </trkpt>
      <trkpt lat="50.951627" lon="2.425267">
        <ele>5.942081</ele>
        <time>2025-12-16T01:13:21.983Z</time>
      </trkpt>
      <trkpt lat="50.951525" lon="2.425083">
        <ele>5.997305</ele>
        <time>2025-12-16T01:13:26.533Z</time>
      </trkpt>
      <trkpt lat="50.951445" lon="2.424936">
        <ele>6.041074</ele>
        <time>2025-12-16T01:13:30.043Z</time>
      </trkpt>
      <trkpt lat="50.951139" lon="2.424384">
        <ele>6.206747</ele>
        <time>2025-12-16T01:13:42.283Z</time>
      </trkpt>
      <trkpt lat="50.951077" lon="2.424184">
        <ele>6.194684</ele>
        <time>2025-12-16T01:13:45.953Z</time>
      </trkpt>
      <trkpt lat="50.951086" lon="2.424040">
        <ele>6.184192</ele>
        <time>2025-12-16T01:13:48.321Z</time>
      </trkpt>
      <trkpt lat="50.951224" lon="2.423526">
        <ele>6.143680</ele>
        <time>2025-12-16T01:13:58.174Z</time>
      </trkpt>
      <trkpt lat="50.951212" lon="2.423361">
        <ele>6.131637</ele>
        <time>2025-12-16T01:14:01.042Z</time>
      </trkpt>
      <trkpt lat="50.951029" lon="2.423095">
        <ele>6.103079</ele>
        <time>2025-12-16T01:14:07.668Z</time>
      </trkpt>
      <trkpt lat="50.950727" lon="2.422782">
        <ele>6.061568</ele>
        <time>2025-12-16T01:14:16.577Z</time>
      </trkpt>
      <trkpt lat="50.950560" lon="2.423341">
        <ele>6.016710</ele>
        <time>2025-12-16T01:14:27.124Z</time>
      </trkpt>
      <trkpt lat="50.949612" lon="2.426946">
        <ele>6.495754</ele>
        <time>2025-12-16T01:15:43.307Z</time>
      </trkpt>
      <trkpt lat="50.949410" lon="2.427586">
        <ele>6.609236</ele>
        <time>2025-12-16T01:15:57.821Z</time>
      </trkpt>
      <trkpt lat="50.949239" lon="2.428000">
        <ele>6.687716</ele>
        <time>2025-12-16T01:16:07.846Z</time>
      </trkpt>
      <trkpt lat="50.948848" lon="2.428802">
        <ele>6.790903</ele>
        <time>2025-12-16T01:16:26.898Z</time>
      </trkpt>
      <trkpt lat="50.948419" lon="2.429585">
        <ele>6.695752</ele>
        <time>2025-12-16T01:16:44.862Z</time>
      </trkpt>
      <trkpt lat="50.948377" lon="2.429635">
        <ele>6.688110</ele>
        <time>2025-12-16T01:16:46.341Z</time>
      </trkpt>
      <trkpt lat="50.948324" lon="2.429629">
        <ele>6.680377</ele>
        <time>2025-12-16T01:16:47.758Z</time>
      </trkpt>
      <trkpt lat="50.947881" lon="2.429277">
        <ele>6.608272</ele>
        <time>2025-12-16T01:17:01.803Z</time>
      </trkpt>
      <trkpt lat="50.947119" lon="2.428796">
        <ele>6.951494</ele>
        <time>2025-12-16T01:17:26.519Z</time>
      </trkpt>
      <trkpt lat="50.946721" lon="2.428501">
        <ele>7.370002</ele>
        <time>2025-12-16T01:17:42.346Z</time>
      </trkpt>
      <trkpt lat="50.945380" lon="2.427772">
        <ele>8.647014</ele>
        <time>2025-12-16T01:18:33.310Z</time>
      </trkpt>
      <trkpt lat="50.944579" lon="2.427339">
        <ele>9.323450</ele>
        <time>2025-12-16T01:19:01.102Z</time>
      </trkpt>
      <trkpt lat="50.942957" lon="2.426239">
        <ele>10.668847</ele>
        <time>2025-12-16T01:19:57.409Z</time>
      </trkpt>
      <trkpt lat="50.942466" lon="2.426035">
        <ele>11.049160</ele>
        <time>2025-12-16T01:20:15.458Z</time>
      </trkpt>
      <trkpt lat="50.941984" lon="2.425905">
        <ele>11.948883</ele>
        <time>2025-12-16T01:20:33.694Z</time>
      </trkpt>
      <trkpt lat="50.941783" lon="2.425850">
        <ele>12.324419</ele>
        <time>2025-12-16T01:20:41.534Z</time>
      </trkpt>
      <trkpt lat="50.941590" lon="2.425770">
        <ele>12.691686</ele>
        <time>2025-12-16T01:20:49.271Z</time>
      </trkpt>
      <trkpt lat="50.940461" lon="2.424993">
        <ele>15.335487</ele>
        <time>2025-12-16T01:21:37.554Z</time>
      </trkpt>
      <trkpt lat="50.939340" lon="2.424392">
        <ele>18.895223</ele>
        <time>2025-12-16T01:22:29.248Z</time>
      </trkpt>
      <trkpt lat="50.939159" lon="2.424258">
        <ele>19.496095</ele>
        <time>2025-12-16T01:22:39.308Z</time>
      </trkpt>
      <trkpt lat="50.939085" lon="2.424154">
        <ele>19.796333</ele>
        <time>2025-12-16T01:22:44.296Z</time>
      </trkpt>
      <trkpt lat="50.939026" lon="2.424139">
        <ele>20.000284</ele>
        <time>2025-12-16T01:22:47.110Z</time>
      </trkpt>
      <trkpt lat="50.938239" lon="2.423606">
        <ele>22.920928</ele>
        <time>2025-12-16T01:23:27.644Z</time>
      </trkpt>
      <trkpt lat="50.937348" lon="2.423004">
        <ele>25.954461</ele>
        <time>2025-12-16T01:24:07.657Z</time>
      </trkpt>
      <trkpt lat="50.937174" lon="2.422843">
        <ele>26.048327</ele>
        <time>2025-12-16T01:24:14.247Z</time>
      </trkpt>
      <trkpt lat="50.937050" lon="2.422661">
        <ele>26.127042</ele>
        <time>2025-12-16T01:24:19.688Z</time>
      </trkpt>
      <trkpt lat="50.936920" lon="2.422488">
        <ele>26.206109</ele>
        <time>2025-12-16T01:24:25.093Z</time>
      </trkpt>
      <trkpt lat="50.936670" lon="2.422376">
        <ele>26.327168</ele>
        <time>2025-12-16T01:24:32.892Z</time>
      </trkpt>
      <trkpt lat="50.936626" lon="2.422321">
        <ele>26.353271</ele>
        <time>2025-12-16T01:24:34.577Z</time>
      </trkpt>
      <trkpt lat="50.936385" lon="2.422359">
        <ele>26.466136</ele>
        <time>2025-12-16T01:24:41.106Z</time>
      </trkpt>
      <trkpt lat="50.936164" lon="2.422363">
        <ele>26.569134</ele>
        <time>2025-12-16T01:24:46.798Z</time>
      </trkpt>
      <trkpt lat="50.936110" lon="2.422481">
        <ele>26.611961</ele>
        <time>2025-12-16T01:24:48.923Z</time>
      </trkpt>
      <trkpt lat="50.936052" lon="2.422544">
        <ele>26.644717</ele>
        <time>2025-12-16T01:24:50.642Z</time>
      </trkpt>
      <trkpt lat="50.935751" lon="2.422669">
        <ele>26.534405</ele>
        <time>2025-12-16T01:24:57.628Z</time>
      </trkpt>
      <trkpt lat="50.935704" lon="2.422579">
        <ele>26.349804</ele>
        <time>2025-12-16T01:24:59.202Z</time>
      </trkpt>
      <trkpt lat="50.935546" lon="2.422536">
        <ele>25.948056</ele>
        <time>2025-12-16T01:25:02.747Z</time>
      </trkpt>
      <trkpt lat="50.935479" lon="2.422481">
        <ele>25.759009</ele>
        <time>2025-12-16T01:25:04.461Z</time>
      </trkpt>
      <trkpt lat="50.935408" lon="2.422540">
        <ele>25.558153</ele>
        <time>2025-12-16T01:25:06.142Z</time>
      </trkpt>
      <trkpt lat="50.935311" lon="2.422561">
        <ele>25.312808</ele>
        <time>2025-12-16T01:25:08.286Z</time>
      </trkpt>
      <trkpt lat="50.935158" lon="2.422566">
        <ele>24.929291</ele>
        <time>2025-12-16T01:25:11.487Z</time>
      </trkpt>
      <trkpt lat="50.932803" lon="2.422707">
        <ele>18.497397</ele>
        <time>2025-12-16T01:25:57.477Z</time>
      </trkpt>
      <trkpt lat="50.931140" lon="2.422816">
        <ele>14.917833</ele>
        <time>2025-12-16T01:26:32.089Z</time>
      </trkpt>
      <trkpt lat="50.931060" lon="2.422823">
        <ele>14.772918</ele>
        <time>2025-12-16T01:26:33.903Z</time>
      </trkpt>
      <trkpt lat="50.929589" lon="2.422918">
        <ele>13.315317</ele>
        <time>2025-12-16T01:27:07.732Z</time>
      </trkpt>
      <trkpt lat="50.929315" lon="2.422931">
        <ele>13.185013</ele>
        <time>2025-12-16T01:27:14.521Z</time>
      </trkpt>
      <trkpt lat="50.928639" lon="2.423037">
        <ele>12.937494</ele>
        <time>2025-12-16T01:27:32.952Z</time>
      </trkpt>
      <trkpt lat="50.927249" lon="2.423436">
        <ele>14.081375</ele>
        <time>2025-12-16T01:28:17.978Z</time>
      </trkpt>
      <trkpt lat="50.927072" lon="2.423521">
        <ele>14.231130</ele>
        <time>2025-12-16T01:28:23.601Z</time>
      </trkpt>
      <trkpt lat="50.926786" lon="2.423747">
        <ele>14.464126</ele>
        <time>2025-12-16T01:28:32.927Z</time>
      </trkpt>
      <trkpt lat="50.926595" lon="2.423804">
        <ele>14.593249</ele>
        <time>2025-12-16T01:28:38.429Z</time>
      </trkpt>
      <trkpt lat="50.926407" lon="2.423767">
        <ele>14.719110</ele>
        <time>2025-12-16T01:28:43.781Z</time>
      </trkpt>
      <trkpt lat="50.925729" lon="2.423470">
        <ele>15.186416</ele>
        <time>2025-12-16T01:29:03.840Z</time>
      </trkpt>
      <trkpt lat="50.925461" lon="2.423383">
        <ele>15.368160</ele>
        <time>2025-12-16T01:29:11.910Z</time>
      </trkpt>
      <trkpt lat="50.923552" lon="2.423124">
        <ele>17.581388</ele>
        <time>2025-12-16T01:30:15.565Z</time>
      </trkpt>
      <trkpt lat="50.923156" lon="2.423043">
        <ele>17.969715</ele>
        <time>2025-12-16T01:30:28.136Z</time>
      </trkpt>
      <trkpt lat="50.922756" lon="2.422818">
        <ele>18.320529</ele>
        <time>2025-12-16T01:30:41.068Z</time>
      </trkpt>
      <trkpt lat="50.922771" lon="2.422766">
        <ele>18.350326</ele>
        <time>2025-12-16T01:30:42.143Z</time>
      </trkpt>
      <trkpt lat="50.922545" lon="2.422458">
        <ele>18.596611</ele>
        <time>2025-12-16T01:30:53.496Z</time>
      </trkpt>
      <trkpt lat="50.922342" lon="2.422255">
        <ele>18.794970</ele>
        <time>2025-12-16T01:31:02.644Z</time>
      </trkpt>
      <trkpt lat="50.921126" lon="2.421324">
        <ele>19.911621</ele>
        <time>2025-12-16T01:31:55.493Z</time>
      </trkpt>
      <trkpt lat="50.920824" lon="2.421155">
        <ele>20.176552</ele>
        <time>2025-12-16T01:32:08.113Z</time>
      </trkpt>
      <trkpt lat="50.920561" lon="2.421056">
        <ele>20.400171</ele>
        <time>2025-12-16T01:32:18.707Z</time>
      </trkpt>
      <trkpt lat="50.919241" lon="2.420690">
        <ele>21.561299</ele>
        <time>2025-12-16T01:33:10.816Z</time>
      </trkpt>
      <trkpt lat="50.918680" lon="2.420357">
        <ele>22.090412</ele>
        <time>2025-12-16T01:33:34.212Z</time>
      </trkpt>
      <trkpt lat="50.918450" lon="2.420265">
        <ele>22.299940</ele>
        <time>2025-12-16T01:33:43.815Z</time>
      </trkpt>
      <trkpt lat="50.918192" lon="2.420254">
        <ele>22.611103</ele>
        <time>2025-12-16T01:33:54.250Z</time>
      </trkpt>
      <trkpt lat="50.917641" lon="2.420431">
        <ele>23.308233</ele>
        <time>2025-12-16T01:34:17.291Z</time>
      </trkpt>
      <trkpt lat="50.917413" lon="2.420445">
        <ele>23.591174</ele>
        <time>2025-12-16T01:34:28.886Z</time>
      </trkpt>
      <trkpt lat="50.917239" lon="2.420395">
        <ele>23.810452</ele>
        <time>2025-12-16T01:34:37.850Z</time>
      </trkpt>
      <trkpt lat="50.916127" lon="2.419818">
        <ele>25.047000</ele>
        <time>2025-12-16T01:35:37.413Z</time>
      </trkpt>
      <trkpt lat="50.915952" lon="2.419766">
        <ele>25.201051</ele>
        <time>2025-12-16T01:35:46.056Z</time>
      </trkpt>
      <trkpt lat="50.915851" lon="2.419779">
        <ele>25.288727</ele>
        <time>2025-12-16T01:35:50.929Z</time>
      </trkpt>
      <trkpt lat="50.915483" lon="2.419959">
        <ele>25.621932</ele>
        <time>2025-12-16T01:36:09.076Z</time>
      </trkpt>
      <trkpt lat="50.914618" lon="2.420245">
        <ele>26.250492</ele>
        <time>2025-12-16T01:36:50.734Z</time>
      </trkpt>
      <trkpt lat="50.914561" lon="2.419783">
        <ele>26.381646</ele>
        <time>2025-12-16T01:37:04.793Z</time>
      </trkpt>
      <trkpt lat="50.914306" lon="2.418659">
        <ele>26.714448</ele>
        <time>2025-12-16T01:37:40.917Z</time>
      </trkpt>
      <trkpt lat="50.914022" lon="2.417798">
        <ele>26.743591</ele>
        <time>2025-12-16T01:38:08.789Z</time>
      </trkpt>
      <trkpt lat="50.913898" lon="2.417296">
        <ele>26.450171</ele>
        <time>2025-12-16T01:38:17.103Z</time>
      </trkpt>
      <trkpt lat="50.913681" lon="2.416215">
        <ele>25.832761</ele>
        <time>2025-12-16T01:38:33.330Z</time>
      </trkpt>
      <trkpt lat="50.913590" lon="2.415511">
        <ele>25.441655</ele>
        <time>2025-12-16T01:38:43.317Z</time>
      </trkpt>
      <trkpt lat="50.913545" lon="2.415336">
        <ele>25.345616</ele>
        <time>2025-12-16T01:38:45.969Z</time>
      </trkpt>
      <trkpt lat="50.913427" lon="2.415029">
        <ele>25.260979</ele>
        <time>2025-12-16T01:38:51.092Z</time>
      </trkpt>
      <trkpt lat="50.913102" lon="2.414180">
        <ele>25.027174</ele>
        <time>2025-12-16T01:39:05.926Z</time>
      </trkpt>
      <trkpt lat="50.912667" lon="2.413284">
        <ele>24.760972</ele>
        <time>2025-12-16T01:39:24.840Z</time>
      </trkpt>
      <trkpt lat="50.912427" lon="2.412733">
        <ele>24.856100</ele>
        <time>2025-12-16T01:39:37.390Z</time>
      </trkpt>
      <trkpt lat="50.912269" lon="2.412313">
        <ele>25.124108</ele>
        <time>2025-12-16T01:39:46.858Z</time>
      </trkpt>
      <trkpt lat="50.912027" lon="2.411522">
        <ele>25.605900</ele>
        <time>2025-12-16T01:40:04.517Z</time>
      </trkpt>
      <trkpt lat="50.911947" lon="2.411391">
        <ele>25.705839</ele>
        <time>2025-12-16T01:40:08.247Z</time>
      </trkpt>
      <trkpt lat="50.911871" lon="2.411363">
        <ele>25.773650</ele>
        <time>2025-12-16T01:40:10.733Z</time>
      </trkpt>
      <trkpt lat="50.911557" lon="2.411378">
        <ele>26.046677</ele>
        <time>2025-12-16T01:40:20.826Z</time>
      </trkpt>
      <trkpt lat="50.911557" lon="2.411220">
        <ele>26.133260</ele>
        <time>2025-12-16T01:40:24.060Z</time>
      </trkpt>
      <trkpt lat="50.911556" lon="2.410981">
        <ele>26.245954</ele>
        <time>2025-12-16T01:40:28.915Z</time>
      </trkpt>
      <trkpt lat="50.911558" lon="2.410834">
        <ele>26.258714</ele>
        <time>2025-12-16T01:40:31.780Z</time>
      </trkpt>
      <trkpt lat="50.911766" lon="2.410728">
        <ele>26.288784</ele>
        <time>2025-12-16T01:40:38.300Z</time>
      </trkpt>
      <trkpt lat="50.912259" lon="2.409964">
        <ele>26.383653</ele>
        <time>2025-12-16T01:40:58.069Z</time>
      </trkpt>
      <trkpt lat="50.912730" lon="2.409478">
        <ele>26.460991</ele>
        <time>2025-12-16T01:41:12.503Z</time>
      </trkpt>
      <trkpt lat="50.913165" lon="2.409046">
        <ele>26.163283</ele>
        <time>2025-12-16T01:41:24.863Z</time>
      </trkpt>
      <trkpt lat="50.913276" lon="2.408892">
        <ele>26.003673</ele>
        <time>2025-12-16T01:41:28.281Z</time>
      </trkpt>
      <trkpt lat="50.913433" lon="2.408593">
        <ele>25.738154</ele>
        <time>2025-12-16T01:41:33.847Z</time>
      </trkpt>
      <trkpt lat="50.913630" lon="2.408262">
        <ele>25.427552</ele>
        <time>2025-12-16T01:41:40.232Z</time>
      </trkpt>
      <trkpt lat="50.914588" lon="2.407101">
        <ele>24.195030</ele>
        <time>2025-12-16T01:42:07.351Z</time>
      </trkpt>
      <trkpt lat="50.914663" lon="2.406932">
        <ele>24.078251</ele>
        <time>2025-12-16T01:42:10.335Z</time>
      </trkpt>
      <trkpt lat="50.915080" lon="2.407228">
        <ele>23.668803</ele>
        <time>2025-12-16T01:42:20.897Z</time>
      </trkpt>
      <trkpt lat="50.915135" lon="2.407083">
        <ele>23.573186</ele>
        <time>2025-12-16T01:42:23.418Z</time>
      </trkpt>
      <trkpt lat="50.915318" lon="2.406814">
        <ele>23.349573</ele>
        <time>2025-12-16T01:42:29.356Z</time>
      </trkpt>
      <trkpt lat="50.915531" lon="2.406410">
        <ele>23.051996</ele>
        <time>2025-12-16T01:42:37.531Z</time>
      </trkpt>
      <trkpt lat="50.915545" lon="2.406222">
        <ele>22.945029</ele>
        <time>2025-12-16T01:42:40.523Z</time>
      </trkpt>
      <trkpt lat="50.915469" lon="2.405868">
        <ele>22.925083</ele>
        <time>2025-12-16T01:42:46.328Z</time>
      </trkpt>
      <trkpt lat="50.915474" lon="2.405766">
        <ele>22.923228</ele>
        <time>2025-12-16T01:42:47.878Z</time>
      </trkpt>
      <trkpt lat="50.915519" lon="2.405629">
        <ele>22.920426</ele>
        <time>2025-12-16T01:42:50.250Z</time>
      </trkpt>
      <trkpt lat="50.916282" lon="2.404665">
        <ele>22.892361</ele>
        <time>2025-12-16T01:43:15.623Z</time>
      </trkpt>
      <trkpt lat="50.916688" lon="2.403964">
        <ele>22.912641</ele>
        <time>2025-12-16T01:43:33.312Z</time>
      </trkpt>
      <trkpt lat="50.917306" lon="2.403207">
        <ele>23.074042</ele>
        <time>2025-12-16T01:43:57.365Z</time>
      </trkpt>
      <trkpt lat="50.917426" lon="2.403014">
        <ele>23.109367</ele>
        <time>2025-12-16T01:44:02.366Z</time>
      </trkpt>
      <trkpt lat="50.917463" lon="2.402942">
        <ele>23.121472</ele>
        <time>2025-12-16T01:44:04.043Z</time>
      </trkpt>
      <trkpt lat="50.917574" lon="2.402782">
        <ele>23.152475</ele>
        <time>2025-12-16T01:44:08.196Z</time>
      </trkpt>
      <trkpt lat="50.917911" lon="2.402410">
        <ele>23.237342</ele>
        <time>2025-12-16T01:44:18.617Z</time>
      </trkpt>
      <trkpt lat="50.918077" lon="2.401933">
        <ele>22.699369</ele>
        <time>2025-12-16T01:44:26.522Z</time>
      </trkpt>
      <trkpt lat="50.918339" lon="2.401528">
        <ele>21.965264</ele>
        <time>2025-12-16T01:44:34.342Z</time>
      </trkpt>
      <trkpt lat="50.918797" lon="2.401078">
        <ele>20.884187</ele>
        <time>2025-12-16T01:44:45.180Z</time>
      </trkpt>
      <trkpt lat="50.919422" lon="2.399920">
        <ele>19.213468</ele>
        <time>2025-12-16T01:45:04.766Z</time>
      </trkpt>
      <trkpt lat="50.919585" lon="2.399539">
        <ele>18.849673</ele>
        <time>2025-12-16T01:45:11.097Z</time>
      </trkpt>
      <trkpt lat="50.919719" lon="2.398757">
        <ele>18.209411</ele>
        <time>2025-12-16T01:45:22.824Z</time>
      </trkpt>
      <trkpt lat="50.919842" lon="2.398454">
        <ele>17.924678</ele>
        <time>2025-12-16T01:45:28.315Z</time>
      </trkpt>
      <trkpt lat="50.920037" lon="2.398216">
        <ele>17.616319</ele>
        <time>2025-12-16T01:45:34.484Z</time>
      </trkpt>
      <trkpt lat="50.920456" lon="2.397885">
        <ele>17.257344</ele>
        <time>2025-12-16T01:45:46.385Z</time>
      </trkpt>
      <trkpt lat="50.921917" lon="2.396363">
        <ele>16.663856</ele>
        <time>2025-12-16T01:46:29.339Z</time>
      </trkpt>
      <trkpt lat="50.922100" lon="2.396101">
        <ele>16.766379</ele>
        <time>2025-12-16T01:46:35.676Z</time>
      </trkpt>
      <trkpt lat="50.922342" lon="2.395582">
        <ele>16.935624</ele>
        <time>2025-12-16T01:46:46.639Z</time>
      </trkpt>
      <trkpt lat="50.922125" lon="2.395460">
        <ele>17.031374</ele>
        <time>2025-12-16T01:46:53.270Z</time>
      </trkpt>
      <trkpt lat="50.920863" lon="2.395014">
        <ele>18.285180</ele>
        <time>2025-12-16T01:47:35.099Z</time>
      </trkpt>
      <trkpt lat="50.920254" lon="2.394658">
        <ele>19.313158</ele>
        <time>2025-12-16T01:47:58.031Z</time>
      </trkpt>
      <trkpt lat="50.920119" lon="2.394664">
        <ele>19.527062</ele>
        <time>2025-12-16T01:48:02.834Z</time>
      </trkpt>
      <trkpt lat="50.919638" lon="2.394944">
        <ele>20.321434</ele>
        <time>2025-12-16T01:48:21.095Z</time>
      </trkpt>
      <trkpt lat="50.919281" lon="2.395063">
        <ele>20.842841</ele>
        <time>2025-12-16T01:48:34.011Z</time>
      </trkpt>
      <trkpt lat="50.918931" lon="2.395225">
        <ele>21.363960</ele>
        <time>2025-12-16T01:48:46.824Z</time>
      </trkpt>
      <trkpt lat="50.918748" lon="2.395260">
        <ele>21.627418</ele>
        <time>2025-12-16T01:48:53.186Z</time>
      </trkpt>
      <trkpt lat="50.918633" lon="2.395238">
        <ele>21.792979</ele>
        <time>2025-12-16T01:48:57.078Z</time>
      </trkpt>
      <trkpt lat="50.917852" lon="2.394918">
        <ele>22.782992</ele>
        <time>2025-12-16T01:49:22.924Z</time>
      </trkpt>
      <trkpt lat="50.917258" lon="2.394633">
        <ele>22.988956</ele>
        <time>2025-12-16T01:49:40.740Z</time>
      </trkpt>
      <trkpt lat="50.916566" lon="2.394482">
        <ele>23.220786</ele>
        <time>2025-12-16T01:49:59.609Z</time>
      </trkpt>
      <trkpt lat="50.916466" lon="2.394403">
        <ele>23.257863</ele>
        <time>2025-12-16T01:50:02.546Z</time>
      </trkpt>
      <trkpt lat="50.916344" lon="2.394212">
        <ele>23.314755</ele>
        <time>2025-12-16T01:50:07.032Z</time>
      </trkpt>
      <trkpt lat="50.915400" lon="2.392111">
        <ele>23.686395</ele>
        <time>2025-12-16T01:50:51.402Z</time>
      </trkpt>
      <trkpt lat="50.915000" lon="2.391168">
        <ele>24.104839</ele>
        <time>2025-12-16T01:51:12.694Z</time>
      </trkpt>
      <trkpt lat="50.914711" lon="2.390623">
        <ele>24.438382</ele>
        <time>2025-12-16T01:51:26.589Z</time>
      </trkpt>
      <trkpt lat="50.914266" lon="2.389928">
        <ele>24.902329</ele>
        <time>2025-12-16T01:51:45.955Z</time>
      </trkpt>
      <trkpt lat="50.914211" lon="2.389848">
        <ele>24.957767</ele>
        <time>2025-12-16T01:51:48.224Z</time>
      </trkpt>
      <trkpt lat="50.913566" lon="2.388921">
        <ele>25.367773</ele>
        <time>2025-12-16T01:52:14.361Z</time>
      </trkpt>
      <trkpt lat="50.913457" lon="2.388719">
        <ele>25.436943</ele>
        <time>2025-12-16T01:52:19.251Z</time>
      </trkpt>
      <trkpt lat="50.913389" lon="2.388524">
        <ele>25.494915</ele>
        <time>2025-12-16T01:52:23.293Z</time>
      </trkpt>
      <trkpt lat="50.912948" lon="2.386849">
        <ele>25.818355</ele>
        <time>2025-12-16T01:52:54.513Z</time>
      </trkpt>
      <trkpt lat="50.912633" lon="2.385416">
        <ele>25.828788</ele>
        <time>2025-12-16T01:53:19.745Z</time>
      </trkpt>
      <trkpt lat="50.909346" lon="2.387938">
        <ele>26.072411</ele>
        <time>2025-12-16T01:54:58.263Z</time>
      </trkpt>
      <trkpt lat="50.908631" lon="2.385673">
        <ele>26.237730</ele>
        <time>2025-12-16T01:55:42.739Z</time>
      </trkpt>
      <trkpt lat="50.908368" lon="2.384552">
        <ele>26.323038</ele>
        <time>2025-12-16T01:56:02.248Z</time>
      </trkpt>
      <trkpt lat="50.908107" lon="2.383725">
        <ele>26.418047</ele>
        <time>2025-12-16T01:56:17.202Z</time>
      </trkpt>
      <trkpt lat="50.908071" lon="2.383357">
        <ele>26.456306</ele>
        <time>2025-12-16T01:56:23.404Z</time>
      </trkpt>
      <trkpt lat="50.908075" lon="2.382453">
        <ele>26.549180</ele>
        <time>2025-12-16T01:56:39.267Z</time>
      </trkpt>
      <trkpt lat="50.908056" lon="2.382192">
        <ele>26.576172</ele>
        <time>2025-12-16T01:56:44.127Z</time>
      </trkpt>
      <trkpt lat="50.908014" lon="2.381950">
        <ele>26.651238</ele>
        <time>2025-12-16T01:56:48.958Z</time>
      </trkpt>
      <trkpt lat="50.907778" lon="2.381011">
        <ele>27.398706</ele>
        <time>2025-12-16T01:57:09.143Z</time>
      </trkpt>
      <trkpt lat="50.907745" lon="2.380682">
        <ele>27.645045</ele>
        <time>2025-12-16T01:57:15.958Z</time>
      </trkpt>
      <trkpt lat="50.907761" lon="2.380349">
        <ele>27.891997</ele>
        <time>2025-12-16T01:57:22.883Z</time>
      </trkpt>
      <trkpt lat="50.907752" lon="2.380160">
        <ele>28.032152</ele>
        <time>2025-12-16T01:57:26.833Z</time>
      </trkpt>
      <trkpt lat="50.907712" lon="2.379938">
        <ele>28.202882</ele>
        <time>2025-12-16T01:57:31.683Z</time>
      </trkpt>
      <trkpt lat="50.907389" lon="2.378555">
        <ele>29.422315</ele>
        <time>2025-12-16T01:58:03.394Z</time>
      </trkpt>
      <trkpt lat="50.907285" lon="2.378239">
        <ele>29.743450</ele>
        <time>2025-12-16T01:58:11.064Z</time>
      </trkpt>
      <trkpt lat="50.906986" lon="2.377690">
        <ele>30.397001</ele>
        <time>2025-12-16T01:58:26.939Z</time>
      </trkpt>
      <trkpt lat="50.906485" lon="2.377005">
        <ele>31.258871</ele>
        <time>2025-12-16T01:58:48.879Z</time>
      </trkpt>
      <trkpt lat="50.906394" lon="2.376766">
        <ele>31.207425</ele>
        <time>2025-12-16T01:58:54.399Z</time>
      </trkpt>
      <trkpt lat="50.906393" lon="2.376536">
        <ele>31.165043</ele>
        <time>2025-12-16T01:58:58.787Z</time>
      </trkpt>
      <trkpt lat="50.906443" lon="2.376331">
        <ele>31.124541</ele>
        <time>2025-12-16T01:59:02.868Z</time>
      </trkpt>
      <trkpt lat="50.906552" lon="2.376063">
        <ele>31.065776</ele>
        <time>2025-12-16T01:59:08.553Z</time>
      </trkpt>
      <trkpt lat="50.906871" lon="2.375457">
        <ele>30.920317</ele>
        <time>2025-12-16T01:59:21.192Z</time>
      </trkpt>
      <trkpt lat="50.906934" lon="2.375242">
        <ele>30.876631</ele>
        <time>2025-12-16T01:59:24.680Z</time>
      </trkpt>
      <trkpt lat="50.906953" lon="2.375002">
        <ele>30.832060</ele>
        <time>2025-12-16T01:59:28.153Z</time>
      </trkpt>
      <trkpt lat="50.906898" lon="2.374414">
        <ele>30.543800</ele>
        <time>2025-12-16T01:59:36.375Z</time>
      </trkpt>
      <trkpt lat="50.906447" lon="2.371810">
        <ele>26.472596</ele>
        <time>2025-12-16T02:00:11.018Z</time>
      </trkpt>
      <trkpt lat="50.906759" lon="2.371587">
        <ele>25.558673</ele>
        <time>2025-12-16T02:00:17.788Z</time>
      </trkpt>
      <trkpt lat="50.907158" lon="2.371243">
        <ele>24.341773</ele>
        <time>2025-12-16T02:00:26.768Z</time>
      </trkpt>
      <trkpt lat="50.908492" lon="2.369823">
        <ele>20.310755</ele>
        <time>2025-12-16T02:00:59.399Z</time>
      </trkpt>
      <trkpt lat="50.908734" lon="2.369448">
        <ele>19.560285</ele>
        <time>2025-12-16T02:01:06.505Z</time>
      </trkpt>
      <trkpt lat="50.909081" lon="2.368605">
        <ele>18.152274</ele>
        <time>2025-12-16T02:01:19.896Z</time>
      </trkpt>
      <trkpt lat="50.909099" lon="2.368445">
        <ele>17.924963</ele>
        <time>2025-12-16T02:01:22.050Z</time>
      </trkpt>
      <trkpt lat="50.909088" lon="2.368356">
        <ele>17.798119</ele>
        <time>2025-12-16T02:01:23.269Z</time>
      </trkpt>
      <trkpt lat="50.909037" lon="2.368243">
        <ele>17.607305</ele>
        <time>2025-12-16T02:01:25.118Z</time>
      </trkpt>
      <trkpt lat="50.907727" lon="2.366426">
        <ele>14.143528</ele>
        <time>2025-12-16T02:02:01.835Z</time>
      </trkpt>
      <trkpt lat="50.907356" lon="2.365804">
        <ele>13.195566</ele>
        <time>2025-12-16T02:02:13.296Z</time>
      </trkpt>
      <trkpt lat="50.907074" lon="2.365226">
        <ele>12.395701</ele>
        <time>2025-12-16T02:02:23.195Z</time>
      </trkpt>
      <trkpt lat="50.906798" lon="2.364775">
        <ele>11.707840</ele>
        <time>2025-12-16T02:02:31.753Z</time>
      </trkpt>
      <trkpt lat="50.906559" lon="2.364264">
        <ele>11.011496</ele>
        <time>2025-12-16T02:02:40.515Z</time>
      </trkpt>
      <trkpt lat="50.906196" lon="2.362914">
        <ele>9.789094</ele>
        <time>2025-12-16T02:03:01.121Z</time>
      </trkpt>
      <trkpt lat="50.905826" lon="2.361689">
        <ele>8.675146</ele>
        <time>2025-12-16T02:03:20.648Z</time>
      </trkpt>
      <trkpt lat="50.905583" lon="2.360785">
        <ele>7.885465</ele>
        <time>2025-12-16T02:03:34.619Z</time>
      </trkpt>
      <trkpt lat="50.905164" lon="2.358124">
        <ele>6.206350</ele>
        <time>2025-12-16T02:04:13.352Z</time>
      </trkpt>
      <trkpt lat="50.905146" lon="2.358001">
        <ele>6.189482</ele>
        <time>2025-12-16T02:04:15.311Z</time>
      </trkpt>
      <trkpt lat="50.905096" lon="2.357843">
        <ele>6.165866</ele>
        <time>2025-12-16T02:04:18.151Z</time>
      </trkpt>
      <trkpt lat="50.904886" lon="2.357443">
        <ele>6.096335</ele>
        <time>2025-12-16T02:04:26.702Z</time>
      </trkpt>
      <trkpt lat="50.904500" lon="2.356429">
        <ele>5.938107</ele>
        <time>2025-12-16T02:04:47.893Z</time>
      </trkpt>
      <trkpt lat="50.903973" lon="2.355421">
        <ele>6.638124</ele>
        <time>2025-12-16T02:05:13.140Z</time>
      </trkpt>
      <trkpt lat="50.903737" lon="2.355079">
        <ele>6.927162</ele>
        <time>2025-12-16T02:05:23.195Z</time>
      </trkpt>
      <trkpt lat="50.903086" lon="2.354268">
        <ele>7.684996</ele>
        <time>2025-12-16T02:05:49.837Z</time>
      </trkpt>
      <trkpt lat="50.902455" lon="2.353398">
        <ele>8.499889</ele>
        <time>2025-12-16T02:06:16.249Z</time>
      </trkpt>
      <trkpt lat="50.901745" lon="2.352156">
        <ele>9.543446</ele>
        <time>2025-12-16T02:06:48.771Z</time>
      </trkpt>
      <trkpt lat="50.901651" lon="2.351947">
        <ele>9.710670</ele>
        <time>2025-12-16T02:06:53.795Z</time>
      </trkpt>
      <trkpt lat="50.901630" lon="2.351778">
        <ele>9.822878</ele>
        <time>2025-12-16T02:06:57.236Z</time>
      </trkpt>
      <trkpt lat="50.901461" lon="2.351803">
        <ele>9.998202</ele>
        <time>2025-12-16T02:07:02.501Z</time>
      </trkpt>
      <trkpt lat="50.901413" lon="2.351664">
        <ele>10.101437</ele>
        <time>2025-12-16T02:07:05.734Z</time>
      </trkpt>
      <trkpt lat="50.900493" lon="2.350125">
        <ele>11.358449</ele>
        <time>2025-12-16T02:07:48.976Z</time>
      </trkpt>
      <trkpt lat="50.900078" lon="2.349069">
        <ele>11.850666</ele>
        <time>2025-12-16T02:08:11.920Z</time>
      </trkpt>
      <trkpt lat="50.899660" lon="2.348505">
        <ele>12.194945</ele>
        <time>2025-12-16T02:08:27.735Z</time>
      </trkpt>
      <trkpt lat="50.899318" lon="2.347749">
        <ele>12.622311</ele>
        <time>2025-12-16T02:08:44.537Z</time>
      </trkpt>
      <trkpt lat="50.899164" lon="2.347492">
        <ele>12.793518</ele>
        <time>2025-12-16T02:08:50.914Z</time>
      </trkpt>
      <trkpt lat="50.899056" lon="2.347424">
        <ele>12.882501</ele>
        <time>2025-12-16T02:08:54.294Z</time>
      </trkpt>
      <trkpt lat="50.898815" lon="2.347415">
        <ele>13.067098</ele>
        <time>2025-12-16T02:09:01.531Z</time>
      </trkpt>
      <trkpt lat="50.898707" lon="2.347363">
        <ele>13.153528</ele>
        <time>2025-12-16T02:09:05.017Z</time>
      </trkpt>
      <trkpt lat="50.898390" lon="2.346889">
        <ele>13.487187</ele>
        <time>2025-12-16T02:09:18.886Z</time>
      </trkpt>
      <trkpt lat="50.898082" lon="2.346715">
        <ele>13.754300</ele>
        <time>2025-12-16T02:09:29.660Z</time>
      </trkpt>
      <trkpt lat="50.897866" lon="2.346493">
        <ele>14.001496</ele>
        <time>2025-12-16T02:09:37.985Z</time>
      </trkpt>
      <trkpt lat="50.897707" lon="2.346472">
        <ele>14.154715</ele>
        <time>2025-12-16T02:09:43.087Z</time>
      </trkpt>
      <trkpt lat="50.897310" lon="2.346607">
        <ele>14.544629</ele>
        <time>2025-12-16T02:09:55.926Z</time>
      </trkpt>
      <trkpt lat="50.897209" lon="2.345976">
        <ele>14.938931</ele>
        <time>2025-12-16T02:10:08.682Z</time>
      </trkpt>
      <trkpt lat="50.897272" lon="2.345675">
        <ele>15.131018</ele>
        <time>2025-12-16T02:10:14.786Z</time>
      </trkpt>
      <trkpt lat="50.897214" lon="2.345553">
        <ele>15.223551</ele>
        <time>2025-12-16T02:10:17.723Z</time>
      </trkpt>
      <trkpt lat="50.897128" lon="2.345061">
        <ele>15.478584</ele>
        <time>2025-12-16T02:10:27.322Z</time>
      </trkpt>
      <trkpt lat="50.896905" lon="2.343916">
        <ele>15.910475</ele>
        <time>2025-12-16T02:10:50.467Z</time>
      </trkpt>
      <trkpt lat="50.896774" lon="2.343520">
        <ele>16.071636</ele>
        <time>2025-12-16T02:10:58.780Z</time>
      </trkpt>
      <trkpt lat="50.896524" lon="2.342992">
        <ele>16.309586</ele>
        <time>2025-12-16T02:11:10.795Z</time>
      </trkpt>
      <trkpt lat="50.896460" lon="2.342858">
        <ele>16.370165</ele>
        <time>2025-12-16T02:11:13.810Z</time>
      </trkpt>
      <trkpt lat="50.896392" lon="2.342720">
        <ele>16.422282</ele>
        <time>2025-12-16T02:11:16.901Z</time>
      </trkpt>
      <trkpt lat="50.895924" lon="2.341750">
        <ele>16.122810</ele>
        <time>2025-12-16T02:11:37.154Z</time>
      </trkpt>
      <trkpt lat="50.895739" lon="2.341214">
        <ele>15.972980</ele>
        <time>2025-12-16T02:11:46.165Z</time>
      </trkpt>
      <trkpt lat="50.895547" lon="2.340509">
        <ele>15.784672</ele>
        <time>2025-12-16T02:11:57.702Z</time>
      </trkpt>
      <trkpt lat="50.895376" lon="2.339858">
        <ele>15.711484</ele>
        <time>2025-12-16T02:12:08.659Z</time>
      </trkpt>
      <trkpt lat="50.895358" lon="2.339722">
        <ele>15.706781</ele>
        <time>2025-12-16T02:12:10.865Z</time>
      </trkpt>
      <trkpt lat="50.895385" lon="2.339611">
        <ele>15.702755</ele>
        <time>2025-12-16T02:12:12.766Z</time>
      </trkpt>
      <trkpt lat="50.895454" lon="2.339513">
        <ele>15.697785</ele>
        <time>2025-12-16T02:12:15.146Z</time>
      </trkpt>
      <trkpt lat="50.895909" lon="2.339228">
        <ele>15.671537</ele>
        <time>2025-12-16T02:12:28.310Z</time>
      </trkpt>
      <trkpt lat="50.895964" lon="2.339169">
        <ele>15.667974</ele>
        <time>2025-12-16T02:12:30.154Z</time>
      </trkpt>
      <trkpt lat="50.896008" lon="2.339048">
        <ele>15.663248</ele>
        <time>2025-12-16T02:12:32.648Z</time>
      </trkpt>
      <trkpt lat="50.895992" lon="2.338831">
        <ele>15.655855</ele>
        <time>2025-12-16T02:12:36.538Z</time>
      </trkpt>
      <trkpt lat="50.895835" lon="2.338091">
        <ele>15.610354</ele>
        <time>2025-12-16T02:12:50.548Z</time>
      </trkpt>
      <trkpt lat="50.895843" lon="2.337882">
        <ele>15.514093</ele>
        <time>2025-12-16T02:12:54.201Z</time>
      </trkpt>
      <trkpt lat="50.895912" lon="2.337762">
        <ele>15.439441</ele>
        <time>2025-12-16T02:12:56.954Z</time>
      </trkpt>
      <trkpt lat="50.896582" lon="2.336990">
        <ele>14.835740</ele>
        <time>2025-12-16T02:13:17.484Z</time>
      </trkpt>
      <trkpt lat="50.896625" lon="2.336899">
        <ele>14.783466</ele>
        <time>2025-12-16T02:13:19.166Z</time>
      </trkpt>
      <trkpt lat="50.896643" lon="2.336781">
        <ele>14.727655</ele>
        <time>2025-12-16T02:13:20.924Z</time>
      </trkpt>
      <trkpt lat="50.896639" lon="2.336702">
        <ele>14.691219</ele>
        <time>2025-12-16T02:13:22.064Z</time>
      </trkpt>
      <trkpt lat="50.895920" lon="2.334600">
        <ele>12.635264</ele>
        <time>2025-12-16T02:13:54.788Z</time>
      </trkpt>
      <trkpt lat="50.895881" lon="2.334484">
        <ele>12.495423</ele>
        <time>2025-12-16T02:13:56.565Z</time>
      </trkpt>
      <trkpt lat="50.895695" lon="2.333927">
        <ele>11.824944</ele>
        <time>2025-12-16T02:14:05.111Z</time>
      </trkpt>
      <trkpt lat="50.895628" lon="2.333630">
        <ele>11.489384</ele>
        <time>2025-12-16T02:14:09.386Z</time>
      </trkpt>
      <trkpt lat="50.895636" lon="2.333416">
        <ele>11.273409</ele>
        <time>2025-12-16T02:14:12.299Z</time>
      </trkpt>
      <trkpt lat="50.895708" lon="2.333055">
        <ele>11.066053</ele>
        <time>2025-12-16T02:14:17.476Z</time>
      </trkpt>
      <trkpt lat="50.895697" lon="2.332844">
        <ele>10.950102</ele>
        <time>2025-12-16T02:14:20.380Z</time>
      </trkpt>
      <trkpt lat="50.895645" lon="2.332678">
        <ele>10.848595</ele>
        <time>2025-12-16T02:14:22.941Z</time>
      </trkpt>
      <trkpt lat="50.895403" lon="2.332136">
        <ele>10.484912</ele>
        <time>2025-12-16T02:14:32.337Z</time>
      </trkpt>
      <trkpt lat="50.895264" lon="2.331603">
        <ele>10.169037</ele>
        <time>2025-12-16T02:14:41.009Z</time>
      </trkpt>
      <trkpt lat="50.895252" lon="2.331359">
        <ele>10.035000</ele>
        <time>2025-12-16T02:14:44.849Z</time>
      </trkpt>
      <trkpt lat="50.895339" lon="2.330998">
        <ele>9.823351</ele>
        <time>2025-12-16T02:14:51.167Z</time>
      </trkpt>
      <trkpt lat="50.895342" lon="2.330844">
        <ele>9.738970</ele>
        <time>2025-12-16T02:14:53.789Z</time>
      </trkpt>
      <trkpt lat="50.895274" lon="2.330696">
        <ele>9.797618</ele>
        <time>2025-12-16T02:14:57.062Z</time>
      </trkpt>
      <trkpt lat="50.894815" lon="2.330236">
        <ele>10.199623</ele>
        <time>2025-12-16T02:15:13.007Z</time>
      </trkpt>
      <trkpt lat="50.894389" lon="2.329719">
        <ele>10.596795</ele>
        <time>2025-12-16T02:15:30.107Z</time>
      </trkpt>
      <trkpt lat="50.893525" lon="2.328836">
        <ele>11.381589</ele>
        <time>2025-12-16T02:16:02.744Z</time>
      </trkpt>
      <trkpt lat="50.892863" lon="2.327919">
        <ele>12.083672</ele>
        <time>2025-12-16T02:16:29.852Z</time>
      </trkpt>
      <trkpt lat="50.892674" lon="2.327596">
        <ele>12.305619</ele>
        <time>2025-12-16T02:16:38.179Z</time>
      </trkpt>
      <trkpt lat="50.892547" lon="2.327314">
        <ele>12.480173</ele>
        <time>2025-12-16T02:16:44.639Z</time>
      </trkpt>
      <trkpt lat="50.891883" lon="2.325270">
        <ele>12.821203</ele>
        <time>2025-12-16T02:17:24.389Z</time>
      </trkpt>
      <trkpt lat="50.891558" lon="2.324439">
        <ele>13.032243</ele>
        <time>2025-12-16T02:17:41.381Z</time>
      </trkpt>
      <trkpt lat="50.891255" lon="2.323362">
        <ele>13.407818</ele>
        <time>2025-12-16T02:18:02.914Z</time>
      </trkpt>
      <trkpt lat="50.891085" lon="2.322876">
        <ele>13.584806</ele>
        <time>2025-12-16T02:18:13.433Z</time>
      </trkpt>
      <trkpt lat="50.891039" lon="2.322920">
        <ele>13.611932</ele>
        <time>2025-12-16T02:18:15.102Z</time>
      </trkpt>
      <trkpt lat="50.889234" lon="2.319605">
        <ele>14.729861</ele>
        <time>2025-12-16T02:19:36.694Z</time>
      </trkpt>
      <trkpt lat="50.888711" lon="2.318572">
        <ele>14.568148</ele>
        <time>2025-12-16T02:19:57.397Z</time>
      </trkpt>
      <trkpt lat="50.888134" lon="2.317640">
        <ele>14.240028</ele>
        <time>2025-12-16T02:20:16.914Z</time>
      </trkpt>
      <trkpt lat="50.887904" lon="2.317140">
        <ele>14.010204</ele>
        <time>2025-12-16T02:20:26.280Z</time>
      </trkpt>
      <trkpt lat="50.887514" lon="2.316130">
        <ele>13.570399</ele>
        <time>2025-12-16T02:20:44.708Z</time>
      </trkpt>
      <trkpt lat="50.886429" lon="2.312718">
        <ele>12.565981</ele>
        <time>2025-12-16T02:21:45.311Z</time>
      </trkpt>
      <trkpt lat="50.885920" lon="2.311441">
        <ele>12.093035</ele>
        <time>2025-12-16T02:22:09.672Z</time>
      </trkpt>
      <trkpt lat="50.885377" lon="2.309874">
        <ele>11.387303</ele>
        <time>2025-12-16T02:22:35.527Z</time>
      </trkpt>
      <trkpt lat="50.884449" lon="2.310560">
        <ele>10.652532</ele>
        <time>2025-12-16T02:22:59.664Z</time>
      </trkpt>
      <trkpt lat="50.883839" lon="2.310967">
        <ele>11.120376</ele>
        <time>2025-12-16T02:23:18.318Z</time>
      </trkpt>
      <trkpt lat="50.883701" lon="2.311088">
        <ele>11.279137</ele>
        <time>2025-12-16T02:23:23.439Z</time>
      </trkpt>
      <trkpt lat="50.883583" lon="2.311265">
        <ele>11.442683</ele>
        <time>2025-12-16T02:23:29.013Z</time>
      </trkpt>
      <trkpt lat="50.883357" lon="2.311749">
        <ele>11.825112</ele>
        <time>2025-12-16T02:23:42.816Z</time>
      </trkpt>
      <trkpt lat="50.883167" lon="2.311926">
        <ele>12.046970</ele>
        <time>2025-12-16T02:23:50.543Z</time>
      </trkpt>
      <trkpt lat="50.881288" lon="2.312762">
        <ele>14.143462</ele>
        <time>2025-12-16T02:24:52.798Z</time>
      </trkpt>
      <trkpt lat="50.880990" lon="2.312946">
        <ele>14.450034</ele>
        <time>2025-12-16T02:25:02.797Z</time>
      </trkpt>
      <trkpt lat="50.880485" lon="2.313341">
        <ele>14.897841</ele>
        <time>2025-12-16T02:25:20.255Z</time>
      </trkpt>
      <trkpt lat="50.880133" lon="2.313703">
        <ele>15.231507</ele>
        <time>2025-12-16T02:25:33.041Z</time>
      </trkpt>
      <trkpt lat="50.879826" lon="2.314075">
        <ele>15.538802</ele>
        <time>2025-12-16T02:25:44.750Z</time>
      </trkpt>
      <trkpt lat="50.879125" lon="2.315043">
        <ele>16.060655</ele>
        <time>2025-12-16T02:26:12.239Z</time>
      </trkpt>
      <trkpt lat="50.878944" lon="2.315379">
        <ele>16.187846</ele>
        <time>2025-12-16T02:26:20.240Z</time>
      </trkpt>
      <trkpt lat="50.878419" lon="2.316638">
        <ele>16.653791</ele>
        <time>2025-12-16T02:26:47.053Z</time>
      </trkpt>
      <trkpt lat="50.878023" lon="2.317305">
        <ele>17.163375</ele>
        <time>2025-12-16T02:27:03.273Z</time>
      </trkpt>
      <trkpt lat="50.877466" lon="2.318019">
        <ele>17.795108</ele>
        <time>2025-12-16T02:27:24.706Z</time>
      </trkpt>
      <trkpt lat="50.877078" lon="2.318431">
        <ele>18.264932</ele>
        <time>2025-12-16T02:27:40.091Z</time>
      </trkpt>
      <trkpt lat="50.874935" lon="2.320622">
        <ele>26.068986</ele>
        <time>2025-12-16T02:29:20.790Z</time>
      </trkpt>
      <trkpt lat="50.874407" lon="2.321203">
        <ele>28.892427</ele>
        <time>2025-12-16T02:29:54.174Z</time>
      </trkpt>
      <trkpt lat="50.874058" lon="2.321595">
        <ele>30.840040</ele>
        <time>2025-12-16T02:30:18.970Z</time>
      </trkpt>
      <trkpt lat="50.872954" lon="2.322709">
        <ele>38.082126</ele>
        <time>2025-12-16T02:31:34.965Z</time>
      </trkpt>
      <trkpt lat="50.871931" lon="2.323664">
        <ele>41.418297</ele>
        <time>2025-12-16T02:32:24.626Z</time>
      </trkpt>
      <trkpt lat="50.871801" lon="2.323664">
        <ele>41.582808</ele>
        <time>2025-12-16T02:32:28.490Z</time>
      </trkpt>
      <trkpt lat="50.871515" lon="2.323499">
        <ele>41.967971</ele>
        <time>2025-12-16T02:32:36.999Z</time>
      </trkpt>
      <trkpt lat="50.871410" lon="2.323502">
        <ele>42.100867</ele>
        <time>2025-12-16T02:32:39.726Z</time>
      </trkpt>
      <trkpt lat="50.871338" lon="2.323552">
        <ele>42.200346</ele>
        <time>2025-12-16T02:32:41.762Z</time>
      </trkpt>
      <trkpt lat="50.871127" lon="2.323800">
        <ele>42.532792</ele>
        <time>2025-12-16T02:32:48.176Z</time>
      </trkpt>
      <trkpt lat="50.869745" lon="2.325217">
        <ele>41.511619</ele>
        <time>2025-12-16T02:33:25.370Z</time>
      </trkpt>
      <trkpt lat="50.869471" lon="2.325539">
        <ele>41.279832</ele>
        <time>2025-12-16T02:33:34.363Z</time>
      </trkpt>
      <trkpt lat="50.869267" lon="2.325786">
        <ele>41.515065</ele>
        <time>2025-12-16T02:33:41.695Z</time>
      </trkpt>
      <trkpt lat="50.869113" lon="2.325927">
        <ele>41.678027</ele>
        <time>2025-12-16T02:33:47.036Z</time>
      </trkpt>
      <trkpt lat="50.868457" lon="2.326264">
        <ele>42.309878</ele>
        <time>2025-12-16T02:34:08.987Z</time>
      </trkpt>
      <trkpt lat="50.868158" lon="2.326468">
        <ele>42.608150</ele>
        <time>2025-12-16T02:34:20.027Z</time>
      </trkpt>
      <trkpt lat="50.868062" lon="2.326549">
        <ele>42.707802</ele>
        <time>2025-12-16T02:34:23.830Z</time>
      </trkpt>
      <trkpt lat="50.868027" lon="2.326582">
        <ele>42.745118</ele>
        <time>2025-12-16T02:34:25.205Z</time>
      </trkpt>
      <trkpt lat="50.867894" lon="2.326692">
        <ele>42.882580</ele>
        <time>2025-12-16T02:34:30.395Z</time>
      </trkpt>
      <trkpt lat="50.867832" lon="2.326573">
        <ele>42.926733</ele>
        <time>2025-12-16T02:34:33.775Z</time>
      </trkpt>
      <trkpt lat="50.867443" lon="2.326312">
        <ele>43.064248</ele>
        <time>2025-12-16T02:34:47.413Z</time>
      </trkpt>
      <trkpt lat="50.866784" lon="2.325770">
        <ele>43.305950</ele>
        <time>2025-12-16T02:35:09.093Z</time>
      </trkpt>
      <trkpt lat="50.866055" lon="2.325028">
        <ele>42.748697</ele>
        <time>2025-12-16T02:35:30.268Z</time>
      </trkpt>
      <trkpt lat="50.865899" lon="2.324864">
        <ele>42.301208</ele>
        <time>2025-12-16T02:35:34.291Z</time>
      </trkpt>
      <trkpt lat="50.865528" lon="2.325883">
        <ele>40.526531</ele>
        <time>2025-12-16T02:35:49.084Z</time>
      </trkpt>
      <trkpt lat="50.865505" lon="2.325877">
        <ele>40.470815</ele>
        <time>2025-12-16T02:35:49.553Z</time>
      </trkpt>
      <trkpt lat="50.865378" lon="2.325900">
        <ele>40.165278</ele>
        <time>2025-12-16T02:35:52.010Z</time>
      </trkpt>
      <trkpt lat="50.865112" lon="2.326055">
        <ele>39.487839</ele>
        <time>2025-12-16T02:35:57.479Z</time>
      </trkpt>
      <trkpt lat="50.864480" lon="2.326578">
        <ele>37.643506</ele>
        <time>2025-12-16T02:36:11.360Z</time>
      </trkpt>
      <trkpt lat="50.863568" lon="2.327199">
        <ele>35.034219</ele>
        <time>2025-12-16T02:36:31.734Z</time>
      </trkpt>
      <trkpt lat="50.863205" lon="2.327433">
        <ele>34.169495</ele>
        <time>2025-12-16T02:36:40.064Z</time>
      </trkpt>
      <trkpt lat="50.863037" lon="2.327471">
        <ele>33.885140</ele>
        <time>2025-12-16T02:36:43.640Z</time>
      </trkpt>
      <trkpt lat="50.862876" lon="2.327445">
        <ele>33.613970</ele>
        <time>2025-12-16T02:36:47.049Z</time>
      </trkpt>
      <trkpt lat="50.862749" lon="2.327385">
        <ele>33.391908</ele>
        <time>2025-12-16T02:36:49.836Z</time>
      </trkpt>
      <trkpt lat="50.862607" lon="2.327252">
        <ele>33.115505</ele>
        <time>2025-12-16T02:36:53.354Z</time>
      </trkpt>
      <trkpt lat="50.862334" lon="2.326759">
        <ele>32.421882</ele>
        <time>2025-12-16T02:37:02.330Z</time>
      </trkpt>
      <trkpt lat="50.862229" lon="2.326694">
        <ele>32.232990</ele>
        <time>2025-12-16T02:37:04.831Z</time>
      </trkpt>
      <trkpt lat="50.861962" lon="2.326737">
        <ele>31.783298</ele>
        <time>2025-12-16T02:37:10.771Z</time>
      </trkpt>
      <trkpt lat="50.861873" lon="2.326633">
        <ele>31.597994</ele>
        <time>2025-12-16T02:37:13.235Z</time>
      </trkpt>
      <trkpt lat="50.861643" lon="2.325956">
        <ele>31.190608</ele>
        <time>2025-12-16T02:37:24.236Z</time>
      </trkpt>
      <trkpt lat="50.860932" lon="2.324170">
        <ele>30.326868</ele>
        <time>2025-12-16T02:37:57.226Z</time>
      </trkpt>
      <trkpt lat="50.860168" lon="2.322395">
        <ele>30.182239</ele>
        <time>2025-12-16T02:38:32.929Z</time>
      </trkpt>
      <trkpt lat="50.859832" lon="2.321097">
        <ele>30.081929</ele>
        <time>2025-12-16T02:38:56.914Z</time>
      </trkpt>
      <trkpt lat="50.859418" lon="2.319497">
        <ele>29.903277</ele>
        <time>2025-12-16T02:39:24.920Z</time>
      </trkpt>
      <trkpt lat="50.859231" lon="2.318582">
        <ele>29.682917</ele>
        <time>2025-12-16T02:39:40.349Z</time>
      </trkpt>
      <trkpt lat="50.859133" lon="2.318328">
        <ele>29.568573</ele>
        <time>2025-12-16T02:39:45.006Z</time>
      </trkpt>
      <trkpt lat="50.858642" lon="2.317728">
        <ele>29.191238</ele>
        <time>2025-12-16T02:39:59.989Z</time>
      </trkpt>
      <trkpt lat="50.858234" lon="2.316949">
        <ele>28.802428</ele>
        <time>2025-12-16T02:40:15.228Z</time>
      </trkpt>
      <trkpt lat="50.857916" lon="2.316553">
        <ele>28.699593</ele>
        <time>2025-12-16T02:40:24.804Z</time>
      </trkpt>
      <trkpt lat="50.857672" lon="2.316401">
        <ele>28.655720</ele>
        <time>2025-12-16T02:40:31.072Z</time>
      </trkpt>
      <trkpt lat="50.857439" lon="2.316349">
        <ele>28.616346</ele>
        <time>2025-12-16T02:40:36.880Z</time>
      </trkpt>
      <trkpt lat="50.857312" lon="2.316396">
        <ele>28.594522</ele>
        <time>2025-12-16T02:40:40.192Z</time>
      </trkpt>
      <trkpt lat="50.857029" lon="2.316589">
        <ele>28.542964</ele>
        <time>2025-12-16T02:40:48.308Z</time>
      </trkpt>
      <trkpt lat="50.856851" lon="2.316549">
        <ele>28.512881</ele>
        <time>2025-12-16T02:40:53.319Z</time>
      </trkpt>
      <trkpt lat="50.855908" lon="2.315610">
        <ele>28.950086</ele>
        <time>2025-12-16T02:41:26.602Z</time>
      </trkpt>
      <trkpt lat="50.855297" lon="2.314733">
        <ele>29.492400</ele>
        <time>2025-12-16T02:41:51.958Z</time>
      </trkpt>
      <trkpt lat="50.855166" lon="2.314639">
        <ele>29.586991</ele>
        <time>2025-12-16T02:41:56.208Z</time>
      </trkpt>
      <trkpt lat="50.855207" lon="2.314521">
        <ele>29.638576</ele>
        <time>2025-12-16T02:41:58.723Z</time>
      </trkpt>
      <trkpt lat="50.855309" lon="2.314378">
        <ele>29.671921</ele>
        <time>2025-12-16T02:42:02.632Z</time>
      </trkpt>
      <trkpt lat="50.855559" lon="2.314103">
        <ele>29.746432</ele>
        <time>2025-12-16T02:42:11.337Z</time>
      </trkpt>
      <trkpt lat="50.856747" lon="2.313101">
        <ele>30.075919</ele>
        <time>2025-12-16T02:42:48.113Z</time>
      </trkpt>
      <trkpt lat="50.857047" lon="2.312803">
        <ele>30.213243</ele>
        <time>2025-12-16T02:42:57.458Z</time>
      </trkpt>
      <trkpt lat="50.857182" lon="2.312548">
        <ele>30.294859</ele>
        <time>2025-12-16T02:43:03.181Z</time>
      </trkpt>
      <trkpt lat="50.857330" lon="2.312084">
        <ele>30.422348</ele>
        <time>2025-12-16T02:43:12.328Z</time>
      </trkpt>
      <trkpt lat="50.857390" lon="2.311732">
        <ele>30.511761</ele>
        <time>2025-12-16T02:43:18.902Z</time>
      </trkpt>
      <trkpt lat="50.857376" lon="2.311448">
        <ele>30.581619</ele>
        <time>2025-12-16T02:43:24.117Z</time>
      </trkpt>
      <trkpt lat="50.857253" lon="2.311025">
        <ele>30.695829</ele>
        <time>2025-12-16T02:43:32.787Z</time>
      </trkpt>
      <trkpt lat="50.856680" lon="2.309559">
        <ele>31.641057</ele>
        <time>2025-12-16T02:44:06.969Z</time>
      </trkpt>
      <trkpt lat="50.856545" lon="2.309337">
        <ele>31.831575</ele>
        <time>2025-12-16T02:44:13.235Z</time>
      </trkpt>
      <trkpt lat="50.856094" lon="2.308770">
        <ele>32.395306</ele>
        <time>2025-12-16T02:44:31.559Z</time>
      </trkpt>
      <trkpt lat="50.855808" lon="2.308339">
        <ele>32.827725</ele>
        <time>2025-12-16T02:44:43.908Z</time>
      </trkpt>
      <trkpt lat="50.855033" lon="2.307025">
        <ele>34.146970</ele>
        <time>2025-12-16T02:45:19.433Z</time>
      </trkpt>
      <trkpt lat="50.854566" lon="2.306155">
        <ele>35.227795</ele>
        <time>2025-12-16T02:45:43.866Z</time>
      </trkpt>
      <trkpt lat="50.854541" lon="2.306008">
        <ele>35.415211</ele>
        <time>2025-12-16T02:45:47.336Z</time>
      </trkpt>
      <trkpt lat="50.854560" lon="2.305853">
        <ele>35.609587</ele>
        <time>2025-12-16T02:45:50.968Z</time>
      </trkpt>
      <trkpt lat="50.854845" lon="2.305321">
        <ele>36.468533</ele>
        <time>2025-12-16T02:46:07.703Z</time>
      </trkpt>
      <trkpt lat="50.854900" lon="2.305153">
        <ele>36.701504</ele>
        <time>2025-12-16T02:46:12.383Z</time>
      </trkpt>
      <trkpt lat="50.854937" lon="2.304937">
        <ele>36.977024</ele>
        <time>2025-12-16T02:46:17.879Z</time>
      </trkpt>
      <trkpt lat="50.854955" lon="2.304292">
        <ele>37.771819</ele>
        <time>2025-12-16T02:46:33.042Z</time>
      </trkpt>
      <trkpt lat="50.854898" lon="2.303335">
        <ele>38.567174</ele>
        <time>2025-12-16T02:46:53.662Z</time>
      </trkpt>
      <trkpt lat="50.854939" lon="2.303109">
        <ele>38.719915</ele>
        <time>2025-12-16T02:46:58.440Z</time>
      </trkpt>
      <trkpt lat="50.854992" lon="2.302965">
        <ele>38.828188</ele>
        <time>2025-12-16T02:47:01.724Z</time>
      </trkpt>
      <trkpt lat="50.855410" lon="2.302198">
        <ele>39.486362</ele>
        <time>2025-12-16T02:47:21.092Z</time>
      </trkpt>
      <trkpt lat="50.855265" lon="2.301711">
        <ele>39.836111</ele>
        <time>2025-12-16T02:47:30.790Z</time>
      </trkpt>
      <trkpt lat="50.855183" lon="2.301337">
        <ele>40.127974</ele>
        <time>2025-12-16T02:47:38.181Z</time>
      </trkpt>
      <trkpt lat="50.855044" lon="2.299897">
        <ele>41.375922</ele>
        <time>2025-12-16T02:48:08.193Z</time>
      </trkpt>
      <trkpt lat="50.854704" lon="2.298822">
        <ele>42.405968</ele>
        <time>2025-12-16T02:48:34.576Z</time>
      </trkpt>
      <trkpt lat="50.854621" lon="2.298464">
        <ele>42.798782</ele>
        <time>2025-12-16T02:48:43.188Z</time>
      </trkpt>
      <trkpt lat="50.854536" lon="2.297837">
        <ele>43.466293</ele>
        <time>2025-12-16T02:48:57.889Z</time>
      </trkpt>
      <trkpt lat="50.854523" lon="2.297019">
        <ele>44.318005</ele>
        <time>2025-12-16T02:49:16.420Z</time>
      </trkpt>
      <trkpt lat="50.854518" lon="2.296928">
        <ele>44.413083</ele>
        <time>2025-12-16T02:49:18.485Z</time>
      </trkpt>
      <trkpt lat="50.854427" lon="2.296495">
        <ele>44.888105</ele>
        <time>2025-12-16T02:49:28.418Z</time>
      </trkpt>
      <trkpt lat="50.854276" lon="2.295302">
        <ele>45.434395</ele>
        <time>2025-12-16T02:49:52.685Z</time>
      </trkpt>
      <trkpt lat="50.854222" lon="2.294637">
        <ele>45.474125</ele>
        <time>2025-12-16T02:50:04.029Z</time>
      </trkpt>
      <trkpt lat="50.854246" lon="2.294138">
        <ele>45.503779</ele>
        <time>2025-12-16T02:50:11.803Z</time>
      </trkpt>
      <trkpt lat="50.854450" lon="2.292625">
        <ele>45.869554</ele>
        <time>2025-12-16T02:50:35.902Z</time>
      </trkpt>
      <trkpt lat="50.854461" lon="2.292357">
        <ele>46.007629</ele>
        <time>2025-12-16T02:50:40.478Z</time>
      </trkpt>
      <trkpt lat="50.854440" lon="2.292169">
        <ele>46.105786</ele>
        <time>2025-12-16T02:50:43.834Z</time>
      </trkpt>
      <trkpt lat="50.854300" lon="2.291597">
        <ele>46.421192</ele>
        <time>2025-12-16T02:50:55.493Z</time>
      </trkpt>
      <trkpt lat="50.854095" lon="2.289802">
        <ele>47.638724</ele>
        <time>2025-12-16T02:51:36.839Z</time>
      </trkpt>
      <trkpt lat="50.853897" lon="2.288679">
        <ele>48.739477</ele>
        <time>2025-12-16T02:52:03.216Z</time>
      </trkpt>
      <trkpt lat="50.853878" lon="2.288586">
        <ele>48.831758</ele>
        <time>2025-12-16T02:52:05.321Z</time>
      </trkpt>
      <trkpt lat="50.853840" lon="2.288343">
        <ele>49.068099</ele>
        <time>2025-12-16T02:52:10.562Z</time>
      </trkpt>
      <trkpt lat="50.853800" lon="2.287462">
        <ele>49.747272</ele>
        <time>2025-12-16T02:52:27.798Z</time>
      </trkpt>
      <trkpt lat="50.853801" lon="2.287234">
        <ele>49.785095</ele>
        <time>2025-12-16T02:52:31.791Z</time>
      </trkpt>
      <trkpt lat="50.853832" lon="2.286952">
        <ele>49.832578</ele>
        <time>2025-12-16T02:52:36.547Z</time>
      </trkpt>
      <trkpt lat="50.853806" lon="2.286771">
        <ele>49.863370</ele>
        <time>2025-12-16T02:52:39.472Z</time>
      </trkpt>
      <trkpt lat="50.853481" lon="2.286169">
        <ele>49.994768</ele>
        <time>2025-12-16T02:52:51.271Z</time>
      </trkpt>
      <trkpt lat="50.852819" lon="2.285312">
        <ele>50.425193</ele>
        <time>2025-12-16T02:53:15.374Z</time>
      </trkpt>
      <trkpt lat="50.852808" lon="2.285207">
        <ele>50.554617</ele>
        <time>2025-12-16T02:53:17.648Z</time>
      </trkpt>
      <trkpt lat="50.852850" lon="2.285099">
        <ele>50.708861</ele>
        <time>2025-12-16T02:53:20.400Z</time>
      </trkpt>
      <trkpt lat="50.854057" lon="2.283521">
        <ele>53.559166</ele>
        <time>2025-12-16T02:54:23.012Z</time>
      </trkpt>
      <trkpt lat="50.854158" lon="2.283367">
        <ele>53.213285</ele>
        <time>2025-12-16T02:54:27.204Z</time>
      </trkpt>
      <trkpt lat="50.854184" lon="2.283255">
        <ele>53.027415</ele>
        <time>2025-12-16T02:54:29.302Z</time>
      </trkpt>
      <trkpt lat="50.854016" lon="2.283292">
        <ele>52.608928</ele>
        <time>2025-12-16T02:54:33.536Z</time>
      </trkpt>
      <trkpt lat="50.853835" lon="2.283280">
        <ele>52.161961</ele>
        <time>2025-12-16T02:54:37.623Z</time>
      </trkpt>
      <trkpt lat="50.853462" lon="2.283204">
        <ele>51.234089</ele>
        <time>2025-12-16T02:54:45.289Z</time>
      </trkpt>
      <trkpt lat="50.853216" lon="2.283027">
        <ele>50.567460</ele>
        <time>2025-12-16T02:54:50.380Z</time>
      </trkpt>
      <trkpt lat="50.853063" lon="2.282803">
        <ele>50.053423</ele>
        <time>2025-12-16T02:54:54.133Z</time>
      </trkpt>
      <trkpt lat="50.852623" lon="2.281865">
        <ele>47.070129</ele>
        <time>2025-12-16T02:55:07.325Z</time>
      </trkpt>
      <trkpt lat="50.852137" lon="2.280704">
        <ele>42.326109</ele>
        <time>2025-12-16T02:55:22.952Z</time>
      </trkpt>
      <trkpt lat="50.851967" lon="2.280185">
        <ele>40.334889</ele>
        <time>2025-12-16T02:55:29.579Z</time>
      </trkpt>
      <trkpt lat="50.851799" lon="2.279416">
        <ele>37.500818</ele>
        <time>2025-12-16T02:55:38.911Z</time>
      </trkpt>
      <trkpt lat="50.851721" lon="2.278623">
        <ele>34.679449</ele>
        <time>2025-12-16T02:55:48.008Z</time>
      </trkpt>
      <trkpt lat="50.851677" lon="2.278291">
        <ele>33.486885</ele>
        <time>2025-12-16T02:55:51.838Z</time>
      </trkpt>
      <trkpt lat="50.851617" lon="2.278060">
        <ele>32.608777</ele>
        <time>2025-12-16T02:55:54.631Z</time>
      </trkpt>
      <trkpt lat="50.850902" lon="2.276307">
        <ele>25.341004</ele>
        <time>2025-12-16T02:56:17.761Z</time>
      </trkpt>
      <trkpt lat="50.850817" lon="2.275931">
        <ele>23.959944</ele>
        <time>2025-12-16T02:56:22.249Z</time>
      </trkpt>
      <trkpt lat="50.850804" lon="2.275710">
        <ele>23.192408</ele>
        <time>2025-12-16T02:56:24.755Z</time>
      </trkpt>
      <trkpt lat="50.850821" lon="2.275368">
        <ele>22.006100</ele>
        <time>2025-12-16T02:56:28.661Z</time>
      </trkpt>
      <trkpt lat="50.850865" lon="2.275148">
        <ele>21.208073</ele>
        <time>2025-12-16T02:56:31.302Z</time>
      </trkpt>
      <trkpt lat="50.851082" lon="2.274390">
        <ele>18.860794</ele>
        <time>2025-12-16T02:56:40.946Z</time>
      </trkpt>
      <trkpt lat="50.851225" lon="2.273043">
        <ele>16.045327</ele>
        <time>2025-12-16T02:56:57.001Z</time>
      </trkpt>
      <trkpt lat="50.851226" lon="2.272834">
        <ele>15.614517</ele>
        <time>2025-12-16T02:56:59.596Z</time>
      </trkpt>
      <trkpt lat="50.851190" lon="2.272604">
        <ele>15.126080</ele>
        <time>2025-12-16T02:57:02.604Z</time>
      </trkpt>
      <trkpt lat="50.851137" lon="2.272469">
        <ele>14.798399</ele>
        <time>2025-12-16T02:57:04.695Z</time>
      </trkpt>
      <trkpt lat="50.851010" lon="2.272302">
        <ele>14.259495</ele>
        <time>2025-12-16T02:57:08.241Z</time>
      </trkpt>
      <trkpt lat="50.850977" lon="2.272261">
        <ele>14.122564</ele>
        <time>2025-12-16T02:57:09.148Z</time>
      </trkpt>
      <trkpt lat="50.850695" lon="2.271849">
        <ele>14.064235</ele>
        <time>2025-12-16T02:57:18.408Z</time>
      </trkpt>
      <trkpt lat="50.850392" lon="2.271184">
        <ele>14.612550</ele>
        <time>2025-12-16T02:57:34.327Z</time>
      </trkpt>
      <trkpt lat="50.849857" lon="2.270401">
        <ele>15.383960</ele>
        <time>2025-12-16T02:58:02.129Z</time>
      </trkpt>
      <trkpt lat="50.849652" lon="2.270225">
        <ele>15.630899</ele>
        <time>2025-12-16T02:58:10.567Z</time>
      </trkpt>
      <trkpt lat="50.849309" lon="2.270058">
        <ele>16.095374</ele>
        <time>2025-12-16T02:58:22.925Z</time>
      </trkpt>
      <trkpt lat="50.849173" lon="2.269951">
        <ele>16.296808</ele>
        <time>2025-12-16T02:58:27.973Z</time>
      </trkpt>
      <trkpt lat="50.848994" lon="2.269727">
        <ele>16.599419</ele>
        <time>2025-12-16T02:58:35.406Z</time>
      </trkpt>
      <trkpt lat="50.848407" lon="2.268793">
        <ele>17.703136</ele>
        <time>2025-12-16T02:59:01.680Z</time>
      </trkpt>
      <trkpt lat="50.847555" lon="2.266986">
        <ele>19.409569</ele>
        <time>2025-12-16T02:59:48.589Z</time>
      </trkpt>
      <trkpt lat="50.847207" lon="2.266381">
        <ele>20.013283</ele>
        <time>2025-12-16T03:00:05.162Z</time>
      </trkpt>
      <trkpt lat="50.847043" lon="2.266167">
        <ele>20.228091</ele>
        <time>2025-12-16T03:00:11.817Z</time>
      </trkpt>
      <trkpt lat="50.846831" lon="2.265997">
        <ele>20.410711</ele>
        <time>2025-12-16T03:00:19.136Z</time>
      </trkpt>
      <trkpt lat="50.846553" lon="2.265736">
        <ele>20.659078</ele>
        <time>2025-12-16T03:00:28.958Z</time>
      </trkpt>
      <trkpt lat="50.846380" lon="2.265493">
        <ele>20.836788</ele>
        <time>2025-12-16T03:00:35.785Z</time>
      </trkpt>
      <trkpt lat="50.846205" lon="2.265185">
        <ele>21.037849</ele>
        <time>2025-12-16T03:00:43.391Z</time>
      </trkpt>
      <trkpt lat="50.845990" lon="2.264731">
        <ele>21.313232</ele>
        <time>2025-12-16T03:00:53.830Z</time>
      </trkpt>
      <trkpt lat="50.845803" lon="2.264079">
        <ele>21.771189</ele>
        <time>2025-12-16T03:01:07.605Z</time>
      </trkpt>
      <trkpt lat="50.845593" lon="2.263284">
        <ele>22.592324</ele>
        <time>2025-12-16T03:01:25.329Z</time>
      </trkpt>
      <trkpt lat="50.845339" lon="2.262630">
        <ele>23.323941</ele>
        <time>2025-12-16T03:01:42.157Z</time>
      </trkpt>
      <trkpt lat="50.844939" lon="2.261416">
        <ele>24.696909</ele>
        <time>2025-12-16T03:02:13.125Z</time>
      </trkpt>
      <trkpt lat="50.844831" lon="2.261163">
        <ele>25.041761</ele>
        <time>2025-12-16T03:02:20.062Z</time>
      </trkpt>
      <trkpt lat="50.844541" lon="2.260645">
        <ele>25.823500</ele>
        <time>2025-12-16T03:02:35.793Z</time>
      </trkpt>
      <trkpt lat="50.844387" lon="2.260194">
        <ele>26.402476</ele>
        <time>2025-12-16T03:02:47.253Z</time>
      </trkpt>
      <trkpt lat="50.844045" lon="2.258502">
        <ele>28.509839</ele>
        <time>2025-12-16T03:03:26.024Z</time>
      </trkpt>
      <trkpt lat="50.844010" lon="2.257287">
        <ele>30.032487</ele>
        <time>2025-12-16T03:03:53.984Z</time>
      </trkpt>
      <trkpt lat="50.843944" lon="2.256406">
        <ele>31.139937</ele>
        <time>2025-12-16T03:04:15.050Z</time>
      </trkpt>
      <trkpt lat="50.843873" lon="2.256164">
        <ele>31.463270</ele>
        <time>2025-12-16T03:04:21.250Z</time>
      </trkpt>
      <trkpt lat="50.843488" lon="2.255293">
        <ele>32.751534</ele>
        <time>2025-12-16T03:04:46.499Z</time>
      </trkpt>
      <trkpt lat="50.843332" lon="2.254745">
        <ele>33.479900</ele>
        <time>2025-12-16T03:05:00.196Z</time>
      </trkpt>
      <trkpt lat="50.843227" lon="2.254004">
        <ele>34.400096</ele>
        <time>2025-12-16T03:05:16.458Z</time>
      </trkpt>
      <trkpt lat="50.843063" lon="2.252377">
        <ele>35.708249</ele>
        <time>2025-12-16T03:05:50.262Z</time>
      </trkpt>
      <trkpt lat="50.842991" lon="2.251908">
        <ele>36.081459</ele>
        <time>2025-12-16T03:05:59.643Z</time>
      </trkpt>
      <trkpt lat="50.842827" lon="2.251249">
        <ele>36.629166</ele>
        <time>2025-12-16T03:06:13.989Z</time>
      </trkpt>
      <trkpt lat="50.842604" lon="2.250634">
        <ele>37.404396</ele>
        <time>2025-12-16T03:06:28.975Z</time>
      </trkpt>
      <trkpt lat="50.842284" lon="2.249792">
        <ele>38.523081</ele>
        <time>2025-12-16T03:06:50.402Z</time>
      </trkpt>
      <trkpt lat="50.841772" lon="2.248471">
        <ele>40.463089</ele>
        <time>2025-12-16T03:07:26.681Z</time>
      </trkpt>
      <trkpt lat="50.841624" lon="2.248121">
        <ele>41.184531</ele>
        <time>2025-12-16T03:07:36.834Z</time>
      </trkpt>
      <trkpt lat="50.841088" lon="2.246870">
        <ele>43.773803</ele>
        <time>2025-12-16T03:08:15.576Z</time>
      </trkpt>
      <trkpt lat="50.840956" lon="2.246620">
        <ele>44.331944</ele>
        <time>2025-12-16T03:08:24.034Z</time>
      </trkpt>
      <trkpt lat="50.840839" lon="2.246468">
        <ele>44.742406</ele>
        <time>2025-12-16T03:08:30.287Z</time>
      </trkpt>
      <trkpt lat="50.838768" lon="2.244964">
        <ele>50.876472</ele>
        <time>2025-12-16T03:10:01.718Z</time>
      </trkpt>
      <trkpt lat="50.838344" lon="2.244567">
        <ele>52.014801</ele>
        <time>2025-12-16T03:10:20.516Z</time>
      </trkpt>
      <trkpt lat="50.838226" lon="2.244447">
        <ele>52.338888</ele>
        <time>2025-12-16T03:10:25.738Z</time>
      </trkpt>
      <trkpt lat="50.837823" lon="2.244028">
        <ele>53.453017</ele>
        <time>2025-12-16T03:10:43.278Z</time>
      </trkpt>
      <trkpt lat="50.837069" lon="2.243157">
        <ele>55.256951</ele>
        <time>2025-12-16T03:11:16.280Z</time>
      </trkpt>
      <trkpt lat="50.836345" lon="2.242523">
        <ele>56.752661</ele>
        <time>2025-12-16T03:11:45.182Z</time>
      </trkpt>
      <trkpt lat="50.835965" lon="2.242117">
        <ele>57.577974</ele>
        <time>2025-12-16T03:12:01.483Z</time>
      </trkpt>
      <trkpt lat="50.835556" lon="2.241541">
        <ele>58.557568</ele>
        <time>2025-12-16T03:12:21.067Z</time>
      </trkpt>
      <trkpt lat="50.835002" lon="2.240582">
        <ele>60.026540</ele>
        <time>2025-12-16T03:12:50.160Z</time>
      </trkpt>
      <trkpt lat="50.834817" lon="2.240322">
        <ele>60.467965</ele>
        <time>2025-12-16T03:12:58.837Z</time>
      </trkpt>
      <trkpt lat="50.833191" lon="2.239006">
        <ele>63.308260</ele>
        <time>2025-12-16T03:14:01.261Z</time>
      </trkpt>
      <trkpt lat="50.832885" lon="2.238716">
        <ele>63.782393</ele>
        <time>2025-12-16T03:14:13.026Z</time>
      </trkpt>
      <trkpt lat="50.830993" lon="2.235935">
        <ele>67.010158</ele>
        <time>2025-12-16T03:15:38.011Z</time>
      </trkpt>
      <trkpt lat="50.830741" lon="2.235479">
        <ele>67.452208</ele>
        <time>2025-12-16T03:15:50.570Z</time>
      </trkpt>
      <trkpt lat="50.828897" lon="2.231240">
        <ele>69.254910</ele>
        <time>2025-12-16T03:17:25.723Z</time>
      </trkpt>
      <trkpt lat="50.828674" lon="2.230798">
        <ele>69.398875</ele>
        <time>2025-12-16T03:17:35.465Z</time>
      </trkpt>
      <trkpt lat="50.828559" lon="2.230643">
        <ele>69.459726</ele>
        <time>2025-12-16T03:17:39.602Z</time>
      </trkpt>
      <trkpt lat="50.828472" lon="2.230601">
        <ele>69.495438</ele>
        <time>2025-12-16T03:17:42.108Z</time>
      </trkpt>
      <trkpt lat="50.828446" lon="2.230382">
        <ele>69.538569</ele>
        <time>2025-12-16T03:17:45.985Z</time>
      </trkpt>
      <trkpt lat="50.828278" lon="2.229610">
        <ele>69.696615</ele>
        <time>2025-12-16T03:18:00.126Z</time>
      </trkpt>
      <trkpt lat="50.828014" lon="2.228544">
        <ele>69.918240</ele>
        <time>2025-12-16T03:18:20.662Z</time>
      </trkpt>
      <trkpt lat="50.827879" lon="2.228178">
        <ele>70.000276</ele>
        <time>2025-12-16T03:18:28.271Z</time>
      </trkpt>
      <trkpt lat="50.827402" lon="2.227141">
        <ele>70.091396</ele>
        <time>2025-12-16T03:18:51.312Z</time>
      </trkpt>
      <trkpt lat="50.827303" lon="2.226846">
        <ele>70.106465</ele>
        <time>2025-12-16T03:18:57.153Z</time>
      </trkpt>
      <trkpt lat="50.827241" lon="2.226523">
        <ele>70.121693</ele>
        <time>2025-12-16T03:19:02.912Z</time>
      </trkpt>
      <trkpt lat="50.827230" lon="2.225847">
        <ele>70.152198</ele>
        <time>2025-12-16T03:19:13.983Z</time>
      </trkpt>
      <trkpt lat="50.827329" lon="2.225012">
        <ele>70.029524</ele>
        <time>2025-12-16T03:19:27.834Z</time>
      </trkpt>
      <trkpt lat="50.827343" lon="2.224723">
        <ele>69.928440</ele>
        <time>2025-12-16T03:19:32.602Z</time>
      </trkpt>
      <trkpt lat="50.827303" lon="2.224448">
        <ele>69.830024</ele>
        <time>2025-12-16T03:19:37.283Z</time>
      </trkpt>
      <trkpt lat="50.827147" lon="2.223873">
        <ele>69.611778</ele>
        <time>2025-12-16T03:19:47.638Z</time>
      </trkpt>
      <trkpt lat="50.827085" lon="2.223483">
        <ele>69.471523</ele>
        <time>2025-12-16T03:19:53.920Z</time>
      </trkpt>
      <trkpt lat="50.827087" lon="2.223204">
        <ele>69.374215</ele>
        <time>2025-12-16T03:19:58.143Z</time>
      </trkpt>
      <trkpt lat="50.827149" lon="2.222768">
        <ele>69.218354</ele>
        <time>2025-12-16T03:20:04.696Z</time>
      </trkpt>
      <trkpt lat="50.827164" lon="2.222484">
        <ele>68.897025</ele>
        <time>2025-12-16T03:20:08.702Z</time>
      </trkpt>
      <trkpt lat="50.827067" lon="2.221294">
        <ele>66.932225</ele>
        <time>2025-12-16T03:20:24.408Z</time>
      </trkpt>
      <trkpt lat="50.827104" lon="2.220801">
        <ele>66.119251</ele>
        <time>2025-12-16T03:20:30.446Z</time>
      </trkpt>
      <trkpt lat="50.827154" lon="2.220611">
        <ele>65.782203</ele>
        <time>2025-12-16T03:20:32.945Z</time>
      </trkpt>
      <trkpt lat="50.827222" lon="2.220473">
        <ele>65.495600</ele>
        <time>2025-12-16T03:20:35.117Z</time>
      </trkpt>
      <trkpt lat="50.827267" lon="2.220411">
        <ele>65.340951</ele>
        <time>2025-12-16T03:20:36.288Z</time>
      </trkpt>
      <trkpt lat="50.827700" lon="2.219817">
        <ele>63.302010</ele>
        <time>2025-12-16T03:20:47.622Z</time>
      </trkpt>
      <trkpt lat="50.827925" lon="2.219597">
        <ele>62.041865</ele>
        <time>2025-12-16T03:20:52.759Z</time>
      </trkpt>
      <trkpt lat="50.828282" lon="2.219405">
        <ele>60.245252</ele>
        <time>2025-12-16T03:20:59.848Z</time>
      </trkpt>
      <trkpt lat="50.828485" lon="2.219327">
        <ele>59.249859</ele>
        <time>2025-12-16T03:21:03.702Z</time>
      </trkpt>
      <trkpt lat="50.828555" lon="2.219299">
        <ele>58.905822</ele>
        <time>2025-12-16T03:21:05.020Z</time>
      </trkpt>
      <trkpt lat="50.828756" lon="2.219218">
        <ele>57.917500</ele>
        <time>2025-12-16T03:21:08.836Z</time>
      </trkpt>
      <trkpt lat="50.828883" lon="2.219130">
        <ele>57.256911</ele>
        <time>2025-12-16T03:21:11.332Z</time>
      </trkpt>
      <trkpt lat="50.829342" lon="2.218606">
        <ele>53.367786</ele>
        <time>2025-12-16T03:21:21.018Z</time>
      </trkpt>
      <trkpt lat="50.829683" lon="2.218294">
        <ele>49.875169</ele>
        <time>2025-12-16T03:21:27.520Z</time>
      </trkpt>
      <trkpt lat="50.830141" lon="2.218018">
        <ele>45.529400</ele>
        <time>2025-12-16T03:21:35.548Z</time>
      </trkpt>
      <trkpt lat="50.830848" lon="2.217708">
        <ele>38.983533</ele>
        <time>2025-12-16T03:21:47.560Z</time>
      </trkpt>
      <trkpt lat="50.831014" lon="2.217547">
        <ele>37.185675</ele>
        <time>2025-12-16T03:21:50.751Z</time>
      </trkpt>
      <trkpt lat="50.831084" lon="2.217394">
        <ele>36.083660</ele>
        <time>2025-12-16T03:21:52.714Z</time>
      </trkpt>
      <trkpt lat="50.831118" lon="2.217204">
        <ele>34.931740</ele>
        <time>2025-12-16T03:21:54.773Z</time>
      </trkpt>
      <trkpt lat="50.831137" lon="2.216125">
        <ele>28.635338</ele>
        <time>2025-12-16T03:22:06.050Z</time>
      </trkpt>
      <trkpt lat="50.831205" lon="2.215675">
        <ele>25.936349</ele>
        <time>2025-12-16T03:22:10.864Z</time>
      </trkpt>
      <trkpt lat="50.831260" lon="2.215479">
        <ele>24.685299</ele>
        <time>2025-12-16T03:22:13.087Z</time>
      </trkpt>
      <trkpt lat="50.831345" lon="2.215301">
        <ele>23.383778</ele>
        <time>2025-12-16T03:22:15.406Z</time>
      </trkpt>
      <trkpt lat="50.831594" lon="2.215012">
        <ele>21.188308</ele>
        <time>2025-12-16T03:22:20.489Z</time>
      </trkpt>
      <trkpt lat="50.831865" lon="2.214745">
        <ele>18.918547</ele>
        <time>2025-12-16T03:22:25.802Z</time>
      </trkpt>
      <trkpt lat="50.832172" lon="2.214343">
        <ele>16.085552</ele>
        <time>2025-12-16T03:22:32.579Z</time>
      </trkpt>
      <trkpt lat="50.832346" lon="2.213980">
        <ele>14.038841</ele>
        <time>2025-12-16T03:22:37.564Z</time>
      </trkpt>
      <trkpt lat="50.832637" lon="2.213117">
        <ele>10.274259</ele>
        <time>2025-12-16T03:22:48.627Z</time>
      </trkpt>
      <trkpt lat="50.832655" lon="2.213055">
        <ele>10.171023</ele>
        <time>2025-12-16T03:22:49.421Z</time>
      </trkpt>
      <trkpt lat="50.832849" lon="2.212424">
        <ele>9.109275</ele>
        <time>2025-12-16T03:22:58.037Z</time>
      </trkpt>
      <trkpt lat="50.833014" lon="2.211896">
        <ele>8.218028</ele>
        <time>2025-12-16T03:23:06.126Z</time>
      </trkpt>
      <trkpt lat="50.833123" lon="2.211417">
        <ele>7.447746</ele>
        <time>2025-12-16T03:23:13.269Z</time>
      </trkpt>
      <trkpt lat="50.832532" lon="2.211334">
        <ele>6.154846</ele>
        <time>2025-12-16T03:23:26.819Z</time>
      </trkpt>
      <trkpt lat="50.832276" lon="2.211293">
        <ele>5.844068</ele>
        <time>2025-12-16T03:23:32.920Z</time>
      </trkpt>
      <trkpt lat="50.832132" lon="2.211259">
        <ele>5.668220</ele>
        <time>2025-12-16T03:23:36.509Z</time>
      </trkpt>
      <trkpt lat="50.832047" lon="2.211233">
        <ele>5.563658</ele>
        <time>2025-12-16T03:23:38.684Z</time>
      </trkpt>
      <trkpt lat="50.831713" lon="2.211138">
        <ele>5.153791</ele>
        <time>2025-12-16T03:23:46.961Z</time>
      </trkpt>
      <trkpt lat="50.831599" lon="2.211107">
        <ele>5.014084</ele>
        <time>2025-12-16T03:23:49.623Z</time>
      </trkpt>
      <trkpt lat="50.831479" lon="2.211075">
        <ele>4.867106</ele>
        <time>2025-12-16T03:23:52.345Z</time>
      </trkpt>
      <trkpt lat="50.831307" lon="2.211028">
        <ele>4.656291</ele>
        <time>2025-12-16T03:23:56.146Z</time>
      </trkpt>
      <trkpt lat="50.831186" lon="2.210992">
        <ele>4.507588</ele>
        <time>2025-12-16T03:23:58.798Z</time>
      </trkpt>
      <trkpt lat="50.830934" lon="2.210908">
        <ele>4.196547</ele>
        <time>2025-12-16T03:24:04.234Z</time>
      </trkpt>
      <trkpt lat="50.830707" lon="2.210762">
        <ele>3.898670</ele>
        <time>2025-12-16T03:24:09.338Z</time>
      </trkpt>
      <trkpt lat="50.830539" lon="2.210597">
        <ele>3.657700</ele>
        <time>2025-12-16T03:24:13.531Z</time>
      </trkpt>
      <trkpt lat="50.830419" lon="2.210466">
        <ele>3.480037</ele>
        <time>2025-12-16T03:24:16.682Z</time>
      </trkpt>
      <trkpt lat="50.829897" lon="2.209886">
        <ele>2.702738</ele>
        <time>2025-12-16T03:24:30.993Z</time>
      </trkpt>
      <trkpt lat="50.829824" lon="2.209819">
        <ele>2.599890</ele>
        <time>2025-12-16T03:24:32.979Z</time>
      </trkpt>
      <trkpt lat="50.829877" lon="2.209754">
        <ele>2.518175</ele>
        <time>2025-12-16T03:24:34.556Z</time>
      </trkpt>
      <trkpt lat="50.830116" lon="2.209661">
        <ele>2.218196</ele>
        <time>2025-12-16T03:24:40.480Z</time>
      </trkpt>
      <trkpt lat="50.830451" lon="2.209531">
        <ele>1.880080</ele>
        <time>2025-12-16T03:24:48.912Z</time>
      </trkpt>
      <trkpt lat="50.830663" lon="2.209427">
        <ele>1.790756</ele>
        <time>2025-12-16T03:24:54.496Z</time>
      </trkpt>
      <trkpt lat="50.831049" lon="2.209064">
        <ele>1.610068</ele>
        <time>2025-12-16T03:25:05.888Z</time>
      </trkpt>
      <trkpt lat="50.831154" lon="2.208984">
        <ele>1.563171</ele>
        <time>2025-12-16T03:25:08.741Z</time>
      </trkpt>
      <trkpt lat="50.831337" lon="2.208847">
        <ele>1.481702</ele>
        <time>2025-12-16T03:25:13.608Z</time>
      </trkpt>
      <trkpt lat="50.832281" lon="2.208233">
        <ele>1.296326</ele>
        <time>2025-12-16T03:25:39.418Z</time>
      </trkpt>
      <trkpt lat="50.832386" lon="2.208098">
        <ele>1.339412</ele>
        <time>2025-12-16T03:25:43.143Z</time>
      </trkpt>
      <trkpt lat="50.832636" lon="2.206127">
        <ele>1.743873</ele>
        <time>2025-12-16T03:26:20.660Z</time>
      </trkpt>
      <trkpt lat="50.832681" lon="2.205837">
        <ele>1.785180</ele>
        <time>2025-12-16T03:26:26.342Z</time>
      </trkpt>
      <trkpt lat="50.832729" lon="2.205485">
        <ele>1.817912</ele>
        <time>2025-12-16T03:26:32.767Z</time>
      </trkpt>
      <trkpt lat="50.832797" lon="2.204807">
        <ele>1.880311</ele>
        <time>2025-12-16T03:26:44.425Z</time>
      </trkpt>
      <trkpt lat="50.833050" lon="2.202464">
        <ele>2.168204</ele>
        <time>2025-12-16T03:27:24.684Z</time>
      </trkpt>
      <trkpt lat="50.833170" lon="2.201638">
        <ele>2.326863</ele>
        <time>2025-12-16T03:27:40.316Z</time>
      </trkpt>
      <trkpt lat="50.833168" lon="2.201502">
        <ele>2.352328</ele>
        <time>2025-12-16T03:27:42.839Z</time>
      </trkpt>
      <trkpt lat="50.833142" lon="2.201429">
        <ele>2.368016</ele>
        <time>2025-12-16T03:27:44.413Z</time>
      </trkpt>
      <trkpt lat="50.832939" lon="2.201241">
        <ele>2.437719</ele>
        <time>2025-12-16T03:27:51.628Z</time>
      </trkpt>
      <trkpt lat="50.832398" lon="2.200444">
        <ele>2.551860</ele>
        <time>2025-12-16T03:28:13.087Z</time>
      </trkpt>
      <trkpt lat="50.832198" lon="2.200283">
        <ele>2.545010</ele>
        <time>2025-12-16T03:28:19.077Z</time>
      </trkpt>
      <trkpt lat="50.831954" lon="2.200220">
        <ele>2.537462</ele>
        <time>2025-12-16T03:28:25.717Z</time>
      </trkpt>
      <trkpt lat="50.831418" lon="2.200212">
        <ele>2.521096</ele>
        <time>2025-12-16T03:28:40.091Z</time>
      </trkpt>
      <trkpt lat="50.830926" lon="2.200092">
        <ele>2.511083</ele>
        <time>2025-12-16T03:28:53.587Z</time>
      </trkpt>
      <trkpt lat="50.829896" lon="2.199662">
        <ele>2.678823</ele>
        <time>2025-12-16T03:29:24.470Z</time>
      </trkpt>
      <trkpt lat="50.829169" lon="2.199464">
        <ele>2.789817</ele>
        <time>2025-12-16T03:29:45.792Z</time>
      </trkpt>
      <trkpt lat="50.828962" lon="2.199362">
        <ele>2.788736</ele>
        <time>2025-12-16T03:29:51.765Z</time>
      </trkpt>
      <trkpt lat="50.828620" lon="2.199037">
        <ele>2.786748</ele>
        <time>2025-12-16T03:30:02.700Z</time>
      </trkpt>
      <trkpt lat="50.828066" lon="2.198247">
        <ele>2.783031</ele>
        <time>2025-12-16T03:30:23.070Z</time>
      </trkpt>
      <trkpt lat="50.827970" lon="2.198015">
        <ele>2.782158</ele>
        <time>2025-12-16T03:30:27.898Z</time>
      </trkpt>
      <trkpt lat="50.827942" lon="2.197678">
        <ele>2.781088</ele>
        <time>2025-12-16T03:30:33.847Z</time>
      </trkpt>
      <trkpt lat="50.828124" lon="2.197209">
        <ele>2.822949</ele>
        <time>2025-12-16T03:30:43.276Z</time>
      </trkpt>
      <trkpt lat="50.828288" lon="2.196956">
        <ele>2.851873</ele>
        <time>2025-12-16T03:30:49.853Z</time>
      </trkpt>
      <trkpt lat="50.828327" lon="2.196762">
        <ele>2.868117</ele>
        <time>2025-12-16T03:30:53.546Z</time>
      </trkpt>
      <trkpt lat="50.828353" lon="2.196415">
        <ele>2.895996</ele>
        <time>2025-12-16T03:31:03.956Z</time>
      </trkpt>
      <trkpt lat="50.828373" lon="2.196161">
        <ele>2.916419</ele>
        <time>2025-12-16T03:31:11.475Z</time>
      </trkpt>
      <trkpt lat="50.828392" lon="2.196038">
        <ele>2.926522</ele>
        <time>2025-12-16T03:31:15.176Z</time>
      </trkpt>
      <trkpt lat="50.828473" lon="2.195549">
        <ele>2.966856</ele>
        <time>2025-12-16T03:31:23.981Z</time>
      </trkpt>
      <trkpt lat="50.828425" lon="2.194674">
        <ele>2.927454</ele>
        <time>2025-12-16T03:31:38.007Z</time>
      </trkpt>
      <trkpt lat="50.828371" lon="2.194286">
        <ele>2.838350</ele>
        <time>2025-12-16T03:31:44.176Z</time>
      </trkpt>
      <trkpt lat="50.828364" lon="2.194235">
        <ele>2.826646</ele>
        <time>2025-12-16T03:31:45.002Z</time>
      </trkpt>
      <trkpt lat="50.828242" lon="2.193792">
        <ele>2.718262</ele>
        <time>2025-12-16T03:31:52.444Z</time>
      </trkpt>
      <trkpt lat="50.828133" lon="2.193470">
        <ele>2.636331</ele>
        <time>2025-12-16T03:31:58.063Z</time>
      </trkpt>
      <trkpt lat="50.827791" lon="2.192667">
        <ele>2.419128</ele>
        <time>2025-12-16T03:32:13.278Z</time>
      </trkpt>
      <trkpt lat="50.827758" lon="2.192470">
        <ele>2.373420</ele>
        <time>2025-12-16T03:32:16.575Z</time>
      </trkpt>
      <trkpt lat="50.827744" lon="2.192058">
        <ele>2.407563</ele>
        <time>2025-12-16T03:32:23.546Z</time>
      </trkpt>
      <trkpt lat="50.827717" lon="2.191896">
        <ele>2.423651</ele>
        <time>2025-12-16T03:32:26.455Z</time>
      </trkpt>
      <trkpt lat="50.827258" lon="2.191131">
        <ele>2.524960</ele>
        <time>2025-12-16T03:32:45.268Z</time>
      </trkpt>
      <trkpt lat="50.827156" lon="2.190859">
        <ele>2.555333</ele>
        <time>2025-12-16T03:32:50.927Z</time>
      </trkpt>
      <trkpt lat="50.827122" lon="2.190635">
        <ele>2.577453</ele>
        <time>2025-12-16T03:32:55.000Z</time>
      </trkpt>
      <trkpt lat="50.827262" lon="2.189673">
        <ele>2.662671</ele>
        <time>2025-12-16T03:33:12.030Z</time>
      </trkpt>
      <trkpt lat="50.827593" lon="2.188311">
        <ele>2.756928</ele>
        <time>2025-12-16T03:33:36.695Z</time>
      </trkpt>
      <trkpt lat="50.827654" lon="2.187730">
        <ele>2.794970</ele>
        <time>2025-12-16T03:33:46.878Z</time>
      </trkpt>
      <trkpt lat="50.827647" lon="2.187418">
        <ele>2.815134</ele>
        <time>2025-12-16T03:33:52.319Z</time>
      </trkpt>
      <trkpt lat="50.827412" lon="2.186466">
        <ele>3.103713</ele>
        <time>2025-12-16T03:34:10.181Z</time>
      </trkpt>
      <trkpt lat="50.827060" lon="2.184515">
        <ele>3.769704</ele>
        <time>2025-12-16T03:34:48.624Z</time>
      </trkpt>
      <trkpt lat="50.826965" lon="2.183992">
        <ele>3.875569</ele>
        <time>2025-12-16T03:34:58.947Z</time>
      </trkpt>
      <trkpt lat="50.826896" lon="2.183476">
        <ele>3.978174</ele>
        <time>2025-12-16T03:35:09.175Z</time>
      </trkpt>
      <trkpt lat="50.826832" lon="2.182939">
        <ele>4.084483</ele>
        <time>2025-12-16T03:35:19.477Z</time>
      </trkpt>
      <trkpt lat="50.826744" lon="2.182514">
        <ele>4.171489</ele>
        <time>2025-12-16T03:35:27.664Z</time>
      </trkpt>
      <trkpt lat="50.826708" lon="2.182372">
        <ele>4.201255</ele>
        <time>2025-12-16T03:35:30.428Z</time>
      </trkpt>
      <trkpt lat="50.826447" lon="2.181465">
        <ele>4.231624</ele>
        <time>2025-12-16T03:35:46.365Z</time>
      </trkpt>
      <trkpt lat="50.826097" lon="2.180762">
        <ele>4.029297</ele>
        <time>2025-12-16T03:36:00.582Z</time>
      </trkpt>
      <trkpt lat="50.825977" lon="2.180413">
        <ele>3.939480</ele>
        <time>2025-12-16T03:36:06.396Z</time>
      </trkpt>
      <trkpt lat="50.825964" lon="2.180374">
        <ele>3.929512</ele>
        <time>2025-12-16T03:36:07.062Z</time>
      </trkpt>
      <trkpt lat="50.825779" lon="2.179956">
        <ele>3.814145</ele>
        <time>2025-12-16T03:36:14.709Z</time>
      </trkpt>
      <trkpt lat="50.825650" lon="2.179785">
        <ele>3.753938</ele>
        <time>2025-12-16T03:36:18.871Z</time>
      </trkpt>
      <trkpt lat="50.825537" lon="2.179750">
        <ele>3.712736</ele>
        <time>2025-12-16T03:36:21.840Z</time>
      </trkpt>
      <trkpt lat="50.825260" lon="2.179853">
        <ele>3.965518</ele>
        <time>2025-12-16T03:36:29.416Z</time>
      </trkpt>
      <trkpt lat="50.825168" lon="2.179889">
        <ele>4.116695</ele>
        <time>2025-12-16T03:36:32.054Z</time>
      </trkpt>
      <trkpt lat="50.825121" lon="2.179903">
        <ele>4.192985</ele>
        <time>2025-12-16T03:36:33.412Z</time>
      </trkpt>
      <trkpt lat="50.823913" lon="2.180309">
        <ele>6.162950</ele>
        <time>2025-12-16T03:37:15.215Z</time>
      </trkpt>
      <trkpt lat="50.822102" lon="2.181355">
        <ele>13.088023</ele>
        <time>2025-12-16T03:38:43.023Z</time>
      </trkpt>
      <trkpt lat="50.820696" lon="2.182212">
        <ele>19.293693</ele>
        <time>2025-12-16T03:39:56.623Z</time>
      </trkpt>
      <trkpt lat="50.820534" lon="2.182265">
        <ele>19.978240</ele>
        <time>2025-12-16T03:40:04.057Z</time>
      </trkpt>
      <trkpt lat="50.820409" lon="2.182316">
        <ele>20.512413</ele>
        <time>2025-12-16T03:40:09.743Z</time>
      </trkpt>
      <trkpt lat="50.820052" lon="2.182556">
        <ele>21.623383</ele>
        <time>2025-12-16T03:40:25.997Z</time>
      </trkpt>
      <trkpt lat="50.819474" lon="2.180760">
        <ele>24.645477</ele>
        <time>2025-12-16T03:41:12.985Z</time>
      </trkpt>
      <trkpt lat="50.819293" lon="2.180221">
        <ele>25.417941</ele>
        <time>2025-12-16T03:41:26.851Z</time>
      </trkpt>
      <trkpt lat="50.818903" lon="2.179094">
        <ele>26.518666</ele>
        <time>2025-12-16T03:41:54.954Z</time>
      </trkpt>
      <trkpt lat="50.818700" lon="2.178141">
        <ele>27.380165</ele>
        <time>2025-12-16T03:42:15.148Z</time>
      </trkpt>
      <trkpt lat="50.818565" lon="2.177533">
        <ele>27.814153</ele>
        <time>2025-12-16T03:42:27.360Z</time>
      </trkpt>
      <trkpt lat="50.818438" lon="2.177053">
        <ele>28.061927</ele>
        <time>2025-12-16T03:42:36.894Z</time>
      </trkpt>
      <trkpt lat="50.817718" lon="2.174695">
        <ele>29.223773</ele>
        <time>2025-12-16T03:43:27.142Z</time>
      </trkpt>
      <trkpt lat="50.817573" lon="2.174182">
        <ele>29.411985</ele>
        <time>2025-12-16T03:43:38.704Z</time>
      </trkpt>
      <trkpt lat="50.817092" lon="2.172266">
        <ele>29.188810</ele>
        <time>2025-12-16T03:44:16.364Z</time>
      </trkpt>
      <trkpt lat="50.816721" lon="2.172697">
        <ele>27.679222</ele>
        <time>2025-12-16T03:44:26.401Z</time>
      </trkpt>
      <trkpt lat="50.816145" lon="2.173017">
        <ele>25.676800</ele>
        <time>2025-12-16T03:44:38.102Z</time>
      </trkpt>
      <trkpt lat="50.815374" lon="2.173428">
        <ele>21.680075</ele>
        <time>2025-12-16T03:44:52.349Z</time>
      </trkpt>
      <trkpt lat="50.814633" lon="2.173790">
        <ele>15.970748</ele>
        <time>2025-12-16T03:45:05.316Z</time>
      </trkpt>
      <trkpt lat="50.814536" lon="2.173836">
        <ele>15.225250</ele>
        <time>2025-12-16T03:45:06.989Z</time>
      </trkpt>
      <trkpt lat="50.814004" lon="2.174268">
        <ele>10.829119</ele>
        <time>2025-12-16T03:45:17.072Z</time>
      </trkpt>
      <trkpt lat="50.813737" lon="2.174434">
        <ele>9.936465</ele>
        <time>2025-12-16T03:45:22.089Z</time>
      </trkpt>
      <trkpt lat="50.813464" lon="2.174527">
        <ele>9.067491</ele>
        <time>2025-12-16T03:45:27.104Z</time>
      </trkpt>
      <trkpt lat="50.813156" lon="2.174711">
        <ele>8.043054</ele>
        <time>2025-12-16T03:45:33.346Z</time>
      </trkpt>
      <trkpt lat="50.812583" lon="2.175192">
        <ele>6.024711</ele>
        <time>2025-12-16T03:45:47.679Z</time>
      </trkpt>
      <trkpt lat="50.812274" lon="2.175342">
        <ele>5.297402</ele>
        <time>2025-12-16T03:45:57.020Z</time>
      </trkpt>
      <trkpt lat="50.811374" lon="2.175532">
        <ele>6.088440</ele>
        <time>2025-12-16T03:46:24.733Z</time>
      </trkpt>
      <trkpt lat="50.811171" lon="2.174819">
        <ele>6.518951</ele>
        <time>2025-12-16T03:46:41.392Z</time>
      </trkpt>
      <trkpt lat="50.811119" lon="2.174516">
        <ele>6.691795</ele>
        <time>2025-12-16T03:46:47.982Z</time>
      </trkpt>
      <trkpt lat="50.811033" lon="2.174504">
        <ele>6.767010</ele>
        <time>2025-12-16T03:46:50.878Z</time>
      </trkpt>
      <trkpt lat="50.810451" lon="2.174785">
        <ele>7.561576</ele>
        <time>2025-12-16T03:47:10.555Z</time>
      </trkpt>
      <trkpt lat="50.809237" lon="2.175407">
        <ele>9.286280</ele>
        <time>2025-12-16T03:47:52.566Z</time>
      </trkpt>
      <trkpt lat="50.808802" lon="2.175609">
        <ele>10.072540</ele>
        <time>2025-12-16T03:48:08.341Z</time>
      </trkpt>
      <trkpt lat="50.808196" lon="2.175780">
        <ele>11.140143</ele>
        <time>2025-12-16T03:48:30.684Z</time>
      </trkpt>
      <trkpt lat="50.807895" lon="2.175844">
        <ele>11.666878</ele>
        <time>2025-12-16T03:48:42.033Z</time>
      </trkpt>
      <trkpt lat="50.806761" lon="2.175937">
        <ele>12.880612</ele>
        <time>2025-12-16T03:49:20.281Z</time>
      </trkpt>
      <trkpt lat="50.806443" lon="2.175877">
        <ele>13.114861</ele>
        <time>2025-12-16T03:49:29.696Z</time>
      </trkpt>
      <trkpt lat="50.806128" lon="2.175773">
        <ele>13.350229</ele>
        <time>2025-12-16T03:49:38.822Z</time>
      </trkpt>
      <trkpt lat="50.805898" lon="2.175577">
        <ele>13.541307</ele>
        <time>2025-12-16T03:49:45.991Z</time>
      </trkpt>
      <trkpt lat="50.804833" lon="2.173665">
        <ele>12.639387</ele>
        <time>2025-12-16T03:50:25.810Z</time>
      </trkpt>
      <trkpt lat="50.804680" lon="2.173569">
        <ele>12.526687</ele>
        <time>2025-12-16T03:50:29.458Z</time>
      </trkpt>
      <trkpt lat="50.804586" lon="2.173629">
        <ele>12.457282</ele>
        <time>2025-12-16T03:50:31.672Z</time>
      </trkpt>
      <trkpt lat="50.804126" lon="2.174466">
        <ele>11.358179</ele>
        <time>2025-12-16T03:50:46.648Z</time>
      </trkpt>
      <trkpt lat="50.803661" lon="2.175063">
        <ele>10.366223</ele>
        <time>2025-12-16T03:50:59.486Z</time>
      </trkpt>
      <trkpt lat="50.803584" lon="2.175139">
        <ele>10.215888</ele>
        <time>2025-12-16T03:51:01.485Z</time>
      </trkpt>
      <trkpt lat="50.803517" lon="2.175146">
        <ele>10.104657</ele>
        <time>2025-12-16T03:51:02.941Z</time>
      </trkpt>
      <trkpt lat="50.803448" lon="2.175059">
        <ele>9.958505</ele>
        <time>2025-12-16T03:51:04.879Z</time>
      </trkpt>
      <trkpt lat="50.803202" lon="2.174248">
        <ele>8.982150</ele>
        <time>2025-12-16T03:51:17.372Z</time>
      </trkpt>
      <trkpt lat="50.803092" lon="2.174078">
        <ele>8.706326</ele>
        <time>2025-12-16T03:51:20.732Z</time>
      </trkpt>
      <trkpt lat="50.802921" lon="2.173936">
        <ele>8.359904</ele>
        <time>2025-12-16T03:51:24.903Z</time>
      </trkpt>
      <trkpt lat="50.802179" lon="2.173812">
        <ele>7.021477</ele>
        <time>2025-12-16T03:51:40.703Z</time>
      </trkpt>
      <trkpt lat="50.801702" lon="2.174019">
        <ele>6.156246</ele>
        <time>2025-12-16T03:51:51.033Z</time>
      </trkpt>
      <trkpt lat="50.799076" lon="2.175912">
        <ele>3.176099</ele>
        <time>2025-12-16T03:52:57.058Z</time>
      </trkpt>
      <trkpt lat="50.798886" lon="2.176140">
        <ele>3.012317</ele>
        <time>2025-12-16T03:53:03.296Z</time>
      </trkpt>
      <trkpt lat="50.798719" lon="2.176505">
        <ele>2.816716</ele>
        <time>2025-12-16T03:53:10.782Z</time>
      </trkpt>
      <trkpt lat="50.798577" lon="2.176679">
        <ele>2.705553</ele>
        <time>2025-12-16T03:53:15.579Z</time>
      </trkpt>
      <trkpt lat="50.798426" lon="2.176737">
        <ele>2.657776</ele>
        <time>2025-12-16T03:53:19.720Z</time>
      </trkpt>
      <trkpt lat="50.798228" lon="2.176689">
        <ele>2.596185</ele>
        <time>2025-12-16T03:53:25.060Z</time>
      </trkpt>
      <trkpt lat="50.798218" lon="2.176864">
        <ele>2.562036</ele>
        <time>2025-12-16T03:53:28.002Z</time>
      </trkpt>
      <trkpt lat="50.798362" lon="2.177240">
        <ele>2.476596</ele>
        <time>2025-12-16T03:53:35.290Z</time>
      </trkpt>
      <trkpt lat="50.798343" lon="2.177307">
        <ele>2.462325</ele>
        <time>2025-12-16T03:53:36.495Z</time>
      </trkpt>
      <trkpt lat="50.798152" lon="2.177537">
        <ele>2.388522</ele>
        <time>2025-12-16T03:53:42.672Z</time>
      </trkpt>
      <trkpt lat="50.797820" lon="2.177906">
        <ele>2.263768</ele>
        <time>2025-12-16T03:53:53.104Z</time>
      </trkpt>
      <trkpt lat="50.797964" lon="2.178485">
        <ele>2.130978</ele>
        <time>2025-12-16T03:54:02.946Z</time>
      </trkpt>
      <trkpt lat="50.797982" lon="2.178587">
        <ele>2.097903</ele>
        <time>2025-12-16T03:54:04.642Z</time>
      </trkpt>
      <trkpt lat="50.797993" lon="2.178700">
        <ele>2.062196</ele>
        <time>2025-12-16T03:54:07.666Z</time>
      </trkpt>
      <trkpt lat="50.797967" lon="2.179041">
        <ele>1.954924</ele>
        <time>2025-12-16T03:54:16.742Z</time>
      </trkpt>
      <trkpt lat="50.798044" lon="2.179378">
        <ele>1.843008</ele>
        <time>2025-12-16T03:54:26.248Z</time>
      </trkpt>
      <trkpt lat="50.798076" lon="2.179515">
        <ele>1.797392</ele>
        <time>2025-12-16T03:54:30.143Z</time>
      </trkpt>
      <trkpt lat="50.798205" lon="2.180041">
        <ele>1.621182</ele>
        <time>2025-12-16T03:54:45.287Z</time>
      </trkpt>
      <trkpt lat="50.798924" lon="2.181578">
        <ele>1.211892</ele>
        <time>2025-12-16T03:55:37.181Z</time>
      </trkpt>
      <trkpt lat="50.799151" lon="2.182134">
        <ele>1.160762</ele>
        <time>2025-12-16T03:55:55.379Z</time>
      </trkpt>
      <trkpt lat="50.799298" lon="2.182493">
        <ele>1.127720</ele>
        <time>2025-12-16T03:56:07.257Z</time>
      </trkpt>
      <trkpt lat="50.799637" lon="2.183099">
        <ele>1.065207</ele>
        <time>2025-12-16T03:56:30.078Z</time>
      </trkpt>
      <trkpt lat="50.799900" lon="2.183477">
        <ele>1.101510</ele>
        <time>2025-12-16T03:56:46.100Z</time>
      </trkpt>
      <trkpt lat="50.800161" lon="2.183697">
        <ele>1.155318</ele>
        <time>2025-12-16T03:56:59.553Z</time>
      </trkpt>
      <trkpt lat="50.801193" lon="2.184491">
        <ele>1.364115</ele>
        <time>2025-12-16T03:57:51.953Z</time>
      </trkpt>
      <trkpt lat="50.801692" lon="2.184773">
        <ele>1.355382</ele>
        <time>2025-12-16T03:58:15.769Z</time>
      </trkpt>
      <trkpt lat="50.802126" lon="2.185132">
        <ele>1.326553</ele>
        <time>2025-12-16T03:58:37.366Z</time>
      </trkpt>
      <trkpt lat="50.802550" lon="2.185615">
        <ele>1.295799</ele>
        <time>2025-12-16T03:59:00.176Z</time>
      </trkpt>
      <trkpt lat="50.802723" lon="2.185892">
        <ele>1.281311</ele>
        <time>2025-12-16T03:59:10.888Z</time>
      </trkpt>
      <trkpt lat="50.802774" lon="2.186039">
        <ele>1.275324</ele>
        <time>2025-12-16T03:59:15.517Z</time>
      </trkpt>
      <trkpt lat="50.802901" lon="2.186511">
        <ele>1.292345</ele>
        <time>2025-12-16T03:59:29.689Z</time>
      </trkpt>
      <trkpt lat="50.802977" lon="2.186698">
        <ele>1.299721</ele>
        <time>2025-12-16T03:59:35.888Z</time>
      </trkpt>
      <trkpt lat="50.803302" lon="2.187331">
        <ele>1.326780</ele>
        <time>2025-12-16T03:59:58.762Z</time>
      </trkpt>
      <trkpt lat="50.804270" lon="2.188925">
        <ele>1.365193</ele>
        <time>2025-12-16T04:01:02.323Z</time>
      </trkpt>
      <trkpt lat="50.804575" lon="2.189314">
        <ele>1.362200</ele>
        <time>2025-12-16T04:01:19.814Z</time>
      </trkpt>
      <trkpt lat="50.805140" lon="2.189936">
        <ele>1.356940</ele>
        <time>2025-12-16T04:01:49.846Z</time>
      </trkpt>
      <trkpt lat="50.805310" lon="2.190230">
        <ele>1.359088</ele>
        <time>2025-12-16T04:02:00.781Z</time>
      </trkpt>
      <trkpt lat="50.805471" lon="2.190576">
        <ele>1.366708</ele>
        <time>2025-12-16T04:02:12.602Z</time>
      </trkpt>
      <trkpt lat="50.805665" lon="2.191180">
        <ele>1.378725</ele>
        <time>2025-12-16T04:02:31.515Z</time>
      </trkpt>
      <trkpt lat="50.805804" lon="2.191645">
        <ele>1.387848</ele>
        <time>2025-12-16T04:02:46.057Z</time>
      </trkpt>
      <trkpt lat="50.806094" lon="2.192343">
        <ele>1.402663</ele>
        <time>2025-12-16T04:03:09.954Z</time>
      </trkpt>
      <trkpt lat="50.806268" lon="2.192777">
        <ele>1.429799</ele>
        <time>2025-12-16T04:03:25.013Z</time>
      </trkpt>
      <trkpt lat="50.806661" lon="2.193760">
        <ele>1.519107</ele>
        <time>2025-12-16T04:03:59.050Z</time>
      </trkpt>
      <trkpt lat="50.806859" lon="2.194139">
        <ele>1.556861</ele>
        <time>2025-12-16T04:04:13.003Z</time>
      </trkpt>
      <trkpt lat="50.807050" lon="2.194599">
        <ele>1.599120</ele>
        <time>2025-12-16T04:04:28.321Z</time>
      </trkpt>
      <trkpt lat="50.807479" lon="2.196208">
        <ele>1.451890</ele>
        <time>2025-12-16T04:05:15.868Z</time>
      </trkpt>
      <trkpt lat="50.807530" lon="2.196413">
        <ele>1.424872</ele>
        <time>2025-12-16T04:05:21.810Z</time>
      </trkpt>
      <trkpt lat="50.807615" lon="2.196730">
        <ele>1.382643</ele>
        <time>2025-12-16T04:05:31.204Z</time>
      </trkpt>
      <trkpt lat="50.807729" lon="2.197156">
        <ele>1.325910</ele>
        <time>2025-12-16T04:05:43.930Z</time>
      </trkpt>
      <trkpt lat="50.808107" lon="2.198153">
        <ele>1.305892</ele>
        <time>2025-12-16T04:06:16.804Z</time>
      </trkpt>
      <trkpt lat="50.808277" lon="2.198482">
        <ele>1.322821</ele>
        <time>2025-12-16T04:06:29.017Z</time>
      </trkpt>
      <trkpt lat="50.808779" lon="2.199245">
        <ele>1.366695</ele>
        <time>2025-12-16T04:07:00.426Z</time>
      </trkpt>
      <trkpt lat="50.809069" lon="2.199920">
        <ele>1.407957</ele>
        <time>2025-12-16T04:07:23.296Z</time>
      </trkpt>
      <trkpt lat="50.809274" lon="2.200317">
        <ele>1.446267</ele>
        <time>2025-12-16T04:07:37.731Z</time>
      </trkpt>
      <trkpt lat="50.809339" lon="2.200484">
        <ele>1.460923</ele>
        <time>2025-12-16T04:07:43.290Z</time>
      </trkpt>
      <trkpt lat="50.809406" lon="2.200718">
        <ele>1.480120</ele>
        <time>2025-12-16T04:07:50.523Z</time>
      </trkpt>
      <trkpt lat="50.809301" lon="2.203080">
        <ele>1.693202</ele>
        <time>2025-12-16T04:08:33.430Z</time>
      </trkpt>
      <trkpt lat="50.809341" lon="2.203335">
        <ele>1.725705</ele>
        <time>2025-12-16T04:08:38.323Z</time>
      </trkpt>
      <trkpt lat="50.809697" lon="2.204839">
        <ele>1.924390</ele>
        <time>2025-12-16T04:09:07.814Z</time>
      </trkpt>
      <trkpt lat="50.809920" lon="2.205855">
        <ele>1.946508</ele>
        <time>2025-12-16T04:09:26.906Z</time>
      </trkpt>
      <trkpt lat="50.810142" lon="2.207108">
        <ele>1.934787</ele>
        <time>2025-12-16T04:09:49.491Z</time>
      </trkpt>
      <trkpt lat="50.810156" lon="2.207242">
        <ele>1.933564</ele>
        <time>2025-12-16T04:09:51.852Z</time>
      </trkpt>
      <trkpt lat="50.810226" lon="2.209195">
        <ele>1.846862</ele>
        <time>2025-12-16T04:10:25.318Z</time>
      </trkpt>
      <trkpt lat="50.810403" lon="2.209999">
        <ele>1.796656</ele>
        <time>2025-12-16T04:10:39.861Z</time>
      </trkpt>
      <trkpt lat="50.810554" lon="2.210886">
        <ele>1.804638</ele>
        <time>2025-12-16T04:10:55.979Z</time>
      </trkpt>
      <trkpt lat="50.810737" lon="2.213200">
        <ele>2.140296</ele>
        <time>2025-12-16T04:11:39.246Z</time>
      </trkpt>
      <trkpt lat="50.810770" lon="2.213536">
        <ele>2.174040</ele>
        <time>2025-12-16T04:11:45.415Z</time>
      </trkpt>
      <trkpt lat="50.810822" lon="2.213827">
        <ele>2.182733</ele>
        <time>2025-12-16T04:11:50.619Z</time>
      </trkpt>
      <trkpt lat="50.811010" lon="2.214236">
        <ele>2.197270</ele>
        <time>2025-12-16T04:11:59.245Z</time>
      </trkpt>
      <trkpt lat="50.811243" lon="2.214695">
        <ele>2.214193</ele>
        <time>2025-12-16T04:12:09.175Z</time>
      </trkpt>
      <trkpt lat="50.811444" lon="2.214960">
        <ele>2.226093</ele>
        <time>2025-12-16T04:12:16.058Z</time>
      </trkpt>
      <trkpt lat="50.811713" lon="2.215177">
        <ele>2.239827</ele>
        <time>2025-12-16T04:12:23.947Z</time>
      </trkpt>
      <trkpt lat="50.812648" lon="2.215733">
        <ele>2.298895</ele>
        <time>2025-12-16T04:12:51.108Z</time>
      </trkpt>
      <trkpt lat="50.812843" lon="2.215835">
        <ele>2.312073</ele>
        <time>2025-12-16T04:12:56.893Z</time>
      </trkpt>
      <trkpt lat="50.813091" lon="2.215786">
        <ele>2.328110</ele>
        <time>2025-12-16T04:13:03.827Z</time>
      </trkpt>
      <trkpt lat="50.813162" lon="2.215804">
        <ele>2.332724</ele>
        <time>2025-12-16T04:13:05.826Z</time>
      </trkpt>
      <trkpt lat="50.813232" lon="2.215904">
        <ele>2.338775</ele>
        <time>2025-12-16T04:13:08.377Z</time>
      </trkpt>
      <trkpt lat="50.813307" lon="2.216137">
        <ele>2.349378</ele>
        <time>2025-12-16T04:13:12.825Z</time>
      </trkpt>
      <trkpt lat="50.813360" lon="2.216274">
        <ele>2.355891</ele>
        <time>2025-12-16T04:13:15.554Z</time>
      </trkpt>
      <trkpt lat="50.813805" lon="2.216903">
        <ele>2.319608</ele>
        <time>2025-12-16T04:13:30.839Z</time>
      </trkpt>
      <trkpt lat="50.813911" lon="2.216995">
        <ele>2.305696</ele>
        <time>2025-12-16T04:13:33.855Z</time>
      </trkpt>
      <trkpt lat="50.814118" lon="2.217063">
        <ele>2.281367</ele>
        <time>2025-12-16T04:13:39.200Z</time>
      </trkpt>
      <trkpt lat="50.814161" lon="2.217121">
        <ele>2.274866</ele>
        <time>2025-12-16T04:13:40.618Z</time>
      </trkpt>
      <trkpt lat="50.814212" lon="2.217382">
        <ele>2.255002</ele>
        <time>2025-12-16T04:13:44.998Z</time>
      </trkpt>
      <trkpt lat="50.814182" lon="2.217611">
        <ele>2.237998</ele>
        <time>2025-12-16T04:13:48.837Z</time>
      </trkpt>
      <trkpt lat="50.814217" lon="2.217793">
        <ele>2.224165</ele>
        <time>2025-12-16T04:13:51.973Z</time>
      </trkpt>
      <trkpt lat="50.814277" lon="2.217795">
        <ele>2.217259</ele>
        <time>2025-12-16T04:13:53.587Z</time>
      </trkpt>
      <trkpt lat="50.814476" lon="2.217687">
        <ele>2.193050</ele>
        <time>2025-12-16T04:13:59.150Z</time>
      </trkpt>
      <trkpt lat="50.814508" lon="2.217652">
        <ele>2.188574</ele>
        <time>2025-12-16T04:14:00.193Z</time>
      </trkpt>
      <trkpt lat="50.814512" lon="2.217596">
        <ele>2.184476</ele>
        <time>2025-12-16T04:14:01.162Z</time>
      </trkpt>
      <trkpt lat="50.814267" lon="2.217665">
        <ele>2.166865</ele>
        <time>2025-12-16T04:14:07.896Z</time>
      </trkpt>
      <trkpt lat="50.813899" lon="2.217752">
        <ele>2.225327</ele>
        <time>2025-12-16T04:14:18.247Z</time>
      </trkpt>
      <trkpt lat="50.812716" lon="2.217974">
        <ele>2.412504</ele>
        <time>2025-12-16T04:14:51.905Z</time>
      </trkpt>
      <trkpt lat="50.812329" lon="2.218148">
        <ele>2.332138</ele>
        <time>2025-12-16T04:15:02.231Z</time>
      </trkpt>
      <trkpt lat="50.812039" lon="2.218400">
        <ele>2.155246</ele>
        <time>2025-12-16T04:15:10.587Z</time>
      </trkpt>
      <trkpt lat="50.811771" lon="2.218739">
        <ele>1.971806</ele>
        <time>2025-12-16T04:15:18.882Z</time>
      </trkpt>
      <trkpt lat="50.811570" lon="2.219077">
        <ele>1.814995</ele>
        <time>2025-12-16T04:15:25.724Z</time>
      </trkpt>
      <trkpt lat="50.811347" lon="2.219599">
        <ele>1.602114</ele>
        <time>2025-12-16T04:15:35.133Z</time>
      </trkpt>
      <trkpt lat="50.811145" lon="2.220047">
        <ele>1.443080</ele>
        <time>2025-12-16T04:15:43.626Z</time>
      </trkpt>
      <trkpt lat="50.810914" lon="2.220421">
        <ele>1.339263</ele>
        <time>2025-12-16T04:15:51.886Z</time>
      </trkpt>
      <trkpt lat="50.810253" lon="2.221284">
        <ele>1.070064</ele>
        <time>2025-12-16T04:16:13.574Z</time>
      </trkpt>
      <trkpt lat="50.809715" lon="2.222067">
        <ele>0.899882</ele>
        <time>2025-12-16T04:16:33.053Z</time>
      </trkpt>
      <trkpt lat="50.809217" lon="2.222904">
        <ele>0.850331</ele>
        <time>2025-12-16T04:16:52.260Z</time>
      </trkpt>
      <trkpt lat="50.808641" lon="2.224013">
        <ele>0.787370</ele>
        <time>2025-12-16T04:17:16.000Z</time>
      </trkpt>
      <trkpt lat="50.807322" lon="2.222590">
        <ele>0.655827</ele>
        <time>2025-12-16T04:17:57.437Z</time>
      </trkpt>
      <trkpt lat="50.807299" lon="2.222565">
        <ele>0.653528</ele>
        <time>2025-12-16T04:17:58.214Z</time>
      </trkpt>
      <trkpt lat="50.806971" lon="2.222194">
        <ele>0.728387</ele>
        <time>2025-12-16T04:18:09.458Z</time>
      </trkpt>
      <trkpt lat="50.806637" lon="2.221714">
        <ele>0.850880</ele>
        <time>2025-12-16T04:18:22.447Z</time>
      </trkpt>
      <trkpt lat="50.806563" lon="2.221606">
        <ele>0.878211</ele>
        <time>2025-12-16T04:18:25.403Z</time>
      </trkpt>
      <trkpt lat="50.805494" lon="2.219968">
        <ele>1.197626</ele>
        <time>2025-12-16T04:19:06.801Z</time>
      </trkpt>
      <trkpt lat="50.805435" lon="2.220073">
        <ele>1.207995</ele>
        <time>2025-12-16T04:19:09.238Z</time>
      </trkpt>
      <trkpt lat="50.805327" lon="2.220279">
        <ele>1.227747</ele>
        <time>2025-12-16T04:19:13.930Z</time>
      </trkpt>
      <trkpt lat="50.805173" lon="2.220457">
        <ele>1.250017</ele>
        <time>2025-12-16T04:19:19.190Z</time>
      </trkpt>
      <trkpt lat="50.805084" lon="2.220497">
        <ele>1.260821</ele>
        <time>2025-12-16T04:19:21.743Z</time>
      </trkpt>
      <trkpt lat="50.804896" lon="2.220519">
        <ele>1.282834</ele>
        <time>2025-12-16T04:19:26.953Z</time>
      </trkpt>
      <trkpt lat="50.804547" lon="2.220479">
        <ele>1.323695</ele>
        <time>2025-12-16T04:19:36.683Z</time>
      </trkpt>
      <trkpt lat="50.804380" lon="2.220524">
        <ele>1.343477</ele>
        <time>2025-12-16T04:19:41.503Z</time>
      </trkpt>
      <trkpt lat="50.803738" lon="2.221100">
        <ele>1.475150</ele>
        <time>2025-12-16T04:20:03.620Z</time>
      </trkpt>
      <trkpt lat="50.803575" lon="2.221212">
        <ele>1.506900</ele>
        <time>2025-12-16T04:20:08.801Z</time>
      </trkpt>
      <trkpt lat="50.803423" lon="2.221303">
        <ele>1.535936</ele>
        <time>2025-12-16T04:20:16.219Z</time>
      </trkpt>
      <trkpt lat="50.803061" lon="2.221469">
        <ele>1.603274</ele>
        <time>2025-12-16T04:20:33.234Z</time>
      </trkpt>
      <trkpt lat="50.802813" lon="2.221647">
        <ele>1.651928</ele>
        <time>2025-12-16T04:20:45.454Z</time>
      </trkpt>
      <trkpt lat="50.802754" lon="2.221693">
        <ele>1.663679</ele>
        <time>2025-12-16T04:20:48.351Z</time>
      </trkpt>
      <trkpt lat="50.802425" lon="2.221902">
        <ele>1.588399</ele>
        <time>2025-12-16T04:21:03.933Z</time>
      </trkpt>
      <trkpt lat="50.801836" lon="2.222356">
        <ele>1.443060</ele>
        <time>2025-12-16T04:21:31.959Z</time>
      </trkpt>
      <trkpt lat="50.801355" lon="2.222636">
        <ele>1.329365</ele>
        <time>2025-12-16T04:21:54.066Z</time>
      </trkpt>
      <trkpt lat="50.800975" lon="2.222757">
        <ele>1.265304</ele>
        <time>2025-12-16T04:22:10.877Z</time>
      </trkpt>
      <trkpt lat="50.800007" lon="2.222956">
        <ele>1.256984</ele>
        <time>2025-12-16T04:22:54.399Z</time>
      </trkpt>
      <trkpt lat="50.799284" lon="2.223187">
        <ele>1.246758</ele>
        <time>2025-12-16T04:23:27.516Z</time>
      </trkpt>
      <trkpt lat="50.798765" lon="2.223396">
        <ele>1.124170</ele>
        <time>2025-12-16T04:23:51.132Z</time>
      </trkpt>
      <trkpt lat="50.798707" lon="2.223426">
        <ele>1.110203</ele>
        <time>2025-12-16T04:23:53.828Z</time>
      </trkpt>
      <trkpt lat="50.798539" lon="2.223512">
        <ele>1.069784</ele>
        <time>2025-12-16T04:24:01.464Z</time>
      </trkpt>
      <trkpt lat="50.798252" lon="2.223574">
        <ele>1.003480</ele>
        <time>2025-12-16T04:24:13.825Z</time>
      </trkpt>
      <trkpt lat="50.797676" lon="2.223874">
        <ele>0.864671</ele>
        <time>2025-12-16T04:24:39.496Z</time>
      </trkpt>
      <trkpt lat="50.797333" lon="2.224214">
        <ele>0.878356</ele>
        <time>2025-12-16T04:24:57.040Z</time>
      </trkpt>
      <trkpt lat="50.797190" lon="2.224455">
        <ele>0.906304</ele>
        <time>2025-12-16T04:25:06.422Z</time>
      </trkpt>
      <trkpt lat="50.797165" lon="2.224408">
        <ele>0.911497</ele>
        <time>2025-12-16T04:25:09.123Z</time>
      </trkpt>
      <trkpt lat="50.796990" lon="2.224111">
        <ele>0.945827</ele>
        <time>2025-12-16T04:25:12.691Z</time>
      </trkpt>
      <trkpt lat="50.796976" lon="2.224088">
        <ele>0.948526</ele>
        <time>2025-12-16T04:25:14.065Z</time>
      </trkpt>
      <trkpt lat="50.797026" lon="2.224021">
        <ele>0.957291</ele>
        <time>2025-12-16T04:25:15.926Z</time>
      </trkpt>
      <trkpt lat="50.796976" lon="2.224088">
        <ele>0.966056</ele>
        <time>2025-12-16T04:25:17.767Z</time>
      </trkpt>
      <trkpt lat="50.796504" lon="2.224709">
        <ele>1.048171</ele>
        <time>2025-12-16T04:25:35.769Z</time>
      </trkpt>
      <trkpt lat="50.796409" lon="2.224749">
        <ele>1.061321</ele>
        <time>2025-12-16T04:25:38.726Z</time>
      </trkpt>
      <trkpt lat="50.796302" lon="2.224747">
        <ele>1.075634</ele>
        <time>2025-12-16T04:25:42.006Z</time>
      </trkpt>
      <trkpt lat="50.796197" lon="2.224750">
        <ele>1.099339</ele>
        <time>2025-12-16T04:25:46.960Z</time>
      </trkpt>
      <trkpt lat="50.795837" lon="2.224972">
        <ele>1.201168</ele>
        <time>2025-12-16T04:26:05.202Z</time>
      </trkpt>
      <trkpt lat="50.795152" lon="2.225197">
        <ele>1.385548</ele>
        <time>2025-12-16T04:26:36.955Z</time>
      </trkpt>
      <trkpt lat="50.794651" lon="2.225173">
        <ele>1.517645</ele>
        <time>2025-12-16T04:26:59.615Z</time>
      </trkpt>
      <trkpt lat="50.794127" lon="2.225300">
        <ele>1.611748</ele>
        <time>2025-12-16T04:27:23.710Z</time>
      </trkpt>
      <trkpt lat="50.793253" lon="2.225352">
        <ele>1.740779</ele>
        <time>2025-12-16T04:28:03.352Z</time>
      </trkpt>
      <trkpt lat="50.793002" lon="2.225409">
        <ele>1.778189</ele>
        <time>2025-12-16T04:28:14.842Z</time>
      </trkpt>
      <trkpt lat="50.792835" lon="2.225397">
        <ele>1.802851</ele>
        <time>2025-12-16T04:28:22.335Z</time>
      </trkpt>
      <trkpt lat="50.792015" lon="2.225189">
        <ele>1.811455</ele>
        <time>2025-12-16T04:28:59.034Z</time>
      </trkpt>
      <trkpt lat="50.791508" lon="2.225111">
        <ele>1.806044</ele>
        <time>2025-12-16T04:29:21.496Z</time>
      </trkpt>
      <trkpt lat="50.791276" lon="2.225190">
        <ele>1.803523</ele>
        <time>2025-12-16T04:29:32.063Z</time>
      </trkpt>
      <trkpt lat="50.790540" lon="2.225636">
        <ele>1.786670</ele>
        <time>2025-12-16T04:30:07.264Z</time>
      </trkpt>
      <trkpt lat="50.790363" lon="2.225798">
        <ele>1.780699</ele>
        <time>2025-12-16T04:30:16.437Z</time>
      </trkpt>
      <trkpt lat="50.790128" lon="2.226074">
        <ele>1.772152</ele>
        <time>2025-12-16T04:30:29.501Z</time>
      </trkpt>
      <trkpt lat="50.789968" lon="2.226199">
        <ele>1.766942</ele>
        <time>2025-12-16T04:30:37.385Z</time>
      </trkpt>
      <trkpt lat="50.789671" lon="2.226237">
        <ele>1.758241</ele>
        <time>2025-12-16T04:30:50.556Z</time>
      </trkpt>
      <trkpt lat="50.789432" lon="2.226177">
        <ele>1.751175</ele>
        <time>2025-12-16T04:31:01.177Z</time>
      </trkpt>
      <trkpt lat="50.789281" lon="2.226093">
        <ele>1.748540</ele>
        <time>2025-12-16T04:31:08.161Z</time>
      </trkpt>
      <trkpt lat="50.789186" lon="2.225965">
        <ele>1.752483</ele>
        <time>2025-12-16T04:31:13.646Z</time>
      </trkpt>
      <trkpt lat="50.789096" lon="2.225753">
        <ele>1.757585</ele>
        <time>2025-12-16T04:31:20.723Z</time>
      </trkpt>
      <trkpt lat="50.788862" lon="2.224988">
        <ele>1.774563</ele>
        <time>2025-12-16T04:31:44.546Z</time>
      </trkpt>
      <trkpt lat="50.788709" lon="2.223817">
        <ele>1.798451</ele>
        <time>2025-12-16T04:32:18.527Z</time>
      </trkpt>
      <trkpt lat="50.788708" lon="2.223633">
        <ele>1.802127</ele>
        <time>2025-12-16T04:32:23.778Z</time>
      </trkpt>
      <trkpt lat="50.788778" lon="2.223010">
        <ele>1.810980</ele>
        <time>2025-12-16T04:32:41.877Z</time>
      </trkpt>
      <trkpt lat="50.788889" lon="2.222555">
        <ele>1.817190</ele>
        <time>2025-12-16T04:32:55.834Z</time>
      </trkpt>
      <trkpt lat="50.788924" lon="2.222278">
        <ele>1.820787</ele>
        <time>2025-12-16T04:33:03.877Z</time>
      </trkpt>
      <trkpt lat="50.788940" lon="2.221340">
        <ele>1.832736</ele>
        <time>2025-12-16T04:33:30.318Z</time>
      </trkpt>
      <trkpt lat="50.788914" lon="2.221057">
        <ele>1.836378</ele>
        <time>2025-12-16T04:33:38.282Z</time>
      </trkpt>
      <trkpt lat="50.788859" lon="2.220846">
        <ele>1.839284</ele>
        <time>2025-12-16T04:33:44.581Z</time>
      </trkpt>
      <trkpt lat="50.788622" lon="2.220277">
        <ele>1.794801</ele>
        <time>2025-12-16T04:34:03.385Z</time>
      </trkpt>
      <trkpt lat="50.788312" lon="2.219834">
        <ele>1.742853</ele>
        <time>2025-12-16T04:34:21.590Z</time>
      </trkpt>
      <trkpt lat="50.788136" lon="2.219466">
        <ele>1.706579</ele>
        <time>2025-12-16T04:34:34.311Z</time>
      </trkpt>
      <trkpt lat="50.787951" lon="2.219196">
        <ele>1.675280</ele>
        <time>2025-12-16T04:34:45.330Z</time>
      </trkpt>
      <trkpt lat="50.787750" lon="2.218970">
        <ele>1.644616</ele>
        <time>2025-12-16T04:34:56.212Z</time>
      </trkpt>
      <trkpt lat="50.786959" lon="2.217693">
        <ele>1.557734</ele>
        <time>2025-12-16T04:35:46.220Z</time>
      </trkpt>
      <trkpt lat="50.786345" lon="2.216975">
        <ele>1.507944</ele>
        <time>2025-12-16T04:36:19.779Z</time>
      </trkpt>
      <trkpt lat="50.785375" lon="2.215537">
        <ele>1.575827</ele>
        <time>2025-12-16T04:37:18.533Z</time>
      </trkpt>
      <trkpt lat="50.785179" lon="2.215187">
        <ele>1.594573</ele>
        <time>2025-12-16T04:37:32.017Z</time>
      </trkpt>
      <trkpt lat="50.785128" lon="2.215213">
        <ele>1.597972</ele>
        <time>2025-12-16T04:37:33.663Z</time>
      </trkpt>
      <trkpt lat="50.784978" lon="2.215285">
        <ele>1.607913</ele>
        <time>2025-12-16T04:37:38.097Z</time>
      </trkpt>
      <trkpt lat="50.784813" lon="2.215233">
        <ele>1.639913</ele>
        <time>2025-12-16T04:37:42.877Z</time>
      </trkpt>
      <trkpt lat="50.784718" lon="2.214861">
        <ele>1.726038</ele>
        <time>2025-12-16T04:37:50.160Z</time>
      </trkpt>
      <trkpt lat="50.784431" lon="2.214510">
        <ele>1.849217</ele>
        <time>2025-12-16T04:38:00.776Z</time>
      </trkpt>
      <trkpt lat="50.784133" lon="2.213881">
        <ele>2.017948</ele>
        <time>2025-12-16T04:38:15.161Z</time>
      </trkpt>
      <trkpt lat="50.784091" lon="2.213830">
        <ele>2.035926</ele>
        <time>2025-12-16T04:38:16.642Z</time>
      </trkpt>
      <trkpt lat="50.784027" lon="2.213824">
        <ele>2.057695</ele>
        <time>2025-12-16T04:38:18.416Z</time>
      </trkpt>
      <trkpt lat="50.783694" lon="2.214071">
        <ele>2.182576</ele>
        <time>2025-12-16T04:38:28.656Z</time>
      </trkpt>
      <trkpt lat="50.783621" lon="2.214058">
        <ele>2.207518</ele>
        <time>2025-12-16T04:38:30.681Z</time>
      </trkpt>
      <trkpt lat="50.782872" lon="2.213439">
        <ele>2.288561</ele>
        <time>2025-12-16T04:38:53.513Z</time>
      </trkpt>
      <trkpt lat="50.782555" lon="2.213085">
        <ele>2.319870</ele>
        <time>2025-12-16T04:39:03.738Z</time>
      </trkpt>
      <trkpt lat="50.781975" lon="2.212581">
        <ele>2.393930</ele>
        <time>2025-12-16T04:39:21.458Z</time>
      </trkpt>
      <trkpt lat="50.781241" lon="2.211835">
        <ele>2.851364</ele>
        <time>2025-12-16T04:39:46.132Z</time>
      </trkpt>
      <trkpt lat="50.780282" lon="2.211182">
        <ele>3.449196</ele>
        <time>2025-12-16T04:40:17.840Z</time>
      </trkpt>
      <trkpt lat="50.779800" lon="2.212156">
        <ele>4.098873</ele>
        <time>2025-12-16T04:40:42.488Z</time>
      </trkpt>
      <trkpt lat="50.779380" lon="2.212824">
        <ele>4.593703</ele>
        <time>2025-12-16T04:41:00.967Z</time>
      </trkpt>
      <trkpt lat="50.777577" lon="2.215268">
        <ele>6.084037</ele>
        <time>2025-12-16T04:42:10.390Z</time>
      </trkpt>
      <trkpt lat="50.777353" lon="2.215553">
        <ele>6.322146</ele>
        <time>2025-12-16T04:42:18.837Z</time>
      </trkpt>
      <trkpt lat="50.777244" lon="2.215623">
        <ele>6.419582</ele>
        <time>2025-12-16T04:42:22.308Z</time>
      </trkpt>
      <trkpt lat="50.777175" lon="2.215596">
        <ele>6.478453</ele>
        <time>2025-12-16T04:42:24.429Z</time>
      </trkpt>
      <trkpt lat="50.777130" lon="2.215526">
        <ele>6.530731</ele>
        <time>2025-12-16T04:42:26.374Z</time>
      </trkpt>
      <trkpt lat="50.776508" lon="2.214266">
        <ele>7.338486</ele>
        <time>2025-12-16T04:42:58.524Z</time>
      </trkpt>
      <trkpt lat="50.776414" lon="2.214040">
        <ele>7.409439</ele>
        <time>2025-12-16T04:43:04.007Z</time>
      </trkpt>
      <trkpt lat="50.776351" lon="2.213794">
        <ele>7.479055</ele>
        <time>2025-12-16T04:43:09.431Z</time>
      </trkpt>
      <trkpt lat="50.776221" lon="2.213156">
        <ele>7.654873</ele>
        <time>2025-12-16T04:43:22.462Z</time>
      </trkpt>
      <trkpt lat="50.776162" lon="2.213045">
        <ele>7.692907</ele>
        <time>2025-12-16T04:43:25.172Z</time>
      </trkpt>
      <trkpt lat="50.775967" lon="2.212823">
        <ele>7.792573</ele>
        <time>2025-12-16T04:43:32.094Z</time>
      </trkpt>
      <trkpt lat="50.774155" lon="2.210832">
        <ele>7.572569</ele>
        <time>2025-12-16T04:44:27.503Z</time>
      </trkpt>
      <trkpt lat="50.774043" lon="2.210737">
        <ele>7.533601</ele>
        <time>2025-12-16T04:44:30.721Z</time>
      </trkpt>
      <trkpt lat="50.773936" lon="2.210697">
        <ele>7.506150</ele>
        <time>2025-12-16T04:44:33.519Z</time>
      </trkpt>
      <trkpt lat="50.773857" lon="2.210716">
        <ele>7.523087</ele>
        <time>2025-12-16T04:44:35.573Z</time>
      </trkpt>
      <trkpt lat="50.773812" lon="2.210767">
        <ele>7.534821</ele>
        <time>2025-12-16T04:44:37.015Z</time>
      </trkpt>
      <trkpt lat="50.773161" lon="2.211838">
        <ele>7.733934</ele>
        <time>2025-12-16T04:45:02.759Z</time>
      </trkpt>
      <trkpt lat="50.772837" lon="2.212397">
        <ele>7.835570</ele>
        <time>2025-12-16T04:45:16.342Z</time>
      </trkpt>
      <trkpt lat="50.772594" lon="2.212879">
        <ele>7.992925</ele>
        <time>2025-12-16T04:45:27.801Z</time>
      </trkpt>
      <trkpt lat="50.772413" lon="2.213536">
        <ele>8.304059</ele>
        <time>2025-12-16T04:45:41.644Z</time>
      </trkpt>
      <trkpt lat="50.772250" lon="2.213966">
        <ele>8.521717</ele>
        <time>2025-12-16T04:45:51.289Z</time>
      </trkpt>
      <trkpt lat="50.771552" lon="2.215514">
        <ele>9.197507</ele>
        <time>2025-12-16T04:46:27.854Z</time>
      </trkpt>
      <trkpt lat="50.771108" lon="2.216515">
        <ele>9.379216</ele>
        <time>2025-12-16T04:46:49.728Z</time>
      </trkpt>
      <trkpt lat="50.770550" lon="2.217966">
        <ele>9.574380</ele>
        <time>2025-12-16T04:47:17.346Z</time>
      </trkpt>
      <trkpt lat="50.770395" lon="2.218522">
        <ele>9.606815</ele>
        <time>2025-12-16T04:47:27.088Z</time>
      </trkpt>
      <trkpt lat="50.770152" lon="2.219604">
        <ele>9.668107</ele>
        <time>2025-12-16T04:47:46.717Z</time>
      </trkpt>
      <trkpt lat="50.770020" lon="2.220024">
        <ele>9.693142</ele>
        <time>2025-12-16T04:47:55.462Z</time>
      </trkpt>
      <trkpt lat="50.769804" lon="2.220476">
        <ele>9.858974</ele>
        <time>2025-12-16T04:48:06.410Z</time>
      </trkpt>
      <trkpt lat="50.769280" lon="2.221331">
        <ele>10.217039</ele>
        <time>2025-12-16T04:48:29.531Z</time>
      </trkpt>
      <trkpt lat="50.769346" lon="2.221529">
        <ele>10.284352</ele>
        <time>2025-12-16T04:48:33.730Z</time>
      </trkpt>
      <trkpt lat="50.769411" lon="2.221862">
        <ele>10.389162</ele>
        <time>2025-12-16T04:48:40.073Z</time>
      </trkpt>
      <trkpt lat="50.769171" lon="2.222447">
        <ele>10.460573</ele>
        <time>2025-12-16T04:48:51.964Z</time>
      </trkpt>
      <trkpt lat="50.768985" lon="2.222813">
        <ele>10.206747</ele>
        <time>2025-12-16T04:48:59.346Z</time>
      </trkpt>
      <trkpt lat="50.768671" lon="2.223263">
        <ele>9.844499</ele>
        <time>2025-12-16T04:49:09.376Z</time>
      </trkpt>
      <trkpt lat="50.768349" lon="2.223724">
        <ele>9.473189</ele>
        <time>2025-12-16T04:49:19.302Z</time>
      </trkpt>
      <trkpt lat="50.768287" lon="2.223899">
        <ele>9.364748</ele>
        <time>2025-12-16T04:49:22.155Z</time>
      </trkpt>
      <trkpt lat="50.768207" lon="2.224357">
        <ele>9.107875</ele>
        <time>2025-12-16T04:49:28.901Z</time>
      </trkpt>
      <trkpt lat="50.768113" lon="2.224567">
        <ele>8.965641</ele>
        <time>2025-12-16T04:49:32.517Z</time>
      </trkpt>
      <trkpt lat="50.767995" lon="2.224702">
        <ele>8.832068</ele>
        <time>2025-12-16T04:49:35.747Z</time>
      </trkpt>
      <trkpt lat="50.767325" lon="2.225285">
        <ele>8.130723</ele>
        <time>2025-12-16T04:49:52.931Z</time>
      </trkpt>
      <trkpt lat="50.767072" lon="2.225472">
        <ele>7.874602</ele>
        <time>2025-12-16T04:49:59.427Z</time>
      </trkpt>
      <trkpt lat="50.766845" lon="2.225766">
        <ele>7.605498</ele>
        <time>2025-12-16T04:50:06.493Z</time>
      </trkpt>
      <trkpt lat="50.766574" lon="2.226065">
        <ele>7.360714</ele>
        <time>2025-12-16T04:50:14.895Z</time>
      </trkpt>
      <trkpt lat="50.765957" lon="2.226583">
        <ele>7.341839</ele>
        <time>2025-12-16T04:50:34.041Z</time>
      </trkpt>
      <trkpt lat="50.765735" lon="2.226754">
        <ele>7.335166</ele>
        <time>2025-12-16T04:50:41.316Z</time>
      </trkpt>
      <trkpt lat="50.764069" lon="2.228089">
        <ele>6.537209</ele>
        <time>2025-12-16T04:51:30.089Z</time>
      </trkpt>
      <trkpt lat="50.763237" lon="2.228759">
        <ele>5.753038</ele>
        <time>2025-12-16T04:51:50.332Z</time>
      </trkpt>
      <trkpt lat="50.763122" lon="2.228815">
        <ele>5.603452</ele>
        <time>2025-12-16T04:51:52.862Z</time>
      </trkpt>
      <trkpt lat="50.762812" lon="2.230546">
        <ele>4.188850</ele>
        <time>2025-12-16T04:52:18.345Z</time>
      </trkpt>
      <trkpt lat="50.762797" lon="2.230608">
        <ele>4.136654</ele>
        <time>2025-12-16T04:52:19.401Z</time>
      </trkpt>
      <trkpt lat="50.762519" lon="2.231510">
        <ele>3.680338</ele>
        <time>2025-12-16T04:52:35.401Z</time>
      </trkpt>
      <trkpt lat="50.762429" lon="2.232058">
        <ele>3.574072</ele>
        <time>2025-12-16T04:52:44.379Z</time>
      </trkpt>
      <trkpt lat="50.762321" lon="2.233194">
        <ele>3.358458</ele>
        <time>2025-12-16T04:53:02.949Z</time>
      </trkpt>
      <trkpt lat="50.762281" lon="2.233306">
        <ele>3.334317</ele>
        <time>2025-12-16T04:53:04.969Z</time>
      </trkpt>
      <trkpt lat="50.762172" lon="2.233487">
        <ele>3.287411</ele>
        <time>2025-12-16T04:53:09.042Z</time>
      </trkpt>
      <trkpt lat="50.762030" lon="2.233634">
        <ele>3.278119</ele>
        <time>2025-12-16T04:53:13.740Z</time>
      </trkpt>
      <trkpt lat="50.761283" lon="2.234012">
        <ele>3.734013</ele>
        <time>2025-12-16T04:53:36.853Z</time>
      </trkpt>
      <trkpt lat="50.760422" lon="2.234866">
        <ele>4.323310</ele>
        <time>2025-12-16T04:54:07.697Z</time>
      </trkpt>
      <trkpt lat="50.760055" lon="2.235235">
        <ele>4.562718</ele>
        <time>2025-12-16T04:54:21.129Z</time>
      </trkpt>
      <trkpt lat="50.759078" lon="2.236363">
        <ele>5.228652</ele>
        <time>2025-12-16T04:54:56.876Z</time>
      </trkpt>
      <trkpt lat="50.758656" lon="2.236851">
        <ele>5.187279</ele>
        <time>2025-12-16T04:55:10.850Z</time>
      </trkpt>
      <trkpt lat="50.758173" lon="2.237209">
        <ele>5.060706</ele>
        <time>2025-12-16T04:55:24.504Z</time>
      </trkpt>
      <trkpt lat="50.757833" lon="2.237478">
        <ele>4.970495</ele>
        <time>2025-12-16T04:55:34.038Z</time>
      </trkpt>
      <trkpt lat="50.756601" lon="2.238384">
        <ele>3.900933</ele>
        <time>2025-12-16T04:56:07.425Z</time>
      </trkpt>
      <trkpt lat="50.756481" lon="2.238526">
        <ele>3.739765</ele>
        <time>2025-12-16T04:56:10.698Z</time>
      </trkpt>
      <trkpt lat="50.756773" lon="2.239177">
        <ele>3.196966</ele>
        <time>2025-12-16T04:56:21.564Z</time>
      </trkpt>
      <trkpt lat="50.756990" lon="2.239670">
        <ele>2.757788</ele>
        <time>2025-12-16T04:56:29.943Z</time>
      </trkpt>
      <trkpt lat="50.757090" lon="2.239864">
        <ele>2.549567</ele>
        <time>2025-12-16T04:56:33.386Z</time>
      </trkpt>
      <trkpt lat="50.757227" lon="2.239997">
        <ele>2.338105</ele>
        <time>2025-12-16T04:56:36.814Z</time>
      </trkpt>
      <trkpt lat="50.757420" lon="2.240119">
        <ele>2.064711</ele>
        <time>2025-12-16T04:56:41.248Z</time>
      </trkpt>
      <trkpt lat="50.757508" lon="2.240181">
        <ele>1.937991</ele>
        <time>2025-12-16T04:56:43.275Z</time>
      </trkpt>
      <trkpt lat="50.757575" lon="2.240247">
        <ele>1.834157</ele>
        <time>2025-12-16T04:56:44.995Z</time>
      </trkpt>
      <trkpt lat="50.757883" lon="2.240748">
        <ele>1.252882</ele>
        <time>2025-12-16T04:56:54.626Z</time>
      </trkpt>
      <trkpt lat="50.758130" lon="2.240912">
        <ele>0.900513</ele>
        <time>2025-12-16T04:57:01.027Z</time>
      </trkpt>
      <trkpt lat="50.758349" lon="2.241258">
        <ele>0.553185</ele>
        <time>2025-12-16T04:57:09.043Z</time>
      </trkpt>
      <trkpt lat="50.758642" lon="2.241555">
        <ele>0.505880</ele>
        <time>2025-12-16T04:57:17.566Z</time>
      </trkpt>
      <trkpt lat="50.758982" lon="2.242185">
        <ele>0.434683</ele>
        <time>2025-12-16T04:57:30.597Z</time>
      </trkpt>
      <trkpt lat="50.759189" lon="2.242513">
        <ele>0.394850</ele>
        <time>2025-12-16T04:57:38.462Z</time>
      </trkpt>
      <trkpt lat="50.759473" lon="2.242751">
        <ele>0.351163</ele>
        <time>2025-12-16T04:57:47.559Z</time>
      </trkpt>
      <trkpt lat="50.759830" lon="2.242909">
        <ele>0.333317</ele>
        <time>2025-12-16T04:57:58.176Z</time>
      </trkpt>
      <trkpt lat="50.760306" lon="2.243143">
        <ele>0.413928</ele>
        <time>2025-12-16T04:58:12.041Z</time>
      </trkpt>
      <trkpt lat="50.760913" lon="2.243543">
        <ele>0.520273</ele>
        <time>2025-12-16T04:58:30.274Z</time>
      </trkpt>
      <trkpt lat="50.761060" lon="2.243669">
        <ele>0.547314</ele>
        <time>2025-12-16T04:58:34.815Z</time>
      </trkpt>
      <trkpt lat="50.761139" lon="2.243801">
        <ele>0.565902</ele>
        <time>2025-12-16T04:58:37.878Z</time>
      </trkpt>
      <trkpt lat="50.761206" lon="2.244026">
        <ele>0.591340</ele>
        <time>2025-12-16T04:58:42.005Z</time>
      </trkpt>
      <trkpt lat="50.761261" lon="2.244257">
        <ele>0.632624</ele>
        <time>2025-12-16T04:58:46.081Z</time>
      </trkpt>
      <trkpt lat="50.761237" lon="2.244365">
        <ele>0.662942</ele>
        <time>2025-12-16T04:58:47.982Z</time>
      </trkpt>
      <trkpt lat="50.760939" lon="2.244493">
        <ele>0.792240</ele>
        <time>2025-12-16T04:58:56.205Z</time>
      </trkpt>
      <trkpt lat="50.760788" lon="2.244557">
        <ele>0.857698</ele>
        <time>2025-12-16T04:59:00.437Z</time>
      </trkpt>
      <trkpt lat="50.760607" lon="2.244694">
        <ele>0.941723</ele>
        <time>2025-12-16T04:59:05.973Z</time>
      </trkpt>
      <trkpt lat="50.760400" lon="2.244906">
        <ele>1.044994</ele>
        <time>2025-12-16T04:59:13.040Z</time>
      </trkpt>
      <trkpt lat="50.759625" lon="2.245945">
        <ele>1.545742</ele>
        <time>2025-12-16T05:00:01.688Z</time>
      </trkpt>
      <trkpt lat="50.759562" lon="2.245989">
        <ele>1.594160</ele>
        <time>2025-12-16T05:00:05.126Z</time>
      </trkpt>
      <trkpt lat="50.759322" lon="2.246104">
        <ele>1.770456</ele>
        <time>2025-12-16T05:00:17.662Z</time>
      </trkpt>
      <trkpt lat="50.759259" lon="2.246097">
        <ele>1.814853</ele>
        <time>2025-12-16T05:00:20.846Z</time>
      </trkpt>
      <trkpt lat="50.759090" lon="2.246184">
        <ele>1.939799</ele>
        <time>2025-12-16T05:00:29.649Z</time>
      </trkpt>
      <trkpt lat="50.758980" lon="2.246283">
        <ele>2.028781</ele>
        <time>2025-12-16T05:00:35.879Z</time>
      </trkpt>
      <trkpt lat="50.758947" lon="2.246300">
        <ele>2.053180</ele>
        <time>2025-12-16T05:00:37.613Z</time>
      </trkpt>
      <trkpt lat="50.758362" lon="2.246597">
        <ele>2.485115</ele>
        <time>2025-12-16T05:01:06.838Z</time>
      </trkpt>
      <trkpt lat="50.758225" lon="2.246613">
        <ele>2.581686</ele>
        <time>2025-12-16T05:01:13.066Z</time>
      </trkpt>
      <trkpt lat="50.757984" lon="2.246509">
        <ele>2.695146</ele>
        <time>2025-12-16T05:01:24.307Z</time>
      </trkpt>
      <trkpt lat="50.757922" lon="2.246722">
        <ele>2.750787</ele>
        <time>2025-12-16T05:01:30.965Z</time>
      </trkpt>
      <trkpt lat="50.757901" lon="2.246948">
        <ele>2.804994</ele>
        <time>2025-12-16T05:01:37.375Z</time>
      </trkpt>
      <trkpt lat="50.757884" lon="2.247057">
        <ele>2.831635</ele>
        <time>2025-12-16T05:01:39.546Z</time>
      </trkpt>
      <trkpt lat="50.757551" lon="2.247433">
        <ele>2.985148</ele>
        <time>2025-12-16T05:01:52.358Z</time>
      </trkpt>
      <trkpt lat="50.757321" lon="2.247377">
        <ele>3.072446</ele>
        <time>2025-12-16T05:01:59.664Z</time>
      </trkpt>
      <trkpt lat="50.757172" lon="2.247224">
        <ele>3.139098</ele>
        <time>2025-12-16T05:02:05.259Z</time>
      </trkpt>
      <trkpt lat="50.757095" lon="2.247184">
        <ele>3.169503</ele>
        <time>2025-12-16T05:02:07.771Z</time>
      </trkpt>
      <trkpt lat="50.757004" lon="2.247211">
        <ele>3.204236</ele>
        <time>2025-12-16T05:02:10.576Z</time>
      </trkpt>
      <trkpt lat="50.756791" lon="2.247399">
        <ele>3.295751</ele>
        <time>2025-12-16T05:02:18.409Z</time>
      </trkpt>
      <trkpt lat="50.756682" lon="2.247540">
        <ele>3.387487</ele>
        <time>2025-12-16T05:02:23.004Z</time>
      </trkpt>
      <trkpt lat="50.756610" lon="2.247710">
        <ele>3.473933</ele>
        <time>2025-12-16T05:02:27.303Z</time>
      </trkpt>
      <trkpt lat="50.756422" lon="2.248005">
        <ele>3.650873</ele>
        <time>2025-12-16T05:02:36.297Z</time>
      </trkpt>
      <trkpt lat="50.756211" lon="2.248346">
        <ele>3.852431</ele>
        <time>2025-12-16T05:02:46.823Z</time>
      </trkpt>
      <trkpt lat="50.756056" lon="2.248540">
        <ele>3.984488</ele>
        <time>2025-12-16T05:02:53.799Z</time>
      </trkpt>
      <trkpt lat="50.755812" lon="2.248674">
        <ele>4.157023</ele>
        <time>2025-12-16T05:03:02.291Z</time>
      </trkpt>
      <trkpt lat="50.755609" lon="2.248830">
        <ele>4.307791</ele>
        <time>2025-12-16T05:03:09.193Z</time>
      </trkpt>
      <trkpt lat="50.755476" lon="2.249184">
        <ele>4.481770</ele>
        <time>2025-12-16T05:03:17.084Z</time>
      </trkpt>
      <trkpt lat="50.755254" lon="2.249455">
        <ele>4.786855</ele>
        <time>2025-12-16T05:03:25.866Z</time>
      </trkpt>
      <trkpt lat="50.755166" lon="2.249503">
        <ele>4.892359</ele>
        <time>2025-12-16T05:03:28.920Z</time>
      </trkpt>
      <trkpt lat="50.755152" lon="2.249225">
        <ele>5.092312</ele>
        <time>2025-12-16T05:03:34.301Z</time>
      </trkpt>
      <trkpt lat="50.755138" lon="2.248956">
        <ele>5.285833</ele>
        <time>2025-12-16T05:03:39.674Z</time>
      </trkpt>
      <trkpt lat="50.755090" lon="2.248552">
        <ele>5.580560</ele>
        <time>2025-12-16T05:03:48.281Z</time>
      </trkpt>
      <trkpt lat="50.755080" lon="2.248320">
        <ele>5.747287</ele>
        <time>2025-12-16T05:03:53.229Z</time>
      </trkpt>
      <trkpt lat="50.755118" lon="2.248173">
        <ele>5.861143</ele>
        <time>2025-12-16T05:03:56.491Z</time>
      </trkpt>
      <trkpt lat="50.755080" lon="2.248026">
        <ele>5.974999</ele>
        <time>2025-12-16T05:03:59.765Z</time>
      </trkpt>
      <trkpt lat="50.755015" lon="2.247969">
        <ele>6.059243</ele>
        <time>2025-12-16T05:04:02.255Z</time>
      </trkpt>
      <trkpt lat="50.754954" lon="2.247969">
        <ele>6.128376</ele>
        <time>2025-12-16T05:04:04.177Z</time>
      </trkpt>
      <trkpt lat="50.754899" lon="2.248014">
        <ele>6.198565</ele>
        <time>2025-12-16T05:04:06.149Z</time>
      </trkpt>
      <trkpt lat="50.754863" lon="2.248094">
        <ele>6.268955</ele>
        <time>2025-12-16T05:04:08.194Z</time>
      </trkpt>
      <trkpt lat="50.754767" lon="2.248151">
        <ele>6.385177</ele>
        <time>2025-12-16T05:04:11.452Z</time>
      </trkpt>
      <trkpt lat="50.754512" lon="2.248190">
        <ele>6.786468</ele>
        <time>2025-12-16T05:04:20.472Z</time>
      </trkpt>
      <trkpt lat="50.754420" lon="2.248200">
        <ele>6.975668</ele>
        <time>2025-12-16T05:04:24.012Z</time>
      </trkpt>
      <trkpt lat="50.754278" lon="2.248216">
        <ele>7.267745</ele>
        <time>2025-12-16T05:04:29.309Z</time>
      </trkpt>
      <trkpt lat="50.753982" lon="2.248288">
        <ele>7.882188</ele>
        <time>2025-12-16T05:04:40.438Z</time>
      </trkpt>
      <trkpt lat="50.753571" lon="2.248360">
        <ele>8.730589</ele>
        <time>2025-12-16T05:04:55.622Z</time>
      </trkpt>
      <trkpt lat="50.753527" lon="2.248369">
        <ele>8.821615</ele>
        <time>2025-12-16T05:04:57.327Z</time>
      </trkpt>
      <trkpt lat="50.753492" lon="2.248377">
        <ele>8.894171</ele>
        <time>2025-12-16T05:04:58.667Z</time>
      </trkpt>
      <trkpt lat="50.753215" lon="2.248451">
        <ele>9.470544</ele>
        <time>2025-12-16T05:05:08.577Z</time>
      </trkpt>
      <trkpt lat="50.753136" lon="2.248476">
        <ele>9.635842</ele>
        <time>2025-12-16T05:05:11.274Z</time>
      </trkpt>
      <trkpt lat="50.752356" lon="2.248802">
        <ele>11.751156</ele>
        <time>2025-12-16T05:05:42.380Z</time>
      </trkpt>
      <trkpt lat="50.752305" lon="2.248824">
        <ele>11.906585</ele>
        <time>2025-12-16T05:05:44.592Z</time>
      </trkpt>
      <trkpt lat="50.751974" lon="2.248987">
        <ele>12.925898</ele>
        <time>2025-12-16T05:05:59.040Z</time>
      </trkpt>
      <trkpt lat="50.751806" lon="2.249038">
        <ele>13.428863</ele>
        <time>2025-12-16T05:06:06.376Z</time>
      </trkpt>
      <trkpt lat="50.751730" lon="2.249071">
        <ele>13.660589</ele>
        <time>2025-12-16T05:06:09.766Z</time>
      </trkpt>
      <trkpt lat="50.751649" lon="2.249103">
        <ele>13.906063</ele>
        <time>2025-12-16T05:06:13.261Z</time>
      </trkpt>
      <trkpt lat="50.751588" lon="2.249140">
        <ele>14.098162</ele>
        <time>2025-12-16T05:06:16.033Z</time>
      </trkpt>
      <trkpt lat="50.750784" lon="2.249496">
        <ele>16.268003</ele>
        <time>2025-12-16T05:06:51.103Z</time>
      </trkpt>
      <trkpt lat="50.750633" lon="2.249531">
        <ele>16.593265</ele>
        <time>2025-12-16T05:06:57.392Z</time>
      </trkpt>
      <trkpt lat="50.750527" lon="2.249568">
        <ele>16.824621</ele>
        <time>2025-12-16T05:07:01.699Z</time>
      </trkpt>
      <trkpt lat="50.750355" lon="2.249642">
        <ele>17.204535</ele>
        <time>2025-12-16T05:07:08.624Z</time>
      </trkpt>
      <trkpt lat="50.750156" lon="2.249724">
        <ele>17.642830</ele>
        <time>2025-12-16T05:07:16.469Z</time>
      </trkpt>
      <trkpt lat="50.749977" lon="2.249820">
        <ele>18.045689</ele>
        <time>2025-12-16T05:07:23.502Z</time>
      </trkpt>
      <trkpt lat="50.749487" lon="2.249949">
        <ele>19.104391</ele>
        <time>2025-12-16T05:07:39.330Z</time>
      </trkpt>
      <trkpt lat="50.748761" lon="2.250128">
        <ele>19.845104</ele>
        <time>2025-12-16T05:08:01.980Z</time>
      </trkpt>
      <trkpt lat="50.748615" lon="2.250119">
        <ele>19.961810</ele>
        <time>2025-12-16T05:08:06.712Z</time>
      </trkpt>
      <trkpt lat="50.748515" lon="2.250082">
        <ele>20.043845</ele>
        <time>2025-12-16T05:08:10.197Z</time>
      </trkpt>
      <trkpt lat="50.748472" lon="2.250024">
        <ele>20.088999</ele>
        <time>2025-12-16T05:08:12.113Z</time>
      </trkpt>
      <trkpt lat="50.748416" lon="2.250026">
        <ele>20.133741</ele>
        <time>2025-12-16T05:08:14.002Z</time>
      </trkpt>
      <trkpt lat="50.748376" lon="2.250085">
        <ele>20.177443</ele>
        <time>2025-12-16T05:08:15.996Z</time>
      </trkpt>
      <trkpt lat="50.748368" lon="2.250159">
        <ele>20.215384</ele>
        <time>2025-12-16T05:08:17.603Z</time>
      </trkpt>
      <trkpt lat="50.748389" lon="2.250226">
        <ele>20.253173</ele>
        <time>2025-12-16T05:08:19.136Z</time>
      </trkpt>
      <trkpt lat="50.748440" lon="2.250265">
        <ele>20.298427</ele>
        <time>2025-12-16T05:08:21.111Z</time>
      </trkpt>
      <trkpt lat="50.748412" lon="2.250423">
        <ele>20.381351</ele>
        <time>2025-12-16T05:08:24.538Z</time>
      </trkpt>
      <trkpt lat="50.748216" lon="2.250907">
        <ele>20.671771</ele>
        <time>2025-12-16T05:08:35.806Z</time>
      </trkpt>
      <trkpt lat="50.748221" lon="2.251193">
        <ele>20.777619</ele>
        <time>2025-12-16T05:08:40.427Z</time>
      </trkpt>
      <trkpt lat="50.748194" lon="2.251368">
        <ele>20.748287</ele>
        <time>2025-12-16T05:08:43.227Z</time>
      </trkpt>
      <trkpt lat="50.748111" lon="2.251457">
        <ele>20.722473</ele>
        <time>2025-12-16T05:08:45.650Z</time>
      </trkpt>
      <trkpt lat="50.748029" lon="2.251576">
        <ele>20.693821</ele>
        <time>2025-12-16T05:08:48.424Z</time>
      </trkpt>
      <trkpt lat="50.747720" lon="2.251898">
        <ele>20.598564</ele>
        <time>2025-12-16T05:08:58.202Z</time>
      </trkpt>
      <trkpt lat="50.747691" lon="2.251921">
        <ele>20.590213</ele>
        <time>2025-12-16T05:08:59.101Z</time>
      </trkpt>
      <trkpt lat="50.747548" lon="2.251994">
        <ele>20.551537</ele>
        <time>2025-12-16T05:09:03.248Z</time>
      </trkpt>
      <trkpt lat="50.747337" lon="2.251929">
        <ele>20.496211</ele>
        <time>2025-12-16T05:09:09.078Z</time>
      </trkpt>
      <trkpt lat="50.747240" lon="2.251947">
        <ele>20.471075</ele>
        <time>2025-12-16T05:09:11.694Z</time>
      </trkpt>
      <trkpt lat="50.747064" lon="2.252093">
        <ele>20.419917</ele>
        <time>2025-12-16T05:09:16.449Z</time>
      </trkpt>
      <trkpt lat="50.747044" lon="2.252163">
        <ele>20.407410</ele>
        <time>2025-12-16T05:09:17.578Z</time>
      </trkpt>
      <trkpt lat="50.747017" lon="2.252398">
        <ele>20.368515</ele>
        <time>2025-12-16T05:09:21.113Z</time>
      </trkpt>
      <trkpt lat="50.746932" lon="2.252640">
        <ele>20.328740</ele>
        <time>2025-12-16T05:09:25.379Z</time>
      </trkpt>
      <trkpt lat="50.746938" lon="2.252720">
        <ele>20.413561</ele>
        <time>2025-12-16T05:09:26.669Z</time>
      </trkpt>
      <trkpt lat="50.747074" lon="2.253240">
        <ele>21.005988</ele>
        <time>2025-12-16T05:09:37.177Z</time>
      </trkpt>
      <trkpt lat="50.747107" lon="2.253390">
        <ele>21.173195</ele>
        <time>2025-12-16T05:09:40.876Z</time>
      </trkpt>
      <trkpt lat="50.747110" lon="2.253535">
        <ele>21.325945</ele>
        <time>2025-12-16T05:09:44.586Z</time>
      </trkpt>
      <trkpt lat="50.747090" lon="2.253652">
        <ele>21.453548</ele>
        <time>2025-12-16T05:09:47.974Z</time>
      </trkpt>
      <trkpt lat="50.747070" lon="2.253722">
        <ele>21.534416</ele>
        <time>2025-12-16T05:09:50.197Z</time>
      </trkpt>
      <trkpt lat="50.747156" lon="2.253781">
        <ele>21.690421</ele>
        <time>2025-12-16T05:09:54.805Z</time>
      </trkpt>
      <trkpt lat="50.747372" lon="2.253850">
        <ele>22.057112</ele>
        <time>2025-12-16T05:10:04.694Z</time>
      </trkpt>
      <trkpt lat="50.747398" lon="2.253908">
        <ele>22.131951</ele>
        <time>2025-12-16T05:10:06.618Z</time>
      </trkpt>
      <trkpt lat="50.748100" lon="2.253522">
        <ele>23.280536</ele>
        <time>2025-12-16T05:10:34.332Z</time>
      </trkpt>
      <trkpt lat="50.748590" lon="2.253423">
        <ele>22.699112</ele>
        <time>2025-12-16T05:10:50.405Z</time>
      </trkpt>
      <trkpt lat="50.748608" lon="2.253482">
        <ele>22.650333</ele>
        <time>2025-12-16T05:10:51.507Z</time>
      </trkpt>
      <trkpt lat="50.748546" lon="2.253827">
        <ele>22.383243</ele>
        <time>2025-12-16T05:10:57.174Z</time>
      </trkpt>
      <trkpt lat="50.748364" lon="2.254155">
        <ele>22.058351</ele>
        <time>2025-12-16T05:11:03.340Z</time>
      </trkpt>
      <trkpt lat="50.748399" lon="2.254297">
        <ele>21.944860</ele>
        <time>2025-12-16T05:11:06.035Z</time>
      </trkpt>
      <trkpt lat="50.748375" lon="2.255427">
        <ele>20.955098</ele>
        <time>2025-12-16T05:11:25.453Z</time>
      </trkpt>
      <trkpt lat="50.748375" lon="2.255582">
        <ele>20.664247</ele>
        <time>2025-12-16T05:11:28.092Z</time>
      </trkpt>
      <trkpt lat="50.748307" lon="2.255681">
        <ele>20.390058</ele>
        <time>2025-12-16T05:11:30.541Z</time>
      </trkpt>
      <trkpt lat="50.748345" lon="2.255761">
        <ele>20.202348</ele>
        <time>2025-12-16T05:11:31.855Z</time>
      </trkpt>
      <trkpt lat="50.748688" lon="2.256947">
        <ele>17.755415</ele>
        <time>2025-12-16T05:11:48.671Z</time>
      </trkpt>
      <trkpt lat="50.748840" lon="2.257512">
        <ele>16.603369</ele>
        <time>2025-12-16T05:11:56.910Z</time>
      </trkpt>
      <trkpt lat="50.748871" lon="2.257627">
        <ele>16.368811</ele>
        <time>2025-12-16T05:11:58.588Z</time>
      </trkpt>
      <trkpt lat="50.749043" lon="2.258361">
        <ele>15.126003</ele>
        <time>2025-12-16T05:12:09.373Z</time>
      </trkpt>
      <trkpt lat="50.749130" lon="2.258986">
        <ele>14.206078</ele>
        <time>2025-12-16T05:12:17.947Z</time>
      </trkpt>
      <trkpt lat="50.749164" lon="2.259464">
        <ele>13.514625</ele>
        <time>2025-12-16T05:12:24.504Z</time>
      </trkpt>
      <trkpt lat="50.749239" lon="2.260087">
        <ele>12.602997</ele>
        <time>2025-12-16T05:12:33.333Z</time>
      </trkpt>
      <trkpt lat="50.749297" lon="2.260361">
        <ele>12.187664</ele>
        <time>2025-12-16T05:12:37.466Z</time>
      </trkpt>
      <trkpt lat="50.749511" lon="2.261120">
        <ele>11.054146</ele>
        <time>2025-12-16T05:12:49.186Z</time>
      </trkpt>
      <trkpt lat="50.749553" lon="2.261232">
        <ele>10.881505</ele>
        <time>2025-12-16T05:12:50.915Z</time>
      </trkpt>
      <trkpt lat="50.749720" lon="2.261639">
        <ele>10.238258</ele>
        <time>2025-12-16T05:12:57.406Z</time>
      </trkpt>
      <trkpt lat="50.749873" lon="2.261928">
        <ele>9.738580</ele>
        <time>2025-12-16T05:13:02.246Z</time>
      </trkpt>
      <trkpt lat="50.750128" lon="2.262429">
        <ele>8.885965</ele>
        <time>2025-12-16T05:13:10.791Z</time>
      </trkpt>
      <trkpt lat="50.750159" lon="2.262508">
        <ele>8.762698</ele>
        <time>2025-12-16T05:13:12.064Z</time>
      </trkpt>
      <trkpt lat="50.750288" lon="2.262861">
        <ele>8.222149</ele>
        <time>2025-12-16T05:13:17.525Z</time>
      </trkpt>
      <trkpt lat="50.750318" lon="2.262944">
        <ele>8.095397</ele>
        <time>2025-12-16T05:13:18.871Z</time>
      </trkpt>
      <trkpt lat="50.750377" lon="2.263097">
        <ele>7.967437</ele>
        <time>2025-12-16T05:13:21.416Z</time>
      </trkpt>
      <trkpt lat="50.750429" lon="2.263241">
        <ele>7.906061</ele>
        <time>2025-12-16T05:13:23.769Z</time>
      </trkpt>
      <trkpt lat="50.750566" lon="2.263621">
        <ele>7.744161</ele>
        <time>2025-12-16T05:13:30.080Z</time>
      </trkpt>
      <trkpt lat="50.750545" lon="2.263704">
        <ele>7.711071</ele>
        <time>2025-12-16T05:13:31.374Z</time>
      </trkpt>
      <trkpt lat="50.750458" lon="2.263786">
        <ele>7.651807</ele>
        <time>2025-12-16T05:13:33.721Z</time>
      </trkpt>
      <trkpt lat="50.750569" lon="2.264329">
        <ele>7.440573</ele>
        <time>2025-12-16T05:13:43.248Z</time>
      </trkpt>
      <trkpt lat="50.750530" lon="2.264444">
        <ele>7.392273</ele>
        <time>2025-12-16T05:13:45.527Z</time>
      </trkpt>
      <trkpt lat="50.750553" lon="2.264654">
        <ele>7.313381</ele>
        <time>2025-12-16T05:13:49.355Z</time>
      </trkpt>
      <trkpt lat="50.750577" lon="2.264864">
        <ele>7.234387</ele>
        <time>2025-12-16T05:13:53.301Z</time>
      </trkpt>
      <trkpt lat="50.750604" lon="2.264922">
        <ele>7.207732</ele>
        <time>2025-12-16T05:13:54.655Z</time>
      </trkpt>
      <trkpt lat="50.750648" lon="2.265105">
        <ele>7.135264</ele>
        <time>2025-12-16T05:13:58.343Z</time>
      </trkpt>
      <trkpt lat="50.750851" lon="2.265625">
        <ele>6.939611</ele>
        <time>2025-12-16T05:14:09.351Z</time>
      </trkpt>
      <trkpt lat="50.750913" lon="2.265607">
        <ele>6.925953</ele>
        <time>2025-12-16T05:14:11.065Z</time>
      </trkpt>
      <trkpt lat="50.751181" lon="2.265529">
        <ele>6.866912</ele>
        <time>2025-12-16T05:14:18.697Z</time>
      </trkpt>
      <trkpt lat="50.751254" lon="2.266036">
        <ele>6.795637</ele>
        <time>2025-12-16T05:14:27.659Z</time>
      </trkpt>
      <trkpt lat="50.751300" lon="2.266173">
        <ele>6.774376</ele>
        <time>2025-12-16T05:14:30.324Z</time>
      </trkpt>
      <trkpt lat="50.751328" lon="2.266273">
        <ele>6.759386</ele>
        <time>2025-12-16T05:14:32.090Z</time>
      </trkpt>
      <trkpt lat="50.751347" lon="2.266357">
        <ele>6.747158</ele>
        <time>2025-12-16T05:14:33.641Z</time>
      </trkpt>
      <trkpt lat="50.751363" lon="2.266429">
        <ele>6.736697</ele>
        <time>2025-12-16T05:14:34.933Z</time>
      </trkpt>
      <trkpt lat="50.751464" lon="2.266933">
        <ele>6.664227</ele>
        <time>2025-12-16T05:14:43.800Z</time>
      </trkpt>
      <trkpt lat="50.751511" lon="2.267072">
        <ele>6.642623</ele>
        <time>2025-12-16T05:14:46.577Z</time>
      </trkpt>
      <trkpt lat="50.751590" lon="2.267019">
        <ele>6.624029</ele>
        <time>2025-12-16T05:14:48.767Z</time>
      </trkpt>
      <trkpt lat="50.751543" lon="2.266894">
        <ele>6.604096</ele>
        <time>2025-12-16T05:14:51.207Z</time>
      </trkpt>
      <trkpt lat="50.751660" lon="2.266611">
        <ele>6.567870</ele>
        <time>2025-12-16T05:14:56.506Z</time>
      </trkpt>
      <trkpt lat="50.752055" lon="2.265715">
        <ele>6.567870</ele>
        <time>2025-12-16T05:15:13.960Z</time>
      </trkpt>
      <trkpt lat="50.752103" lon="2.265602">
        <ele>6.567870</ele>
        <time>2025-12-16T05:15:16.214Z</time>
      </trkpt>
      <trkpt lat="50.752277" lon="2.265196">
        <ele>6.567870</ele>
        <time>2025-12-16T05:15:24.539Z</time>
      </trkpt>
      <trkpt lat="50.752326" lon="2.265140">
        <ele>6.567870</ele>
        <time>2025-12-16T05:15:26.167Z</time>
      </trkpt>
      <trkpt lat="50.752349" lon="2.265235">
        <ele>6.567870</ele>
        <time>2025-12-16T05:15:27.993Z</time>
      </trkpt>
      <trkpt lat="50.752417" lon="2.265472">
        <ele>6.567870</ele>
        <time>2025-12-16T05:15:32.393Z</time>
      </trkpt>
      <trkpt lat="50.752560" lon="2.265725">
        <ele>6.567870</ele>
        <time>2025-12-16T05:15:37.897Z</time>
      </trkpt>
      <trkpt lat="50.752585" lon="2.265683">
        <ele>6.567870</ele>
        <time>2025-12-16T05:15:39.126Z</time>
      </trkpt>
      <trkpt lat="50.752713" lon="2.265803">
        <ele>6.567870</ele>
        <time>2025-12-16T05:15:42.679Z</time>
      </trkpt>
    </trkseg>
  </trk>
</gpx>